t_s,vrms,irms,power,event,event_t_s,delta_va,direction,cluster,fragments
1.019715,0.000015,0.0014,0.3326,0,,,,,
2.020433,0.000015,0.0014,0.3297,0,,,,,
3.020649,0.000014,0.0013,0.3058,0,,,,,
4.019706,0.000015,0.0014,0.3206,0,,,,,
5.019922,0.000014,0.0013,0.3069,0,,,,,
6.020138,0.000014,0.0013,0.3051,0,,,,,
7.020358,0.000014,0.0013,0.3043,0,,,,,
8.020574,0.000014,0.0012,0.2938,0,,,,,
9.019631,0.000013,0.0012,0.2906,0,,,,,
10.019847,0.000014,0.0013,0.3131,0,,,,,
11.020063,0.000014,0.0013,0.3010,0,,,,,
12.020283,0.000014,0.0013,0.2990,0,,,,,
13.020499,0.000014,0.0013,0.3075,0,,,,,
14.019552,0.000014,0.0013,0.3075,0,,,,,
15.019772,0.000014,0.0013,0.3043,0,,,,,
16.019987,0.000015,0.0013,0.3160,0,,,,,
17.020205,0.000014,0.0013,0.3068,0,,,,,
18.020424,0.000014,0.0013,0.3011,0,,,,,
19.020639,0.000015,0.0013,0.3192,0,,,,,
20.019691,0.000014,0.0012,0.2947,0,,,,,
21.019913,0.000014,0.0013,0.2994,0,,,,,
22.020128,0.000014,0.0013,0.2967,0,,,,,
23.020344,0.000014,0.0013,0.3080,0,,,,,
24.020563,0.024727,2.2686,537.0892,0,,,,,
25.019617,0.036766,3.3731,798.5807,0,,,,,
26.019835,0.037079,3.4018,805.3829,0,,,,,
27.020054,0.036267,3.3274,787.7520,0,,,,,
28.020269,0.036753,3.3719,798.2981,0,,,,,
29.020487,0.037090,3.4028,805.6194,0,,,,,
30.019545,0.036231,3.3240,786.9574,1,24.020563,796.9372,1,-1,1
31.019922,0.036927,3.3879,802.0801,0,,,,,
32.020138,0.036820,3.3781,799.7662,0,,,,,
33.020359,0.036222,3.3232,786.7787,0,,,,,
34.020576,0.037057,3.3999,804.9147,0,,,,,
35.019630,0.036831,3.3791,800.0044,0,,,,,
36.019848,0.036210,3.3221,786.4980,0,,,,,
37.020065,0.037015,3.3959,803.9911,0,,,,,
38.020283,0.036785,3.3748,798.9933,0,,,,,
39.020500,0.036253,3.3260,787.4402,0,,,,,
40.019550,0.037129,3.4065,806.4777,0,,,,,
41.019772,0.036564,3.3546,794.1959,0,,,,,
42.019989,0.036369,3.3367,789.9573,0,,,,,
43.020203,0.037124,3.4060,806.3704,0,,,,,
44.020424,0.036131,3.3149,784.7969,0,,,,,
45.020641,0.036659,3.3633,796.2625,0,,,,,
46.019691,0.036864,3.3821,800.7048,0,,,,,
47.019913,0.036012,3.3039,782.2048,0,,,,,
48.020126,0.036939,3.3890,802.3340,0,,,,,
49.020344,0.036102,3.3122,784.1574,0,,,,,
50.020565,0.036630,3.3606,795.6261,0,,,,,
51.019615,0.023867,2.1897,518.4144,0,,,,,
52.019833,0.000086,0.0078,1.8581,0,,,,,
53.020058,0.000039,0.0036,0.8532,0,,,,,
54.020271,0.000020,0.0019,0.4442,0,,,,,
55.020489,0.000016,0.0014,0.3392,0,,,,,
56.019543,0.000014,0.0013,0.3050,0,,,,,
57.019760,0.000014,0.0013,0.3017,1,51.019615,792.9874,-1,-1,1
58.019978,0.000013,0.0012,0.2913,0,,,,,
59.020195,0.000014,0.0013,0.3026,0,,,,,
60.020412,0.000014,0.0013,0.3080,0,,,,,
61.020634,0.000014,0.0012,0.2947,0,,,,,
62.019684,0.000014,0.0013,0.2990,0,,,,,
63.019901,0.000014,0.0013,0.2978,0,,,,,
64.020119,0.000014,0.0013,0.3060,0,,,,,
65.020332,0.000014,0.0013,0.3129,0,,,,,
66.020554,0.000014,0.0012,0.2957,0,,,,,
67.019608,0.000013,0.0012,0.2815,0,,,,,
68.019821,0.000014,0.0012,0.2949,0,,,,,
69.020042,0.000014,0.0013,0.2969,0,,,,,
70.020264,0.000013,0.0012,0.2896,0,,,,,
71.020477,0.000014,0.0013,0.3015,0,,,,,
72.019531,0.000014,0.0013,0.2976,0,,,,,
73.019753,0.000014,0.0013,0.3082,0,,,,,
74.019966,0.000014,0.0013,0.3002,0,,,,,
75.020187,0.000014,0.0013,0.3068,0,,,,,
76.020401,0.000014,0.0013,0.2963,0,,,,,
77.020615,0.000014,0.0013,0.3037,0,,,,,
78.019669,0.000014,0.0013,0.3016,0,,,,,
79.019890,0.000014,0.0013,0.3081,0,,,,,
80.020103,0.000014,0.0013,0.3049,0,,,,,
81.020317,0.000014,0.0013,0.3068,0,,,,,
82.020546,0.000013,0.0012,0.2849,0,,,,,
83.019600,0.000014,0.0013,0.3068,0,,,,,
84.019806,0.000014,0.0013,0.2981,0,,,,,
85.020035,0.000014,0.0012,0.2937,0,,,,,
86.020248,0.000013,0.0012,0.2918,0,,,,,
87.020462,0.000014,0.0013,0.3083,0,,,,,
88.019524,0.000014,0.0013,0.2999,0,,,,,
89.019737,0.000014,0.0013,0.3050,0,,,,,
90.019958,0.000013,0.0012,0.2929,0,,,,,
91.020180,0.000013,0.0012,0.2869,0,,,,,
92.020393,0.000014,0.0013,0.3066,0,,,,,
93.020607,0.000014,0.0013,0.3056,0,,,,,
94.019661,0.000014,0.0012,0.2935,0,,,,,
95.019882,0.000014,0.0013,0.3015,0,,,,,
96.020096,0.000013,0.0012,0.2903,0,,,,,
97.020309,0.000014,0.0013,0.3047,0,,,,,
98.020531,0.000014,0.0013,0.2961,0,,,,,
99.019585,0.000014,0.0013,0.2976,0,,,,,
100.019798,0.000014,0.0013,0.3138,0,,,,,
101.020020,0.000014,0.0013,0.3050,0,,,,,
102.020241,0.000014,0.0013,0.2990,0,,,,,
103.020454,0.000015,0.0013,0.3164,0,,,,,
104.019501,0.000014,0.0012,0.2950,0,,,,,
107.020157,0.000013,0.0012,0.2913,0,,,,,
108.020386,0.000014,0.0013,0.3006,0,,,,,
109.020592,0.000014,0.0013,0.3030,0,,,,,
110.019646,0.000014,0.0013,0.3030,0,,,,,
111.019875,0.000013,0.0012,0.2921,0,,,,,
112.020088,0.000014,0.0013,0.3015,0,,,,,
113.020302,0.000014,0.0013,0.3007,0,,,,,
114.020523,0.000013,0.0012,0.2930,0,,,,,
115.019577,0.000014,0.0012,0.2953,0,,,,,
116.019791,0.000014,0.0013,0.3030,0,,,,,
117.020004,0.000014,0.0013,0.3071,0,,,,,
118.020226,0.000014,0.0013,0.3014,0,,,,,
119.020447,0.000014,0.0012,0.2950,0,,,,,
120.019493,0.000013,0.0012,0.2871,0,,,,,
121.019714,0.000014,0.0013,0.3025,0,,,,,
122.019936,0.000014,0.0013,0.2964,0,,,,,
123.020149,0.000014,0.0013,0.3019,0,,,,,
124.020370,0.000014,0.0013,0.3005,0,,,,,
125.020584,0.000014,0.0013,0.3022,0,,,,,
126.019638,0.000014,0.0013,0.3091,0,,,,,
127.019859,0.000014,0.0013,0.3081,0,,,,,
128.020081,0.000014,0.0013,0.3065,0,,,,,
129.020294,0.000014,0.0013,0.3035,0,,,,,
130.020508,0.000014,0.0013,0.2966,0,,,,,
131.019562,0.000014,0.0013,0.3078,0,,,,,
132.019791,0.000013,0.0012,0.2889,0,,,,,
133.020004,0.000013,0.0012,0.2884,0,,,,,
134.020218,0.000014,0.0012,0.2938,0,,,,,
135.020432,0.000014,0.0013,0.2983,0,,,,,
136.020660,0.000014,0.0013,0.3011,0,,,,,
137.019714,0.000014,0.0013,0.3040,0,,,,,
138.019913,0.000014,0.0013,0.3068,0,,,,,
139.020142,0.000014,0.0013,0.3027,0,,,,,
140.020355,0.000013,0.0012,0.2862,0,,,,,
141.020569,0.000014,0.0013,0.3039,0,,,,,
142.019638,0.000014,0.0013,0.3010,0,,,,,
143.019836,0.000014,0.0013,0.2981,0,,,,,
144.020065,0.000014,0.0013,0.3101,0,,,,,
145.020294,0.000014,0.0013,0.3074,0,,,,,
146.020493,0.000014,0.0013,0.3063,0,,,,,
147.019547,0.000014,0.0013,0.3049,0,,,,,
148.019775,0.000014,0.0012,0.2949,0,,,,,
149.019989,0.000014,0.0013,0.3005,0,,,,,
150.020203,0.000014,0.0013,0.3074,0,,,,,
151.020416,0.000014,0.0012,0.2942,0,,,,,
152.020645,0.000014,0.0013,0.3054,0,,,,,
153.019699,0.000014,0.0012,0.2934,0,,,,,
154.019913,0.000013,0.0012,0.2875,0,,,,,
155.020126,0.000014,0.0013,0.3029,0,,,,,
156.020355,0.000013,0.0012,0.2882,0,,,,,
157.020554,0.000014,0.0013,0.3076,0,,,,,
158.019623,0.000014,0.0013,0.2985,0,,,,,
159.019836,0.000014,0.0013,0.3000,0,,,,,
160.020050,0.000014,0.0013,0.3017,0,,,,,
161.020279,0.000014,0.0013,0.3056,0,,,,,
162.020477,0.000014,0.0013,0.2970,0,,,,,
163.019531,0.000014,0.0012,0.2954,0,,,,,
164.019760,0.000013,0.0012,0.2910,0,,,,,
165.019974,0.000014,0.0013,0.2990,0,,,,,
166.020187,0.000014,0.0013,0.3096,0,,,,,
167.020416,0.000013,0.0012,0.2905,0,,,,,
168.020630,0.000014,0.0013,0.3037,0,,,,,
169.019684,0.000014,0.0013,0.3080,0,,,,,
170.019897,0.000014,0.0013,0.3040,0,,,,,
171.020126,0.000014,0.0013,0.3032,0,,,,,
172.020340,0.000014,0.0013,0.3009,0,,,,,
173.020538,0.000014,0.0013,0.3039,0,,,,,
174.019623,0.000014,0.0013,0.3020,0,,,,,
175.019821,0.000014,0.0013,0.3117,0,,,,,
176.020050,0.000014,0.0013,0.3054,0,,,,,
177.020248,0.000014,0.0013,0.3124,0,,,,,
178.020477,0.000014,0.0013,0.3107,0,,,,,
179.019531,0.000014,0.0012,0.2953,0,,,,,
180.019745,0.000014,0.0013,0.3149,0,,,,,
181.019974,0.000014,0.0013,0.3029,0,,,,,
182.020172,0.000014,0.0012,0.2958,0,,,,,
183.020401,0.000014,0.0013,0.3043,0,,,,,
184.020630,0.000014,0.0013,0.3041,0,,,,,
185.019669,0.000014,0.0013,0.3015,0,,,,,
186.019882,0.000014,0.0013,0.3075,0,,,,,
187.020111,0.000013,0.0012,0.2907,0,,,,,
188.020325,0.000014,0.0013,0.3106,0,,,,,
189.020538,0.000014,0.0013,0.3069,0,,,,,
190.019608,0.000014,0.0013,0.3064,0,,,,,
191.019806,0.000014,0.0012,0.2949,0,,,,,
192.020035,0.000014,0.0013,0.3056,0,,,,,
193.020248,0.000014,0.0013,0.3017,0,,,,,
194.020462,0.000014,0.0013,0.2976,0,,,,,
195.019516,0.000014,0.0013,0.2975,0,,,,,
196.019745,0.000014,0.0013,0.3048,0,,,,,
197.019958,0.000014,0.0013,0.3038,0,,,,,
198.020172,0.000014,0.0013,0.3000,0,,,,,
199.020386,0.000014,0.0013,0.3029,0,,,,,
200.020615,0.000014,0.0013,0.2991,0,,,,,
201.019669,0.000014,0.0013,0.3021,0,,,,,
202.019867,0.000014,0.0013,0.3137,0,,,,,
203.020096,0.000014,0.0013,0.3075,0,,,,,
204.020325,0.000014,0.0013,0.2992,0,,,,,
205.020523,0.000014,0.0013,0.2992,0,,,,,
206.019577,0.000014,0.0013,0.3072,0,,,,,
207.019806,0.000015,0.0013,0.3184,0,,,,,
208.020020,0.000013,0.0012,0.2889,0,,,,,
209.020233,0.000014,0.0013,0.3052,0,,,,,
210.020447,0.000014,0.0013,0.3012,0,,,,,
211.019501,0.000014,0.0013,0.3002,0,,,,,
212.019730,0.000014,0.0013,0.2994,0,,,,,
213.019943,0.000014,0.0013,0.3089,0,,,,,
214.020157,0.000014,0.0013,0.3025,0,,,,,
215.020386,0.000014,0.0013,0.2988,0,,,,,
216.020599,0.000014,0.0013,0.3009,0,,,,,
217.019653,0.000014,0.0012,0.2959,0,,,,,
218.019867,0.000013,0.0012,0.2932,0,,,,,
219.020081,0.000014,0.0013,0.3042,0,,,,,
220.020309,0.000014,0.0013,0.3113,0,,,,,
221.020523,0.000013,0.0012,0.2928,0,,,,,
222.019562,0.000014,0.0013,0.2995,0,,,,,
223.019791,0.000014,0.0012,0.2949,0,,,,,
224.020020,0.000014,0.0013,0.3065,0,,,,,
225.020218,0.000014,0.0013,0.2992,0,,,,,
226.020447,0.000014,0.0013,0.3008,0,,,,,
227.019501,0.000014,0.0013,0.3018,0,,,,,
228.019714,0.000014,0.0013,0.3075,0,,,,,
229.019943,0.000014,0.0013,0.2968,0,,,,,
230.020142,0.000014,0.0013,0.3137,0,,,,,
231.020370,0.000014,0.0013,0.3143,0,,,,,
232.020599,0.000014,0.0013,0.2966,0,,,,,
233.019653,0.000014,0.0013,0.2996,0,,,,,
234.019852,0.000014,0.0012,0.2945,0,,,,,
235.020081,0.000013,0.0012,0.2927,0,,,,,
236.020294,0.000013,0.0012,0.2872,0,,,,,
237.020508,0.000014,0.0013,0.2972,0,,,,,
238.019562,0.000013,0.0012,0.2897,0,,,,,
239.019775,0.000014,0.0013,0.3093,0,,,,,
240.020004,0.000014,0.0013,0.3046,0,,,,,
241.020218,0.000014,0.0012,0.2958,0,,,,,
242.020432,0.000013,0.0012,0.2917,0,,,,,
243.020660,0.000014,0.0013,0.2972,0,,,,,
244.019714,0.000014,0.0012,0.2956,0,,,,,
245.019913,0.000013,0.0012,0.2831,0,,,,,
246.020142,0.000015,0.0013,0.3167,0,,,,,
247.020355,0.000014,0.0013,0.3047,0,,,,,
248.020569,0.000014,0.0013,0.3075,0,,,,,
249.019638,0.000014,0.0013,0.2961,0,,,,,
250.019836,0.000015,0.0013,0.3174,0,,,,,
251.020065,0.033287,3.0539,723.0177,0,,,,,
252.020294,0.036670,3.3643,796.4982,0,,,,,
253.020493,0.037132,3.4067,806.5432,0,,,,,
254.019547,0.036250,3.3257,787.3671,0,,,,,
255.019775,0.037322,3.4241,810.6627,0,,,,,
256.019989,0.036320,3.3322,788.8895,0,,,,,
257.020203,0.037049,3.3991,804.7381,1,251.020065,796.4958,1,-1,1
258.020416,0.036704,3.3674,797.2308,0,,,,,
259.020630,0.036669,3.3642,796.4686,0,,,,,
260.019684,0.037051,3.3993,804.7844,0,,,,,
261.019928,0.036344,3.3344,789.4257,0,,,,,
262.020142,0.037216,3.4144,808.3505,0,,,,,
263.020355,0.036176,3.3190,785.7616,0,,,,,
264.020569,0.037271,3.4194,809.5493,0,,,,,
265.019623,0.036204,3.3215,786.3747,0,,,,,
266.019836,0.037154,3.4087,807.0212,0,,,,,
267.020050,0.034930,3.2047,758.7051,0,,,,,
268.020264,0.000067,0.0062,1.4660,0,,,,,
269.020477,0.000025,0.0023,0.5538,0,,,,,
270.019562,0.000016,0.0015,0.3522,0,,,,,
271.019745,0.000014,0.0013,0.3103,0,,,,,
272.019958,0.000014,0.0013,0.3041,0,,,,,
273.020203,0.000013,0.0012,0.2930,1,267.020050,800.1910,-1,1,1
274.020416,0.000014,0.0013,0.2994,0,,,,,
275.020630,0.000014,0.0013,0.2999,0,,,,,
276.019684,0.000014,0.0013,0.3025,0,,,,,
277.019897,0.000014,0.0013,0.2971,0,,,,,
278.020142,0.000013,0.0012,0.2892,0,,,,,
279.020355,0.000015,0.0013,0.3179,0,,,,,
280.020538,0.000014,0.0013,0.3121,0,,,,,
281.019623,0.000014,0.0013,0.3011,0,,,,,
282.019836,0.000013,0.0012,0.2919,0,,,,,
283.020020,0.000014,0.0013,0.3097,0,,,,,
284.020264,0.000014,0.0013,0.2987,0,,,,,
285.020477,0.000013,0.0012,0.2773,0,,,,,
286.019531,0.000014,0.0013,0.3024,0,,,,,
287.019745,0.000014,0.0013,0.2965,0,,,,,
288.019958,0.000014,0.0013,0.3050,0,,,,,
289.020203,0.000014,0.0013,0.2963,0,,,,,
290.020416,0.031044,2.8481,674.2953,0,,,,,
291.020599,0.037159,3.4092,807.1245,0,,,,,
292.019684,0.036211,3.3222,786.5267,0,,,,,
293.019897,0.037076,3.4016,805.3199,0,,,,,
294.020111,0.036334,3.3335,789.2001,0,,,,,
295.020325,0.036958,3.3908,802.7624,0,,,,,
296.020538,0.036528,3.3513,793.4188,1,290.020416,799.3577,1,1,1
297.019592,0.036695,3.3666,797.0424,0,,,,,
298.019806,0.036720,3.3689,797.5821,0,,,,,
299.020020,0.036492,3.3480,792.6372,0,,,,,
300.020264,0.036847,3.3805,800.3429,0,,,,,
301.020477,0.036391,3.3387,790.4358,0,,,,,
302.019531,0.037001,3.3946,803.6795,0,,,,,
303.019745,0.036303,3.3306,788.5287,0,,,,,
304.019958,0.036961,3.3910,802.8152,0,,,,,
305.020172,0.036286,3.3291,788.1637,0,,,,,
306.020386,0.036842,3.3801,800.2304,0,,,,,
307.020599,0.033403,3.0646,725.5383,0,,,,,
308.019653,0.000061,0.0056,1.3347,0,,,,,
309.019867,0.000023,0.0021,0.4963,0,,,,,
310.020111,0.000016,0.0015,0.3522,0,,,,,
311.020325,0.000013,0.0012,0.2917,0,,,,,
312.020538,0.000014,0.0013,0.2990,0,,,,,
313.019592,0.000013,0.0012,0.2918,1,307.020599,796.3418,-1,1,1
314.019806,0.000013,0.0012,0.2922,0,,,,,
315.020020,0.000013,0.0012,0.2930,0,,,,,
316.020233,0.000013,0.0012,0.2927,0,,,,,
317.020447,0.000014,0.0013,0.2961,0,,,,,
318.019531,0.000014,0.0013,0.3052,0,,,,,
319.019714,0.000013,0.0012,0.2884,0,,,,,
320.019928,0.000014,0.0013,0.3064,0,,,,,
321.020172,0.000013,0.0012,0.2878,0,,,,,
322.020386,0.000014,0.0013,0.3101,0,,,,,
323.020599,0.000014,0.0013,0.3026,0,,,,,
324.019653,0.000014,0.0013,0.2991,0,,,,,
325.019867,0.000013,0.0012,0.2835,0,,,,,
326.020111,0.000033,0.0030,0.7175,0,,,,,
327.020294,0.000039,0.0036,0.8489,0,,,,,
328.020508,0.000039,0.0036,0.8492,0,,,,,
329.019592,0.000039,0.0035,0.8374,0,,,,,
330.019806,0.000039,0.0036,0.8507,0,,,,,
331.019989,0.000039,0.0036,0.8553,0,,,,,
332.020233,0.000039,0.0036,0.8422,0,,,,,
333.020447,0.000039,0.0036,0.8428,0,,,,,
334.019501,0.000039,0.0036,0.8489,0,,,,,
335.019714,0.000040,0.0036,0.8599,0,,,,,
336.019928,0.000039,0.0035,0.8397,0,,,,,
337.020172,0.000039,0.0036,0.8470,0,,,,,
338.020355,0.000038,0.0035,0.8361,0,,,,,
339.020569,0.000040,0.0036,0.8630,0,,,,,
340.019653,0.000038,0.0035,0.8319,0,,,,,
341.019836,0.000039,0.0036,0.8544,0,,,,,
342.020050,0.000039,0.0035,0.8394,0,,,,,
343.020294,0.000039,0.0036,0.8405,0,,,,,
344.020508,0.000039,0.0036,0.8443,0,,,,,
345.019562,0.000039,0.0036,0.8508,0,,,,,
346.019775,0.000041,0.0037,0.8833,0,,,,,
347.019989,0.000039,0.0036,0.8431,0,,,,,
348.020233,0.000040,0.0036,0.8629,0,,,,,
351.019714,0.000040,0.0036,0.8593,0,,,,,
352.019928,0.000038,0.0035,0.8304,0,,,,,
353.020142,0.000040,0.0036,0.8613,0,,,,,
354.020355,0.000039,0.0036,0.8546,0,,,,,
355.020569,0.000040,0.0036,0.8608,0,,,,,
356.019623,0.000039,0.0036,0.8578,0,,,,,
357.019836,0.000039,0.0036,0.8428,0,,,,,
358.020050,0.000040,0.0037,0.8660,0,,,,,
359.020294,0.000038,0.0035,0.8295,0,,,,,
360.020508,0.000040,0.0036,0.8607,0,,,,,
361.019562,0.000039,0.0036,0.8521,0,,,,,
362.019775,0.000040,0.0036,0.8599,0,,,,,
363.019989,0.000040,0.0037,0.8656,0,,,,,
364.020203,0.000039,0.0036,0.8574,0,,,,,
365.020416,0.000040,0.0036,0.8591,0,,,,,
366.020630,0.000039,0.0036,0.8495,0,,,,,
367.019684,0.000040,0.0036,0.8596,0,,,,,
368.019897,0.000040,0.0037,0.8675,0,,,,,
369.020142,0.000040,0.0037,0.8700,0,,,,,
370.020355,0.000039,0.0036,0.8478,0,,,,,
371.020569,0.000040,0.0037,0.8735,0,,,,,
372.019623,0.000039,0.0036,0.8567,0,,,,,
373.019836,0.000040,0.0037,0.8700,0,,,,,
374.020050,0.000039,0.0036,0.8480,0,,,,,
375.020264,0.000040,0.0037,0.8649,0,,,,,
376.020477,0.000039,0.0035,0.8395,0,,,,,
377.019562,0.000040,0.0037,0.8646,0,,,,,
378.019745,0.000039,0.0036,0.8508,0,,,,,
379.019958,0.000040,0.0037,0.8670,0,,,,,
380.020203,0.000039,0.0035,0.8377,0,,,,,
381.020416,0.000040,0.0037,0.8676,0,,,,,
382.020630,0.000039,0.0036,0.8463,0,,,,,
383.019684,0.000040,0.0036,0.8581,0,,,,,
384.019897,0.000039,0.0036,0.8449,0,,,,,
385.020142,0.000039,0.0036,0.8570,0,,,,,
386.020355,0.000040,0.0037,0.8656,0,,,,,
387.020538,0.000039,0.0035,0.8395,0,,,,,
388.019623,0.000039,0.0036,0.8574,0,,,,,
389.019836,0.000039,0.0036,0.8462,0,,,,,
390.020020,0.000040,0.0037,0.8649,0,,,,,
391.020264,0.000039,0.0036,0.8579,0,,,,,
392.020477,0.000040,0.0036,0.8604,0,,,,,
393.019531,0.000040,0.0036,0.8631,0,,,,,
394.019745,0.000040,0.0036,0.8605,0,,,,,
395.019958,0.000039,0.0036,0.8521,0,,,,,
396.020203,0.000040,0.0037,0.8672,0,,,,,
397.020416,0.000040,0.0036,0.8600,0,,,,,
398.020599,0.000039,0.0036,0.8538,0,,,,,
399.019684,0.000039,0.0036,0.8516,0,,,,,
400.019897,0.000040,0.0037,0.8717,0,,,,,
401.020111,0.000039,0.0035,0.8370,0,,,,,
402.020325,0.000040,0.0037,0.8777,0,,,,,
403.020538,0.000038,0.0035,0.8329,0,,,,,
404.019592,0.000040,0.0037,0.8666,0,,,,,
405.019806,0.000039,0.0036,0.8564,0,,,,,
406.020020,0.000040,0.0037,0.8745,0,,,,,
407.020264,0.000039,0.0036,0.8511,0,,,,,
408.020477,0.000040,0.0037,0.8745,0,,,,,
409.019531,0.000039,0.0036,0.8416,0,,,,,
410.019745,0.000040,0.0037,0.8738,0,,,,,
411.019958,0.000027,0.0024,0.5769,0,,,,,
412.020172,0.000014,0.0013,0.2991,0,,,,,
413.020386,0.000014,0.0013,0.2964,0,,,,,
414.020599,0.000014,0.0013,0.3023,0,,,,,
415.019653,0.000014,0.0013,0.3005,0,,,,,
416.019867,0.000014,0.0013,0.2997,0,,,,,
417.020111,0.000013,0.0012,0.2919,0,,,,,
418.020325,0.000014,0.0013,0.3022,0,,,,,
419.020538,0.000014,0.0013,0.3126,0,,,,,
420.019592,0.000013,0.0012,0.2902,0,,,,,
421.019806,0.000014,0.0013,0.3052,0,,,,,
422.020020,0.000014,0.0013,0.2982,0,,,,,
423.020233,0.000015,0.0013,0.3175,0,,,,,
424.020447,0.000014,0.0012,0.2958,0,,,,,
425.019531,0.000013,0.0012,0.2910,0,,,,,
426.019714,0.000013,0.0012,0.2856,0,,,,,
427.019928,0.000013,0.0012,0.2930,0,,,,,
428.020172,0.000014,0.0013,0.3078,0,,,,,
429.020386,0.000014,0.0013,0.2975,0,,,,,
430.020599,0.000014,0.0013,0.3065,0,,,,,
431.019653,0.000014,0.0013,0.2985,0,,,,,
432.019867,0.000014,0.0012,0.2936,0,,,,,
433.020111,0.000014,0.0013,0.2963,0,,,,,
434.020294,0.000014,0.0013,0.3042,0,,,,,
435.020508,0.000014,0.0013,0.3068,0,,,,,
436.019592,0.000014,0.0013,0.3041,0,,,,,
437.019806,0.000014,0.0013,0.2976,0,,,,,
438.019989,0.000014,0.0013,0.3016,0,,,,,
439.020233,0.000013,0.0012,0.2883,0,,,,,
440.020447,0.000014,0.0013,0.2961,0,,,,,
441.019501,0.000014,0.0013,0.3041,0,,,,,
442.019714,0.000014,0.0013,0.2982,0,,,,,
443.019928,0.000014,0.0013,0.2997,0,,,,,
444.020172,0.000013,0.0012,0.2888,0,,,,,
445.020355,0.000014,0.0013,0.3064,0,,,,,
446.020569,0.000014,0.0013,0.3010,0,,,,,
447.019653,0.000014,0.0013,0.3093,0,,,,,
448.019836,0.000014,0.0012,0.2937,0,,,,,
449.020050,0.000013,0.0012,0.2904,0,,,,,
450.020294,0.000014,0.0013,0.2982,0,,,,,
451.020508,0.000014,0.0012,0.2948,0,,,,,
452.019562,0.000014,0.0013,0.2992,0,,,,,
453.019775,0.000014,0.0012,0.2955,0,,,,,
454.019989,0.000014,0.0013,0.3079,0,,,,,
455.020233,0.000013,0.0012,0.2909,0,,,,,
456.020447,0.000013,0.0012,0.2887,0,,,,,
457.020630,0.000013,0.0012,0.2917,0,,,,,
458.019714,0.000014,0.0013,0.3033,0,,,,,
459.019928,0.000013,0.0012,0.2898,0,,,,,
460.020142,0.000014,0.0013,0.2960,0,,,,,
461.020355,0.000014,0.0013,0.2993,0,,,,,
462.020569,0.000013,0.0012,0.2910,0,,,,,
463.019623,0.000014,0.0013,0.2994,0,,,,,
464.019836,0.000014,0.0013,0.2965,0,,,,,
465.020050,0.000014,0.0013,0.3000,0,,,,,
466.020294,0.000014,0.0013,0.3014,0,,,,,
467.020508,0.000014,0.0013,0.3033,0,,,,,
468.019562,0.000013,0.0012,0.2932,0,,,,,
469.019775,0.000013,0.0012,0.2931,0,,,,,
470.019989,0.000014,0.0012,0.2955,0,,,,,
471.020203,0.000014,0.0013,0.3046,0,,,,,
472.020416,0.000014,0.0013,0.2999,0,,,,,
473.020630,0.000014,0.0013,0.3020,0,,,,,
474.019684,0.000014,0.0013,0.3068,0,,,,,
475.019897,0.000013,0.0012,0.2808,0,,,,,
476.020142,0.000014,0.0013,0.3149,0,,,,,
477.020355,0.000014,0.0012,0.2939,0,,,,,
478.020569,0.000014,0.0013,0.3057,0,,,,,
479.019623,0.000013,0.0012,0.2848,0,,,,,
480.019836,0.000014,0.0013,0.3015,0,,,,,
481.020050,0.000013,0.0012,0.2843,0,,,,,
482.020264,0.000013,0.0012,0.2905,0,,,,,
483.020477,0.000014,0.0013,0.2972,0,,,,,
484.019562,0.000014,0.0013,0.3018,0,,,,,
485.019745,0.000014,0.0013,0.2989,0,,,,,
486.019958,0.000013,0.0012,0.2897,0,,,,,
487.020203,0.000014,0.0013,0.3136,0,,,,,
488.020416,0.000013,0.0012,0.2930,0,,,,,
489.020630,0.000014,0.0013,0.3053,0,,,,,
490.019684,0.000013,0.0012,0.2922,0,,,,,
491.019897,0.000014,0.0013,0.3101,0,,,,,
492.020142,0.000014,0.0013,0.2964,0,,,,,
493.020355,0.000014,0.0013,0.3023,0,,,,,
494.020538,0.000013,0.0012,0.2902,0,,,,,
495.019623,0.000014,0.0013,0.3008,0,,,,,
496.019836,0.000014,0.0013,0.2974,0,,,,,
497.020020,0.000013,0.0012,0.2908,0,,,,,
498.020264,0.000014,0.0013,0.3092,0,,,,,
499.020477,0.000013,0.0012,0.2932,0,,,,,
500.019531,0.000014,0.0013,0.2987,0,,,,,
501.019745,0.000014,0.0013,0.2967,0,,,,,
502.019958,0.000014,0.0013,0.2995,0,,,,,
503.020203,0.000014,0.0013,0.2966,0,,,,,
504.020416,0.000013,0.0012,0.2907,0,,,,,
505.020599,0.000014,0.0013,0.3012,0,,,,,
506.019684,0.000013,0.0012,0.2856,0,,,,,
507.019897,0.000014,0.0013,0.2965,0,,,,,
508.020111,0.000014,0.0013,0.3073,0,,,,,
509.020325,0.000014,0.0013,0.3025,0,,,,,
510.020538,0.000014,0.0013,0.2999,0,,,,,
511.019592,0.000014,0.0013,0.3057,0,,,,,
512.019836,0.000014,0.0013,0.2979,0,,,,,
513.020020,0.000014,0.0013,0.2989,0,,,,,
514.020264,0.000014,0.0013,0.2994,0,,,,,
515.020508,0.000013,0.0012,0.2821,0,,,,,
516.019531,0.000013,0.0012,0.2881,0,,,,,
517.019714,0.000013,0.0012,0.2868,0,,,,,
518.019958,0.000013,0.0012,0.2872,0,,,,,
519.020142,0.000013,0.0012,0.2853,0,,,,,
520.020386,0.000013,0.0012,0.2885,0,,,,,
521.020630,0.000013,0.0012,0.2929,0,,,,,
522.019653,0.000013,0.0012,0.2884,0,,,,,
523.019897,0.000014,0.0013,0.2992,0,,,,,
524.020081,0.000014,0.0013,0.2962,0,,,,,
525.020325,0.000014,0.0013,0.2989,0,,,,,
526.020569,0.000014,0.0012,0.2955,0,,,,,
527.019592,0.000014,0.0013,0.3106,0,,,,,
528.019836,0.000013,0.0012,0.2824,0,,,,,
529.020020,0.000014,0.0013,0.2991,0,,,,,
530.020203,0.000014,0.0013,0.2986,0,,,,,
531.020447,0.000014,0.0013,0.2960,0,,,,,
532.019531,0.000014,0.0013,0.2999,0,,,,,
533.019714,0.000014,0.0013,0.3072,0,,,,,
534.019958,0.000014,0.0013,0.3027,0,,,,,
535.020142,0.000013,0.0012,0.2894,0,,,,,
536.020386,0.000014,0.0013,0.3098,0,,,,,
537.020630,0.000013,0.0012,0.2897,0,,,,,
538.019653,0.000013,0.0012,0.2840,0,,,,,
539.019836,0.000014,0.0013,0.3029,0,,,,,
540.020081,0.000014,0.0013,0.3016,0,,,,,
541.020264,0.000014,0.0013,0.3036,0,,,,,
542.020569,0.000013,0.0012,0.2885,0,,,,,
543.019592,0.000014,0.0013,0.3076,0,,,,,
544.019775,0.000014,0.0013,0.3064,0,,,,,
545.020020,0.000013,0.0012,0.2906,0,,,,,
546.020203,0.000014,0.0013,0.3028,0,,,,,
547.020386,0.000014,0.0012,0.2936,0,,,,,
548.019531,0.000014,0.0012,0.2952,0,,,,,
549.019714,0.000014,0.0013,0.2988,0,,,,,
550.019897,0.000014,0.0013,0.2991,0,,,,,
551.020142,0.000014,0.0013,0.3094,0,,,,,
552.020325,0.000014,0.0013,0.3022,0,,,,,
553.020630,0.000014,0.0012,0.2954,0,,,,,
554.019653,0.000014,0.0013,0.2984,0,,,,,
555.019836,0.000014,0.0013,0.3025,0,,,,,
556.020081,0.000014,0.0012,0.2943,0,,,,,
557.020264,0.000014,0.0013,0.2985,0,,,,,
558.020508,0.000013,0.0012,0.2912,0,,,,,
559.019592,0.000014,0.0013,0.3103,0,,,,,
560.019775,0.000014,0.0013,0.3039,0,,,,,
561.019958,0.000014,0.0012,0.2933,0,,,,,
562.020203,0.000014,0.0013,0.2960,0,,,,,
563.020386,0.000014,0.0013,0.2971,0,,,,,
564.020691,0.000014,0.0013,0.3040,0,,,,,
565.019714,0.000013,0.0012,0.2843,0,,,,,
566.019897,0.000014,0.0013,0.2974,0,,,,,
567.020142,0.000013,0.0012,0.2922,0,,,,,
568.020325,0.000013,0.0012,0.2912,0,,,,,
569.020569,0.000014,0.0013,0.3006,0,,,,,
570.019653,0.000013,0.0012,0.2808,0,,,,,
571.019836,0.000014,0.0013,0.2991,0,,,,,
572.020020,0.000013,0.0012,0.2823,0,,,,,
573.020264,0.000013,0.0012,0.2871,0,,,,,
574.020508,0.000014,0.0012,0.2954,0,,,,,
575.019531,0.000014,0.0013,0.3092,0,,,,,
576.019775,0.000013,0.0012,0.2836,0,,,,,
577.019958,0.000014,0.0012,0.2948,0,,,,,
578.020203,0.000013,0.0012,0.2891,0,,,,,
579.020386,0.000014,0.0012,0.2957,0,,,,,
580.020630,0.000014,0.0012,0.2947,0,,,,,
581.019714,0.000013,0.0012,0.2910,0,,,,,
582.019897,0.000014,0.0013,0.3067,0,,,,,
583.020142,0.000014,0.0013,0.2978,0,,,,,
584.020325,0.000014,0.0013,0.2986,0,,,,,
585.020569,0.000013,0.0012,0.2875,0,,,,,
586.019653,0.000013,0.0012,0.2873,0,,,,,
587.019836,0.000013,0.0012,0.2901,0,,,,,
588.020020,0.000014,0.0012,0.2943,0,,,,,
589.020264,0.000014,0.0013,0.3093,0,,,,,
590.020508,0.000014,0.0012,0.2957,0,,,,,
591.019531,0.000014,0.0013,0.3017,0,,,,,
592.019775,0.000013,0.0012,0.2883,0,,,,,
593.019958,0.000014,0.0013,0.3072,0,,,,,
594.020203,0.000014,0.0013,0.3010,0,,,,,
595.020386,0.000014,0.0013,0.3038,0,,,,,
596.020630,0.000014,0.0013,0.3054,0,,,,,
597.019714,0.000014,0.0013,0.3104,0,,,,,
598.019897,0.000013,0.0012,0.2921,0,,,,,
599.020081,0.000014,0.0013,0.3054,0,,,,,
600.020325,0.000014,0.0013,0.2961,0,,,,,
601.020569,0.000014,0.0013,0.3068,0,,,,,
602.019592,0.000014,0.0013,0.3051,0,,,,,
603.019836,0.000014,0.0013,0.3138,0,,,,,
604.020020,0.000014,0.0012,0.2946,0,,,,,
605.020264,0.000013,0.0012,0.2878,0,,,,,
606.020508,0.000014,0.0013,0.3033,0,,,,,
607.019531,0.000013,0.0012,0.2858,0,,,,,
608.019775,0.000013,0.0012,0.2863,0,,,,,
609.019958,0.000014,0.0013,0.3128,0,,,,,
610.020142,0.000014,0.0013,0.3044,0,,,,,
611.020386,0.000014,0.0013,0.3027,0,,,,,
612.020630,0.000014,0.0012,0.2952,0,,,,,
613.019653,0.000014,0.0013,0.2969,0,,,,,
614.019897,0.000014,0.0013,0.3136,0,,,,,
615.020081,0.000014,0.0012,0.2935,0,,,,,
616.020325,0.000014,0.0013,0.3050,0,,,,,
617.020569,0.000014,0.0013,0.3001,0,,,,,
618.019592,0.000013,0.0012,0.2881,0,,,,,
619.019836,0.000014,0.0013,0.3120,0,,,,,
620.020020,0.000014,0.0013,0.3008,0,,,,,
621.020203,0.000014,0.0013,0.3051,0,,,,,
622.020508,0.000014,0.0013,0.2977,0,,,,,
623.019531,0.000014,0.0013,0.3110,0,,,,,
624.019714,0.000014,0.0013,0.3100,0,,,,,
625.019958,0.000014,0.0013,0.3030,0,,,,,
626.020142,0.000013,0.0012,0.2930,0,,,,,
627.020386,0.000015,0.0014,0.3208,0,,,,,
628.020630,0.000014,0.0013,0.3066,0,,,,,
629.019653,0.000014,0.0013,0.3039,0,,,,,
630.019897,0.000014,0.0013,0.3023,0,,,,,
631.020081,0.000014,0.0013,0.3009,0,,,,,
632.020264,0.000014,0.0012,0.2949,0,,,,,
633.020569,0.000013,0.0012,0.2904,0,,,,,
634.019592,0.000013,0.0012,0.2915,0,,,,,
635.019775,0.000014,0.0012,0.2945,0,,,,,
636.020020,0.000014,0.0013,0.2968,0,,,,,
637.020203,0.000014,0.0013,0.3077,0,,,,,
638.020508,0.000013,0.0012,0.2884,0,,,,,
639.019531,0.000014,0.0012,0.2952,0,,,,,
640.019714,0.000014,0.0013,0.3052,0,,,,,
641.019958,0.000013,0.0012,0.2888,0,,,,,
642.020142,0.000014,0.0013,0.3102,0,,,,,
643.020325,0.000014,0.0013,0.3016,0,,,,,
644.020630,0.000014,0.0013,0.2985,0,,,,,
645.019653,0.000014,0.0013,0.3135,0,,,,,
646.019836,0.000014,0.0013,0.2966,0,,,,,
647.020081,0.000014,0.0013,0.3054,0,,,,,
648.020264,0.000013,0.0012,0.2862,0,,,,,
649.020569,0.000013,0.0012,0.2929,0,,,,,
650.019592,0.000014,0.0012,0.2948,0,,,,,
651.019775,0.000014,0.0012,0.2947,0,,,,,
652.020020,0.000014,0.0013,0.3112,0,,,,,
653.020203,0.000013,0.0012,0.2847,0,,,,,
654.020386,0.000014,0.0013,0.3055,0,,,,,
655.019531,0.000014,0.0012,0.2944,0,,,,,
656.019714,0.000014,0.0013,0.2979,0,,,,,
657.019897,0.000013,0.0012,0.2913,0,,,,,
658.020142,0.000013,0.0012,0.2839,0,,,,,
659.020325,0.000013,0.0012,0.2885,0,,,,,
660.020630,0.000014,0.0013,0.2967,0,,,,,
661.019653,0.000014,0.0013,0.2978,0,,,,,
662.019836,0.000013,0.0012,0.2931,0,,,,,
663.020081,0.000014,0.0013,0.3068,0,,,,,
664.020264,0.000014,0.0013,0.3069,0,,,,,
665.020508,0.000014,0.0013,0.3093,0,,,,,
666.019592,0.000014,0.0013,0.2990,0,,,,,
667.019775,0.000014,0.0012,0.2953,0,,,,,
668.019958,0.000013,0.0012,0.2931,0,,,,,
669.020203,0.000014,0.0013,0.2971,0,,,,,
670.020386,0.000014,0.0013,0.3026,0,,,,,
671.020691,0.000013,0.0012,0.2877,0,,,,,
672.019714,0.000014,0.0013,0.3023,0,,,,,
673.019897,0.000013,0.0012,0.2853,0,,,,,
674.020142,0.000014,0.0013,0.2994,0,,,,,
675.020325,0.000014,0.0013,0.2985,0,,,,,
676.020569,0.000013,0.0012,0.2839,0,,,,,
677.019653,0.000013,0.0012,0.2852,0,,,,,
678.019836,0.000014,0.0013,0.2980,0,,,,,
679.020020,0.000013,0.0012,0.2829,0,,,,,
680.020264,0.000013,0.0012,0.2899,0,,,,,
681.020508,0.000013,0.0012,0.2893,0,,,,,
682.019592,0.000013,0.0012,0.2885,0,,,,,
683.019775,0.000013,0.0012,0.2912,0,,,,,
684.019958,0.000014,0.0012,0.2938,0,,,,,
685.020203,0.000014,0.0013,0.2976,0,,,,,
686.020386,0.000013,0.0012,0.2904,0,,,,,
687.020691,0.000013,0.0012,0.2839,0,,,,,
688.019714,0.000014,0.0013,0.3022,0,,,,,
689.019897,0.000013,0.0012,0.2885,0,,,,,
690.020142,0.000014,0.0013,0.2967,0,,,,,
693.019653,0.000014,0.0013,0.3008,0,,,,,
694.019836,0.000014,0.0013,0.2997,0,,,,,
695.020020,0.000013,0.0012,0.2914,0,,,,,
696.020264,0.000014,0.0013,0.3050,0,,,,,
697.020508,0.000013,0.0012,0.2898,0,,,,,
698.019531,0.000014,0.0013,0.3011,0,,,,,
699.019775,0.000014,0.0013,0.2995,0,,,,,
700.019958,0.000013,0.0012,0.2926,0,,,,,
701.020203,0.000014,0.0013,0.3068,0,,,,,
702.020386,0.000014,0.0013,0.2960,0,,,,,
703.020630,0.000013,0.0012,0.2905,0,,,,,
704.019714,0.000014,0.0013,0.3069,0,,,,,
705.019897,0.000013,0.0012,0.2903,0,,,,,
706.020081,0.000013,0.0012,0.2851,0,,,,,
707.020325,0.000014,0.0013,0.3056,0,,,,,
708.020569,0.000014,0.0013,0.3052,0,,,,,
709.019592,0.000014,0.0013,0.2999,0,,,,,
710.019836,0.000013,0.0012,0.2913,0,,,,,
711.020020,0.000014,0.0013,0.2985,0,,,,,
712.020264,0.000014,0.0013,0.2971,0,,,,,
713.020508,0.000014,0.0013,0.2996,0,,,,,
714.019531,0.000014,0.0012,0.2947,0,,,,,
715.019775,0.000013,0.0012,0.2932,0,,,,,
716.019958,0.000014,0.0013,0.3041,0,,,,,
717.020142,0.000014,0.0013,0.2966,0,,,,,
718.020386,0.000013,0.0012,0.2775,0,,,,,
719.020630,0.000014,0.0013,0.2991,0,,,,,
720.019653,0.000014,0.0013,0.2980,0,,,,,
721.019897,0.000014,0.0013,0.3062,0,,,,,
722.020081,0.000013,0.0012,0.2870,0,,,,,
723.020325,0.000013,0.0012,0.2875,0,,,,,
724.020569,0.000013,0.0012,0.2899,0,,,,,
725.019592,0.000014,0.0012,0.2945,0,,,,,
726.019836,0.000014,0.0013,0.2968,0,,,,,
727.020020,0.000014,0.0013,0.2991,0,,,,,
728.020203,0.000013,0.0012,0.2802,0,,,,,
729.020508,0.000013,0.0012,0.2926,0,,,,,
730.019531,0.000014,0.0013,0.2986,0,,,,,
731.019714,0.000014,0.0013,0.3031,0,,,,,
732.019958,0.000014,0.0013,0.3000,0,,,,,
733.020142,0.000014,0.0013,0.3062,0,,,,,
734.020386,0.000015,0.0014,0.3197,0,,,,,
735.020630,0.000014,0.0013,0.3136,0,,,,,
736.019653,0.000015,0.0014,0.3205,0,,,,,
737.019897,0.000014,0.0013,0.3054,0,,,,,
738.020081,0.000015,0.0014,0.3237,0,,,,,
739.020264,0.000014,0.0013,0.3085,0,,,,,
740.020569,0.000013,0.0012,0.2872,0,,,,,
741.019592,0.000014,0.0013,0.3095,0,,,,,
742.019775,0.000014,0.0013,0.2981,0,,,,,
743.020020,0.000014,0.0013,0.3084,0,,,,,
744.020203,0.000015,0.0013,0.3171,0,,,,,
745.020508,0.000014,0.0013,0.3094,0,,,,,
746.019531,0.000014,0.0013,0.3033,0,,,,,
747.019714,0.000015,0.0013,0.3170,0,,,,,
748.019958,0.000013,0.0012,0.2786,0,,,,,
749.020142,0.000014,0.0013,0.2998,0,,,,,
750.020325,0.000014,0.0013,0.3067,0,,,,,
751.020630,0.000014,0.0013,0.3072,0,,,,,
752.019653,0.000013,0.0012,0.2878,0,,,,,
753.019836,0.000013,0.0012,0.2873,0,,,,,
754.020081,0.000014,0.0013,0.3104,0,,,,,
755.020264,0.000014,0.0013,0.3133,0,,,,,
756.020569,0.000015,0.0013,0.3183,0,,,,,
757.019592,0.000014,0.0013,0.3006,0,,,,,
758.019775,0.000014,0.0013,0.3040,0,,,,,
759.020020,0.000014,0.0013,0.2975,0,,,,,
760.020203,0.000014,0.0012,0.2941,0,,,,,
761.020386,0.000013,0.0012,0.2876,0,,,,,
762.019531,0.000013,0.0012,0.2768,0,,,,,
763.019714,0.000014,0.0013,0.3038,0,,,,,
764.019897,0.000013,0.0012,0.2872,0,,,,,
765.020142,0.000014,0.0013,0.3074,0,,,,,
766.020325,0.000013,0.0012,0.2892,0,,,,,
767.020630,0.000013,0.0012,0.2890,0,,,,,
768.019653,0.000013,0.0012,0.2863,0,,,,,
769.019836,0.000013,0.0012,0.2853,0,,,,,
770.020081,0.000013,0.0012,0.2915,0,,,,,
771.020264,0.000013,0.0012,0.2854,0,,,,,
772.020508,0.000013,0.0012,0.2932,0,,,,,
773.019592,0.000013,0.0012,0.2851,0,,,,,
774.019775,0.000013,0.0012,0.2847,0,,,,,
775.019958,0.000013,0.0012,0.2906,0,,,,,
776.020203,0.000013,0.0012,0.2828,0,,,,,
777.020386,0.000013,0.0012,0.2888,0,,,,,
778.020691,0.000013,0.0012,0.2893,0,,,,,
781.020142,0.000013,0.0012,0.2909,0,,,,,
782.020325,0.000014,0.0012,0.2941,0,,,,,
783.020569,0.000013,0.0012,0.2845,0,,,,,
784.019653,0.000014,0.0012,0.2950,0,,,,,
785.019836,0.000013,0.0012,0.2863,0,,,,,
786.020020,0.000014,0.0013,0.3035,0,,,,,
787.020264,0.000013,0.0012,0.2913,0,,,,,
788.020508,0.000013,0.0012,0.2861,0,,,,,
789.019531,0.000013,0.0012,0.2785,0,,,,,
790.019775,0.000014,0.0012,0.2959,0,,,,,
791.019958,0.000014,0.0012,0.2938,0,,,,,
792.020203,0.000014,0.0013,0.2968,0,,,,,
793.020386,0.000013,0.0012,0.2874,0,,,,,
794.020630,0.000014,0.0013,0.2975,0,,,,,
795.019714,0.000013,0.0012,0.2883,0,,,,,
796.019897,0.000013,0.0012,0.2857,0,,,,,
797.020142,0.000013,0.0012,0.2897,0,,,,,
798.020325,0.000014,0.0013,0.3033,0,,,,,
799.020569,0.000013,0.0012,0.2880,0,,,,,
800.019653,0.000013,0.0012,0.2838,0,,,,,
801.019836,0.000014,0.0013,0.3011,0,,,,,
802.020020,0.000013,0.0012,0.2827,0,,,,,
803.020264,0.000013,0.0012,0.2865,0,,,,,
804.020508,0.000014,0.0013,0.3000,0,,,,,
805.019531,0.000014,0.0012,0.2947,0,,,,,
806.019775,0.000014,0.0013,0.3059,0,,,,,
807.019958,0.000014,0.0013,0.3030,0,,,,,
808.020203,0.000013,0.0012,0.2838,0,,,,,
809.020386,0.000013,0.0012,0.2863,0,,,,,
810.020630,0.000013,0.0012,0.2923,0,,,,,
811.019714,0.000013,0.0012,0.2911,0,,,,,
812.019897,0.000014,0.0013,0.2976,0,,,,,
813.020081,0.000013,0.0012,0.2909,0,,,,,
814.020325,0.000014,0.0013,0.2972,0,,,,,
815.020569,0.000014,0.0013,0.3119,0,,,,,
816.019592,0.000013,0.0012,0.2862,0,,,,,
817.019836,0.000013,0.0012,0.2919,0,,,,,
818.020020,0.000014,0.0012,0.2948,0,,,,,
819.020264,0.000014,0.0013,0.2970,0,,,,,
820.020508,0.000014,0.0013,0.3077,0,,,,,
821.019531,0.000014,0.0013,0.3057,0,,,,,
822.019775,0.000013,0.0012,0.2865,0,,,,,
823.019958,0.000013,0.0012,0.2871,0,,,,,
824.020142,0.000013,0.0012,0.2882,0,,,,,
825.020386,0.000071,0.0065,1.5467,0,,,,,
826.020630,0.000014,0.0013,0.3011,0,,,,,
827.019653,0.000013,0.0012,0.2916,0,,,,,
828.019897,0.000014,0.0012,0.2940,0,,,,,
829.020081,0.000014,0.0013,0.3014,0,,,,,
830.020325,0.000014,0.0013,0.3087,0,,,,,
831.020569,0.000014,0.0013,0.3148,0,,,,,
832.019592,0.000013,0.0012,0.2912,0,,,,,
833.019836,0.000014,0.0012,0.2934,0,,,,,
834.020020,0.000014,0.0013,0.3130,0,,,,,
835.020203,0.000014,0.0013,0.2991,0,,,,,
836.020508,0.018167,1.6667,394.5956,0,,,,,
837.019531,0.036922,3.3875,801.9796,0,,,,,
838.019714,0.036291,3.3295,788.2650,0,,,,,
839.019958,0.036218,3.3228,786.6746,0,,,,,
840.020142,0.036905,3.3859,801.6067,0,,,,,
841.020386,0.036872,3.3828,800.8830,0,,,,,
842.020630,0.036127,3.3145,784.6968,1,836.020508,792.0046,1,1,1
843.019653,0.036333,3.3334,789.1831,0,,,,,
844.019897,0.036935,3.3886,802.2604,0,,,,,
845.020081,0.036703,3.3673,797.2061,0,,,,,
846.020264,0.036160,3.3175,785.4146,0,,,,,
847.020569,0.036487,3.3475,792.5261,0,,,,,
848.019592,0.037009,3.3954,803.8677,0,,,,,
849.019775,0.036624,3.3601,795.5101,0,,,,,
850.020020,0.036180,3.3193,785.8509,0,,,,,
851.020203,0.036844,3.3802,800.2705,0,,,,,
852.020508,0.036946,3.3896,802.4912,0,,,,,
853.019531,0.027625,2.5345,600.0317,0,,,,,
854.019714,0.000031,0.0029,0.6822,0,,,,,
855.019958,0.000018,0.0017,0.3983,0,,,,,
856.020142,0.000014,0.0013,0.3039,0,,,,,
857.020325,0.000013,0.0012,0.2929,0,,,,,
858.020630,0.000014,0.0013,0.2990,1,853.019531,795.7427,-1,1,1
859.019653,0.000013,0.0012,0.2837,0,,,,,
860.019836,0.000013,0.0012,0.2922,0,,,,,
861.020081,0.000013,0.0012,0.2899,0,,,,,
862.020264,0.000014,0.0013,0.3037,0,,,,,
863.020569,0.000014,0.0012,0.2935,0,,,,,
864.019592,0.000013,0.0012,0.2900,0,,,,,
865.019775,0.000014,0.0013,0.3003,0,,,,,
866.020020,0.000014,0.0012,0.2947,0,,,,,
867.020203,0.000014,0.0013,0.3046,0,,,,,
868.020386,0.000014,0.0013,0.3079,0,,,,,
869.019531,0.000013,0.0012,0.2802,0,,,,,
870.019714,0.000014,0.0013,0.2994,0,,,,,
871.019897,0.000014,0.0013,0.3036,0,,,,,
872.020142,0.000014,0.0013,0.2964,0,,,,,
873.020325,0.000014,0.0013,0.2979,0,,,,,
874.020630,0.022293,2.0453,484.2213,0,,,,,
875.019653,0.036149,3.3165,785.1754,0,,,,,
876.019836,0.037015,3.3960,804.0001,0,,,,,
877.020081,0.036548,3.3531,793.8568,0,,,,,
878.020264,0.036237,3.3245,787.0845,0,,,,,
879.020508,0.037075,3.4014,805.2869,0,,,,,
880.019592,0.036358,3.3357,789.7252,1,874.020630,794.0447,1,1,1
881.019775,0.036423,3.3417,791.1406,0,,,,,
882.019958,0.037036,3.3979,804.4437,0,,,,,
883.020203,0.036080,3.3102,783.6919,0,,,,,
884.020386,0.036689,3.3661,796.9210,0,,,,,
885.020691,0.036781,3.3744,798.8999,0,,,,,
886.019714,0.036018,3.3044,782.3274,0,,,,,
887.019897,0.036893,3.3847,801.3394,0,,,,,
888.020142,0.036501,3.3488,792.8269,0,,,,,
889.020325,0.036185,3.3198,785.9575,0,,,,,
890.020569,0.037008,3.3953,803.8388,0,,,,,
891.019653,0.036156,3.3171,785.3306,0,,,,,
892.019836,0.025046,2.2979,544.0212,0,,,,,
893.020020,0.000029,0.0027,0.6313,0,,,,,
894.020264,0.000018,0.0017,0.3920,0,,,,,
895.020508,0.000015,0.0014,0.3336,0,,,,,
896.019592,0.000015,0.0014,0.3267,0,,,,,
897.019775,0.000014,0.0013,0.3058,0,,,,,
898.019958,0.000015,0.0014,0.3231,1,892.019836,791.2567,-1,1,1
899.020203,0.000015,0.0014,0.3278,0,,,,,
900.020386,0.000014,0.0013,0.3007,0,,,,,
901.020691,0.000014,0.0013,0.3094,0,,,,,
902.019714,0.000015,0.0013,0.3190,0,,,,,
903.019897,0.000015,0.0014,0.3261,0,,,,,
904.020142,0.000015,0.0014,0.3209,0,,,,,
905.020325,0.000015,0.0014,0.3252,0,,,,,
906.020569,0.000015,0.0014,0.3258,0,,,,,
907.019653,0.000014,0.0012,0.2940,0,,,,,
908.019836,0.000014,0.0013,0.3069,0,,,,,
909.020020,0.000014,0.0013,0.3140,0,,,,,
910.020264,0.000015,0.0013,0.3154,0,,,,,
911.020508,0.000015,0.0014,0.3218,0,,,,,
912.019531,0.000015,0.0014,0.3338,0,,,,,
913.019775,0.000015,0.0013,0.3196,0,,,,,
914.019958,0.000014,0.0013,0.3064,0,,,,,
915.020203,0.000015,0.0013,0.3154,0,,,,,
916.020386,0.000014,0.0013,0.3046,0,,,,,
917.020630,0.000014,0.0013,0.3061,0,,,,,
918.019714,0.000014,0.0013,0.2978,0,,,,,
919.019897,0.000014,0.0013,0.2985,0,,,,,
920.020081,0.000013,0.0012,0.2927,0,,,,,
921.020325,0.000013,0.0012,0.2838,0,,,,,
922.020569,0.000014,0.0013,0.2981,0,,,,,
923.019592,0.000013,0.0012,0.2774,0,,,,,
924.019836,0.000014,0.0013,0.2993,0,,,,,
925.020020,0.000014,0.0013,0.2988,0,,,,,
926.020264,0.000013,0.0012,0.2882,0,,,,,
927.020508,0.000014,0.0013,0.3048,0,,,,,
928.019531,0.000014,0.0013,0.2992,0,,,,,
929.019775,0.000014,0.0013,0.2963,0,,,,,
930.019958,0.000013,0.0012,0.2848,0,,,,,
931.020142,0.000014,0.0013,0.3025,0,,,,,
932.020386,0.000014,0.0012,0.2952,0,,,,,
933.020630,0.000014,0.0012,0.2943,0,,,,,
934.019653,0.000013,0.0012,0.2924,0,,,,,
935.019897,0.000014,0.0013,0.3008,0,,,,,
936.020081,0.000013,0.0012,0.2810,0,,,,,
937.020325,0.000014,0.0013,0.2987,0,,,,,
938.020569,0.000013,0.0012,0.2923,0,,,,,
939.019592,0.000014,0.0013,0.3043,0,,,,,
940.019836,0.000014,0.0012,0.2955,0,,,,,
941.020020,0.000013,0.0012,0.2811,0,,,,,
942.020203,0.000014,0.0013,0.3053,0,,,,,
943.020508,0.000013,0.0012,0.2874,0,,,,,
944.019531,0.000013,0.0012,0.2794,0,,,,,
945.019714,0.000014,0.0013,0.3032,0,,,,,
946.019958,0.000013,0.0012,0.2772,0,,,,,
947.020142,0.000014,0.0013,0.2998,0,,,,,
948.020386,0.000013,0.0012,0.2879,0,,,,,
949.020630,0.000014,0.0012,0.2942,0,,,,,
950.019653,0.000014,0.0013,0.2983,0,,,,,
951.019897,0.000014,0.0013,0.2965,0,,,,,
952.020081,0.000013,0.0012,0.2861,0,,,,,
953.020264,0.000013,0.0012,0.2918,0,,,,,
954.020569,0.000014,0.0013,0.2979,0,,,,,
955.019592,0.000014,0.0012,0.2942,0,,,,,
956.019775,0.000014,0.0013,0.3087,0,,,,,
957.020020,0.000014,0.0013,0.3093,0,,,,,
958.020203,0.000013,0.0012,0.2777,0,,,,,
959.020508,0.000014,0.0013,0.3019,0,,,,,
960.019531,0.000014,0.0013,0.2961,0,,,,,
961.019714,0.000014,0.0013,0.2960,0,,,,,
962.019958,0.000014,0.0013,0.2974,0,,,,,
963.020142,0.000014,0.0012,0.2952,0,,,,,
964.020325,0.000013,0.0012,0.2750,0,,,,,
965.020630,0.000014,0.0012,0.2959,0,,,,,
966.019653,0.000014,0.0012,0.2953,0,,,,,
967.019836,0.000014,0.0013,0.3040,0,,,,,
968.020081,0.000014,0.0013,0.3066,0,,,,,
969.020264,0.000014,0.0012,0.2944,0,,,,,
970.020569,0.000014,0.0013,0.3028,0,,,,,
971.019592,0.000013,0.0012,0.2853,0,,,,,
972.019775,0.000014,0.0013,0.2982,0,,,,,
973.020020,0.000014,0.0013,0.2986,0,,,,,
974.020203,0.000014,0.0012,0.2938,0,,,,,
975.020386,0.000014,0.0013,0.3019,0,,,,,
976.019531,0.000014,0.0013,0.3062,0,,,,,
977.019714,0.000014,0.0012,0.2948,0,,,,,
978.019897,0.000014,0.0013,0.2978,0,,,,,
979.020142,0.000014,0.0013,0.2996,0,,,,,
980.020325,0.000014,0.0013,0.2980,0,,,,,
981.020630,0.000014,0.0013,0.3055,0,,,,,
982.019653,0.000014,0.0013,0.3110,0,,,,,
983.019836,0.000013,0.0012,0.2921,0,,,,,
984.020081,0.000015,0.0013,0.3167,0,,,,,
985.020264,0.000014,0.0013,0.3014,0,,,,,
986.020508,0.000014,0.0013,0.3040,0,,,,,
987.019592,0.000014,0.0013,0.3130,0,,,,,
988.019775,0.000014,0.0013,0.2996,0,,,,,
989.019958,0.000014,0.0013,0.3025,0,,,,,
990.020203,0.000013,0.0012,0.2839,0,,,,,
991.020386,0.000014,0.0013,0.2969,0,,,,,
992.020691,0.000013,0.0012,0.2910,0,,,,,
993.019714,0.000014,0.0012,0.2934,0,,,,,
994.019897,0.000014,0.0013,0.3020,0,,,,,
995.020142,0.000014,0.0013,0.2980,0,,,,,
996.020325,0.000013,0.0012,0.2887,0,,,,,
997.020569,0.000013,0.0012,0.2849,0,,,,,
998.019653,0.000014,0.0013,0.3072,0,,,,,
999.019836,0.000013,0.0012,0.2892,0,,,,,
1000.020020,0.000015,0.0013,0.3178,0,,,,,
1001.020264,0.000014,0.0013,0.3071,0,,,,,
1002.020508,0.000014,0.0013,0.2979,0,,,,,
1003.019531,0.000014,0.0013,0.3051,0,,,,,
1004.019775,0.000014,0.0013,0.3008,0,,,,,
1005.019958,0.000014,0.0013,0.3002,0,,,,,
1006.020203,0.000014,0.0013,0.2996,0,,,,,
1007.020386,0.000014,0.0013,0.3060,0,,,,,
1008.020630,0.000014,0.0013,0.3141,0,,,,,
1009.019714,0.030768,2.8228,668.3030,0,,,,,
1010.019897,0.036348,3.3348,789.5157,0,,,,,
1011.020142,0.036583,3.3563,794.6018,0,,,,,
1012.020325,0.036995,3.3941,803.5527,0,,,,,
1013.020569,0.036145,3.3161,785.0950,0,,,,,
1014.019653,0.037104,3.4041,805.9315,0,,,,,
1015.019836,0.036305,3.3308,788.5630,1,1009.019714,795.5836,1,1,1
1016.020020,0.036760,3.3726,798.4620,0,,,,,
1017.020264,0.036787,3.3751,799.0431,0,,,,,
1018.020508,0.036258,3.3265,787.5438,0,,,,,
1019.019531,0.037104,3.4041,805.9277,0,,,,,
1020.019775,0.036087,3.3108,783.8347,0,,,,,
1021.019958,0.036984,3.3931,803.3141,0,,,,,
1022.020203,0.036418,3.3411,791.0158,0,,,,,
1023.020386,0.036528,3.3513,793.4119,0,,,,,
1024.020630,0.036916,3.3868,801.8344,0,,,,,
1025.019653,0.036081,3.3102,783.6986,0,,,,,
1026.019897,0.037030,3.3974,804.3275,0,,,,,
1027.020142,0.021746,1.9951,472.3287,0,,,,,
1028.020386,0.000020,0.0019,0.4396,0,,,,,
1029.020508,0.000015,0.0014,0.3327,0,,,,,
1030.019531,0.000014,0.0013,0.3050,0,,,,,
1031.019897,0.000014,0.0013,0.3092,0,,,,,
1032.020020,0.000014,0.0013,0.2978,0,,,,,
1033.020264,0.000014,0.0012,0.2947,1,1027.020142,796.2610,-1,1,1
1034.020508,0.000014,0.0013,0.3055,0,,,,,
1035.019531,0.000014,0.0013,0.2974,0,,,,,
1036.019775,0.000014,0.0013,0.3048,0,,,,,
1037.020020,0.000014,0.0013,0.3012,0,,,,,
1038.020142,0.000014,0.0013,0.2974,0,,,,,
1039.020386,0.000014,0.0013,0.2975,0,,,,,
1040.020630,0.000013,0.0012,0.2906,0,,,,,
1041.019653,0.000014,0.0013,0.3098,0,,,,,
1042.019897,0.000014,0.0013,0.3016,0,,,,,
1043.020142,0.000014,0.0013,0.3033,0,,,,,
1044.020386,0.000014,0.0013,0.2977,0,,,,,
1045.020508,0.000015,0.0013,0.3178,0,,,,,
1046.019531,0.000014,0.0012,0.2947,0,,,,,
1047.019897,0.000014,0.0012,0.2941,0,,,,,
1048.020020,0.000014,0.0013,0.2983,0,,,,,
1049.020264,0.000013,0.0012,0.2914,0,,,,,
1050.020508,0.000014,0.0013,0.3001,0,,,,,
1051.019531,0.000014,0.0013,0.3058,0,,,,,
1052.019653,0.000014,0.0013,0.2983,0,,,,,
1053.020020,0.000014,0.0013,0.3020,0,,,,,
1054.020142,0.000014,0.0012,0.2942,0,,,,,
1055.020386,0.000014,0.0013,0.3059,0,,,,,
1056.020630,0.000014,0.0013,0.3020,0,,,,,
1057.019653,0.000014,0.0013,0.2968,0,,,,,
1058.019897,0.000014,0.0013,0.3047,0,,,,,
1059.020142,0.000014,0.0013,0.2991,0,,,,,
1060.020264,0.000014,0.0013,0.2971,0,,,,,
1061.020508,0.000014,0.0013,0.3098,0,,,,,
1062.019531,0.000014,0.0013,0.3002,0,,,,,
1063.019775,0.000014,0.0012,0.2958,0,,,,,
1064.020020,0.000014,0.0012,0.2955,0,,,,,
1065.020264,0.000014,0.0013,0.3014,0,,,,,
1066.020508,0.000014,0.0012,0.2948,0,,,,,
1067.019531,0.000014,0.0012,0.2945,0,,,,,
1068.019653,0.000014,0.0013,0.3021,0,,,,,
1069.020020,0.000014,0.0013,0.3142,0,,,,,
1070.020142,0.000014,0.0013,0.3000,0,,,,,
1071.020386,0.000013,0.0012,0.2926,0,,,,,
1072.020630,0.000014,0.0013,0.3007,0,,,,,
1073.019653,0.000014,0.0012,0.2943,0,,,,,
1074.019897,0.000013,0.0012,0.2909,0,,,,,
1075.020020,0.000014,0.0013,0.2997,0,,,,,
1076.020386,0.000014,0.0013,0.3021,0,,,,,
1077.020508,0.000014,0.0013,0.3022,0,,,,,
1078.019531,0.000013,0.0012,0.2902,0,,,,,
1079.019775,0.000014,0.0013,0.3014,0,,,,,
1080.020020,0.000013,0.0012,0.2926,0,,,,,
1081.020264,0.000014,0.0013,0.2985,0,,,,,
1082.020508,0.000014,0.0013,0.2996,0,,,,,
1083.019531,0.000014,0.0013,0.3089,0,,,,,
1084.019653,0.000014,0.0013,0.2961,0,,,,,
1085.019897,0.000014,0.0013,0.3059,0,,,,,
1086.020142,0.000013,0.0012,0.2912,0,,,,,
1087.020386,0.000014,0.0013,0.3083,0,,,,,
1088.020630,0.000014,0.0013,0.3108,0,,,,,
1089.019653,0.000014,0.0013,0.3013,0,,,,,
1090.019897,0.000014,0.0013,0.3091,0,,,,,
1091.020020,0.000014,0.0012,0.2957,0,,,,,
1092.020386,0.000014,0.0012,0.2954,0,,,,,
1093.020508,0.000013,0.0012,0.2917,0,,,,,
1094.019531,0.000014,0.0012,0.2951,0,,,,,
1095.019775,0.000014,0.0013,0.3083,0,,,,,
1096.020020,0.000014,0.0013,0.3016,0,,,,,
1097.020142,0.000014,0.0013,0.2978,0,,,,,
1098.020508,0.001980,0.1817,43.0167,0,,,,,
1099.020630,0.002724,0.2499,59.1728,0,,,,,
1100.019653,0.002120,0.1945,46.0417,0,,,,,
1101.019897,0.002101,0.1927,45.6288,0,,,,,
1102.020142,0.002101,0.1927,45.6284,0,,,,,
1103.020386,0.002060,0.1890,44.7378,0,,,,,
1104.020630,0.002091,0.1918,45.4184,1,1098.020508,49.9785,1,-1,1
1105.019653,0.002108,0.1934,45.7898,0,,,,,
1106.019897,0.002060,0.1890,44.7442,0,,,,,
1107.020020,0.002082,0.1910,45.2240,0,,,,,
1108.020264,0.002109,0.1934,45.7985,0,,,,,
1109.020508,0.002066,0.1895,44.8724,0,,,,,
1110.019531,0.002077,0.1905,45.1112,0,,,,,
1111.019775,0.002111,0.1937,45.8493,0,,,,,
1112.020020,0.002072,0.1901,45.0134,0,,,,,
1113.020142,0.002076,0.1905,45.0898,0,,,,,
1114.020508,0.002112,0.1938,45.8756,0,,,,,
1115.020630,0.001646,0.1510,35.7502,0,,,,,
1116.019653,0.000014,0.0013,0.3082,0,,,,,
1117.019897,0.000014,0.0013,0.3006,0,,,,,
1118.020142,0.000013,0.0012,0.2897,0,,,,,
1119.020264,0.000014,0.0013,0.3006,0,,,,,
1120.020630,0.000014,0.0012,0.2953,0,,,,,
1121.019653,0.000014,0.0012,0.2942,0,,,,,
1122.019897,0.000013,0.0012,0.2917,1,1116.019653,41.9416,-1,-1,1
1123.020020,0.000014,0.0013,0.3038,0,,,,,
1124.020264,0.000013,0.0012,0.2915,0,,,,,
1125.020508,0.000014,0.0013,0.3001,0,,,,,
1126.019531,0.000014,0.0013,0.3040,0,,,,,
1127.019775,0.000014,0.0012,0.2933,0,,,,,
1128.020020,0.000013,0.0012,0.2904,0,,,,,
1129.020142,0.000014,0.0012,0.2935,0,,,,,
1130.020386,0.000014,0.0013,0.3012,0,,,,,
1131.020630,0.000014,0.0012,0.2943,0,,,,,
1132.019653,0.000014,0.0013,0.3145,0,,,,,
1133.019897,0.000014,0.0012,0.2947,0,,,,,
1134.020142,0.000014,0.0013,0.3065,0,,,,,
1135.020264,0.000014,0.0012,0.2953,0,,,,,
1136.020630,0.002377,0.2180,51.6224,0,,,,,
1137.019653,0.002575,0.2362,55.9235,0,,,,,
1138.019897,0.002128,0.1952,46.2208,0,,,,,
1139.020020,0.002084,0.1912,45.2601,0,,,,,
1140.020264,0.002070,0.1899,44.9617,0,,,,,
1141.020386,0.002110,0.1936,45.8276,0,,,,,
1142.019531,0.002076,0.1905,45.0937,1,1136.020630,48.8360,1,-1,1
1143.019775,0.002080,0.1908,45.1835,0,,,,,
1144.020020,0.002117,0.1942,45.9787,0,,,,,
1145.020142,0.002068,0.1897,44.9113,0,,,,,
1146.020386,0.002084,0.1912,45.2682,0,,,,,
1147.020630,0.002112,0.1938,45.8843,0,,,,,
1148.019653,0.002064,0.1894,44.8363,0,,,,,
1149.019897,0.002087,0.1915,45.3309,0,,,,,
1150.020142,0.002111,0.1937,45.8590,0,,,,,
1151.020264,0.002061,0.1891,44.7669,0,,,,,
1152.020508,0.002094,0.1921,45.4894,0,,,,,
1153.019653,0.001184,0.1086,25.7176,0,,,,,
1154.019897,0.000013,0.0012,0.2830,0,,,,,
1155.020020,0.000014,0.0013,0.3053,0,,,,,
1156.020264,0.000014,0.0013,0.2994,0,,,,,
1157.020386,0.000014,0.0013,0.3078,0,,,,,
1158.019531,0.000014,0.0013,0.3075,0,,,,,
1159.019775,0.000014,0.0012,0.2939,0,,,,,
1160.020020,0.000014,0.0013,0.2995,1,1154.019897,38.3538,-1,1,1
1161.020142,0.000014,0.0013,0.3015,0,,,,,
1162.020386,0.000013,0.0012,0.2920,0,,,,,
1163.020630,0.000014,0.0012,0.2953,0,,,,,
1164.019653,0.000014,0.0013,0.2974,0,,,,,
1165.019897,0.000014,0.0013,0.3087,0,,,,,
1166.020142,0.000013,0.0012,0.2918,0,,,,,
1167.020264,0.000014,0.0013,0.3049,0,,,,,
1168.020508,0.000014,0.0013,0.3071,0,,,,,
1169.019653,0.000014,0.0012,0.2949,0,,,,,
1170.019897,0.000014,0.0012,0.2935,0,,,,,
1171.020020,0.000014,0.0013,0.3001,0,,,,,
1172.020264,0.001611,0.1478,34.9850,0,,,,,
1173.020386,0.002794,0.2564,60.6936,0,,,,,
1174.019409,0.002185,0.2005,47.4655,0,,,,,
1175.019775,0.002064,0.1894,44.8317,0,,,,,
1176.020020,0.002108,0.1934,45.7776,0,,,,,
1177.020142,0.002085,0.1913,45.2941,0,,,,,
1178.020386,0.002066,0.1896,44.8844,1,1172.020264,50.7008,1,1,1
1179.020508,0.002104,0.1930,45.6970,0,,,,,
1180.019653,0.002089,0.1916,45.3725,0,,,,,
1181.019897,0.002061,0.1891,44.7610,0,,,,,
1182.020142,0.002103,0.1929,45.6681,0,,,,,
1183.020264,0.002093,0.1920,45.4545,0,,,,,
1184.020508,0.002059,0.1889,44.7158,0,,,,,
1185.019531,0.002098,0.1924,45.5613,0,,,,,
1186.019897,0.002102,0.1928,45.6496,0,,,,,
1187.020020,0.002060,0.1890,44.7406,0,,,,,
1188.020264,0.002090,0.1918,45.3968,0,,,,,
1189.020386,0.001532,0.1406,33.2828,0,,,,,
1190.019409,0.000014,0.0013,0.3127,0,,,,,
1191.019775,0.000014,0.0013,0.3068,0,,,,,
1192.020020,0.000015,0.0014,0.3223,0,,,,,
1193.020142,0.000014,0.0013,0.3145,0,,,,,
1194.020386,0.000015,0.0014,0.3240,0,,,,,
1195.020508,0.000014,0.0013,0.3025,1,1190.019409,40.8255,-1,1,1
1196.019531,0.000015,0.0014,0.3203,0,,,,,
1197.019897,0.000014,0.0013,0.3139,0,,,,,
1198.020142,0.000015,0.0013,0.3179,0,,,,,
1199.020264,0.000014,0.0013,0.3058,0,,,,,
1200.020508,0.000014,0.0013,0.3016,0,,,,,
1201.019531,0.000014,0.0012,0.2942,0,,,,,
1202.019897,0.000014,0.0013,0.3067,0,,,,,
1203.020020,0.000014,0.0013,0.3142,0,,,,,
1204.020264,0.000014,0.0013,0.3118,0,,,,,
1205.020386,0.000014,0.0013,0.3059,0,,,,,
1206.020630,0.000014,0.0013,0.3118,0,,,,,
1207.019653,0.000014,0.0013,0.3110,0,,,,,
1208.020020,0.002127,0.1951,46.2007,0,,,,,
1209.020142,0.002645,0.2427,57.4551,0,,,,,
1210.020386,0.002113,0.1938,45.8853,0,,,,,
1211.020508,0.002109,0.1935,45.8185,0,,,,,
1212.019531,0.002080,0.1908,45.1816,0,,,,,
1213.019897,0.002071,0.1900,44.9868,0,,,,,
1214.020142,0.002109,0.1935,45.8155,1,1208.020020,49.4101,1,1,1
1215.020264,0.002090,0.1918,45.4018,0,,,,,
1216.020508,0.002065,0.1894,44.8515,0,,,,,
1217.019531,0.002103,0.1930,45.6818,0,,,,,
1218.019653,0.002092,0.1919,45.4408,0,,,,,
1219.020020,0.002066,0.1895,44.8647,0,,,,,
1220.020264,0.002098,0.1925,45.5706,0,,,,,
1221.020386,0.002101,0.1928,45.6379,0,,,,,
1222.020630,0.002059,0.1889,44.7296,0,,,,,
1223.019653,0.002103,0.1929,45.6732,0,,,,,
1224.020020,0.002101,0.1927,45.6316,0,,,,,
1225.020142,0.002062,0.1892,44.7894,0,,,,,
1226.020386,0.000454,0.0417,9.8663,0,,,,,
1227.020508,0.000013,0.0012,0.2923,0,,,,,
1228.019531,0.000014,0.0013,0.2975,0,,,,,
1229.019775,0.000014,0.0013,0.2994,0,,,,,
1230.020142,0.000013,0.0012,0.2867,0,,,,,
1231.020264,0.000014,0.0012,0.2943,0,,,,,
1232.020508,0.000014,0.0013,0.3042,1,1226.020386,45.0684,-1,1,1
1233.019531,0.000013,0.0012,0.2894,0,,,,,
1234.019653,0.000014,0.0013,0.3011,0,,,,,
1235.020020,0.000014,0.0013,0.3081,0,,,,,
1236.020264,0.000014,0.0012,0.2958,0,,,,,
1237.020386,0.000014,0.0013,0.3097,0,,,,,
1238.020630,0.000013,0.0012,0.2927,0,,,,,
1239.019653,0.000014,0.0013,0.3064,0,,,,,
1240.019897,0.000014,0.0013,0.2986,0,,,,,
1241.020142,0.000014,0.0013,0.2979,0,,,,,
1242.020386,0.000014,0.0013,0.3007,0,,,,,
1243.020508,0.000014,0.0013,0.3137,0,,,,,
1244.019531,0.000014,0.0012,0.2947,0,,,,,
1245.019775,0.002641,0.2423,57.3572,0,,,,,
1246.020142,0.002484,0.2279,53.9651,0,,,,,
1247.020264,0.002073,0.1902,45.0325,0,,,,,
1248.020508,0.002111,0.1936,45.8437,0,,,,,
1249.019531,0.002074,0.1903,45.0512,0,,,,,
1250.019653,0.002088,0.1915,45.3480,0,,,,,
1251.019897,0.002108,0.1934,45.7835,1,1245.019775,47.9774,1,1,1
1252.020264,0.002063,0.1893,44.8157,0,,,,,
1253.020386,0.002115,0.1940,45.9334,0,,,,,
1254.020630,0.002066,0.1895,44.8681,0,,,,,
1255.019653,0.002101,0.1928,45.6408,0,,,,,
1256.019897,0.002093,0.1920,45.4600,0,,,,,
1257.020142,0.002079,0.1908,45.1666,0,,,,,
1258.020386,0.002112,0.1938,45.8713,0,,,,,
1259.020508,0.002065,0.1894,44.8441,0,,,,,
1260.019531,0.002118,0.1943,45.9969,0,,,,,
1261.019775,0.002068,0.1897,44.9225,0,,,,,
1262.020142,0.000865,0.0794,18.7948,0,,,,,
1263.020264,0.000014,0.0013,0.3019,0,,,,,
1264.020508,0.000014,0.0013,0.2976,0,,,,,
1265.019531,0.000014,0.0013,0.3043,0,,,,,
1266.019653,0.000014,0.0013,0.3012,0,,,,,
1267.019897,0.000013,0.0012,0.2918,0,,,,,
1268.020264,0.000013,0.0012,0.2824,0,,,,,
1269.020386,0.000013,0.0012,0.2822,1,1263.020264,36.2703,-1,1,1
1270.020630,0.000013,0.0012,0.2834,0,,,,,
1271.019653,0.000013,0.0012,0.2903,0,,,,,
1272.019897,0.000013,0.0012,0.2851,0,,,,,
1273.020142,0.000014,0.0013,0.3063,0,,,,,
1274.020386,0.000014,0.0013,0.3008,0,,,,,
1275.020508,0.000013,0.0012,0.2927,0,,,,,
1276.019531,0.000014,0.0013,0.3054,0,,,,,
1277.019775,0.000013,0.0012,0.2899,0,,,,,
1278.020020,0.000013,0.0012,0.2904,0,,,,,
1279.020264,0.000014,0.0012,0.2938,0,,,,,
1280.020508,0.000014,0.0013,0.2969,0,,,,,
1281.019531,0.000013,0.0012,0.2881,0,,,,,
1282.019653,0.000014,0.0013,0.2978,0,,,,,
1283.019897,0.000013,0.0012,0.2842,0,,,,,
1284.020264,0.000013,0.0012,0.2901,0,,,,,
1285.020386,0.000013,0.0012,0.2917,0,,,,,
1286.020630,0.000013,0.0012,0.2906,0,,,,,
1287.019653,0.000013,0.0012,0.2811,0,,,,,
1288.019897,0.000013,0.0012,0.2879,0,,,,,
1289.020020,0.000013,0.0012,0.2923,0,,,,,
1290.020386,0.000013,0.0012,0.2865,0,,,,,
1291.020508,0.000013,0.0012,0.2923,0,,,,,
1292.019531,0.000013,0.0012,0.2877,0,,,,,
1293.019775,0.000013,0.0012,0.2926,0,,,,,
1294.020020,0.000013,0.0012,0.2902,0,,,,,
1295.020264,0.000014,0.0013,0.2980,0,,,,,
1296.020508,0.000013,0.0012,0.2897,0,,,,,
1297.019531,0.000014,0.0013,0.3029,0,,,,,
1298.019653,0.000014,0.0012,0.2943,0,,,,,
1299.019897,0.000014,0.0013,0.3043,0,,,,,
1300.020142,0.000015,0.0013,0.3165,0,,,,,
1301.020386,0.000014,0.0013,0.2992,0,,,,,
1302.020630,0.000014,0.0012,0.2935,0,,,,,
1303.019653,0.000013,0.0012,0.2909,0,,,,,
1304.019897,0.000013,0.0012,0.2930,0,,,,,
1305.020020,0.000014,0.0013,0.3010,0,,,,,
1306.020386,0.000013,0.0012,0.2894,0,,,,,
1307.020508,0.000014,0.0013,0.3018,0,,,,,
1308.019531,0.000015,0.0013,0.3156,0,,,,,
1309.019775,0.000015,0.0013,0.3190,0,,,,,
1310.020020,0.000015,0.0014,0.3265,0,,,,,
1311.020142,0.000014,0.0013,0.3053,0,,,,,
1312.020508,0.000014,0.0013,0.3123,0,,,,,
1313.020630,0.000014,0.0013,0.3145,0,,,,,
1314.019653,0.000015,0.0014,0.3354,0,,,,,
1315.019897,0.000015,0.0014,0.3330,0,,,,,
1316.020142,0.000015,0.0014,0.3199,0,,,,,
1317.020386,0.000015,0.0013,0.3175,0,,,,,
1318.020630,0.000016,0.0014,0.3415,0,,,,,
1319.019653,0.000014,0.0013,0.3131,0,,,,,
1320.019897,0.000015,0.0013,0.3193,0,,,,,
1321.020020,0.000015,0.0013,0.3187,0,,,,,
1322.020264,0.000014,0.0013,0.3136,0,,,,,
1323.020508,0.000015,0.0014,0.3343,0,,,,,
1324.019531,0.000014,0.0013,0.3124,0,,,,,
1325.019775,0.000014,0.0013,0.3008,0,,,,,
1326.020020,0.000014,0.0013,0.3044,0,,,,,
1327.020142,0.000015,0.0014,0.3272,0,,,,,
1328.020508,0.000014,0.0013,0.3074,0,,,,,
1329.020630,0.000015,0.0014,0.3260,0,,,,,
1330.019653,0.000014,0.0013,0.3108,0,,,,,
1331.019897,0.000014,0.0013,0.3060,0,,,,,
1332.020142,0.000015,0.0013,0.3163,0,,,,,
1333.020264,0.000014,0.0013,0.3125,0,,,,,
1334.020630,0.000014,0.0013,0.3065,0,,,,,
1335.019653,0.000014,0.0013,0.3038,0,,,,,
1336.019897,0.000014,0.0013,0.3144,0,,,,,
1337.020020,0.000015,0.0014,0.3211,0,,,,,
1338.020264,0.000015,0.0013,0.3158,0,,,,,
1339.020508,0.000015,0.0014,0.3241,0,,,,,
1340.019531,0.000015,0.0014,0.3206,0,,,,,
1341.019775,0.000015,0.0014,0.3251,0,,,,,
1342.020020,0.000014,0.0013,0.3144,0,,,,,
1343.020142,0.000014,0.0013,0.3146,0,,,,,
1344.020386,0.000014,0.0013,0.3044,0,,,,,
1345.020630,0.000015,0.0014,0.3229,0,,,,,
1346.019653,0.000015,0.0014,0.3202,0,,,,,
1347.019897,0.000014,0.0013,0.3116,0,,,,,
1348.020142,0.000014,0.0013,0.3059,0,,,,,
1349.020264,0.000014,0.0013,0.3066,0,,,,,
1350.020630,0.000015,0.0014,0.3239,0,,,,,
1351.019653,0.000015,0.0014,0.3226,0,,,,,
1352.019897,0.000014,0.0013,0.3046,0,,,,,
1353.020020,0.000014,0.0013,0.3002,0,,,,,
1354.020264,0.000014,0.0013,0.3066,0,,,,,
1355.020386,0.000014,0.0012,0.2956,0,,,,,
1356.019531,0.000013,0.0012,0.2930,0,,,,,
1357.019775,0.000014,0.0013,0.3035,0,,,,,
1358.020020,0.000013,0.0012,0.2744,0,,,,,
1359.020142,0.000013,0.0012,0.2930,0,,,,,
1360.020386,0.000014,0.0013,0.3042,0,,,,,
1361.020630,0.000013,0.0012,0.2866,0,,,,,
1362.019653,0.000014,0.0012,0.2934,0,,,,,
1363.019897,0.000014,0.0013,0.3026,0,,,,,
1364.020142,0.000014,0.0013,0.3024,0,,,,,
1365.020264,0.000013,0.0012,0.2923,0,,,,,
1366.020508,0.000013,0.0012,0.2841,0,,,,,
1367.019653,0.000014,0.0013,0.3008,0,,,,,
1368.019897,0.000013,0.0012,0.2818,0,,,,,
1369.020020,0.000014,0.0012,0.2957,0,,,,,
1370.020264,0.000013,0.0012,0.2892,0,,,,,
1371.020386,0.000014,0.0012,0.2952,0,,,,,
1372.019531,0.000013,0.0012,0.2898,0,,,,,
1373.019775,0.000013,0.0012,0.2773,0,,,,,
1374.020020,0.000014,0.0012,0.2941,0,,,,,
1375.020142,0.000013,0.0012,0.2908,0,,,,,
1376.020386,0.000013,0.0012,0.2815,0,,,,,
1377.020630,0.000014,0.0013,0.3013,0,,,,,
1378.019653,0.000014,0.0012,0.2935,0,,,,,
1379.019897,0.000014,0.0012,0.2937,0,,,,,
1380.020142,0.000013,0.0012,0.2886,0,,,,,
1381.020264,0.005782,0.5305,125.5887,0,,,,,
1382.020508,0.000445,0.0409,9.6722,0,,,,,
1383.019653,0.000722,0.0663,15.6906,0,,,,,
1384.019897,0.002517,0.2309,54.6639,0,,,,,
1385.020020,0.002854,0.2619,61.9931,0,,,,,
1386.020264,0.003702,0.3396,80.4044,0,,,,,
1387.020386,0.004673,0.4287,101.4996,0,,,,,
1388.019409,0.004579,0.4201,99.4679,0,,,,,
1389.019775,0.004775,0.4381,103.7204,0,,,,,
1390.020020,0.004574,0.4197,99.3600,0,,,,,
1391.020142,0.004588,0.4210,99.6622,1,1385.020020,67.1151,1,-1,1
1392.020386,0.004790,0.4394,104.0383,0,,,,,
1393.020508,0.004588,0.4210,99.6624,0,,,,,
1394.019653,0.004699,0.4311,102.0660,0,,,,,
1395.019897,0.004658,0.4273,101.1665,0,,,,,
1396.020142,0.004567,0.4190,99.2047,0,,,,,
1397.020264,0.004807,0.4410,104.4062,0,,,,,
1398.020508,0.004574,0.4196,99.3401,0,,,,,
1399.019531,0.001454,0.1334,31.5740,0,,,,,
1400.019897,0.000014,0.0013,0.3024,0,,,,,
1401.020020,0.000013,0.0012,0.2916,0,,,,,
1402.020264,0.000013,0.0012,0.2927,0,,,,,
1403.020386,0.000014,0.0013,0.3002,0,,,,,
1404.019409,0.000014,0.0012,0.2945,0,,,,,
1405.019775,0.000013,0.0012,0.2850,1,1399.019531,100.6881,-1,-1,1
1406.020020,0.000013,0.0012,0.2885,0,,,,,
1407.020142,0.000013,0.0012,0.2929,0,,,,,
1408.020386,0.000014,0.0013,0.3002,0,,,,,
1409.020508,0.000014,0.0013,0.3018,0,,,,,
1410.019531,0.000013,0.0012,0.2802,0,,,,,
1411.019897,0.000013,0.0012,0.2897,0,,,,,
1412.020142,0.000013,0.0012,0.2905,0,,,,,
1413.020264,0.000014,0.0013,0.3010,0,,,,,
1414.020508,0.000014,0.0013,0.3020,0,,,,,
1415.019531,0.000014,0.0013,0.3045,0,,,,,
1416.019897,0.000013,0.0012,0.2895,0,,,,,
1417.020020,0.000013,0.0012,0.2923,0,,,,,
1418.020264,0.000014,0.0013,0.3123,0,,,,,
1419.020386,0.007275,0.6674,158.0128,0,,,,,
1420.020630,0.000446,0.0409,9.6909,0,,,,,
1421.019653,0.001833,0.1682,39.8153,0,,,,,
1422.020020,0.004551,0.4176,98.8618,0,,,,,
1423.020142,0.004679,0.4293,101.6329,0,,,,,
1424.020386,0.004674,0.4288,101.5274,0,,,,,
1425.020508,0.004559,0.4183,99.0324,1,1419.020386,49.1580,1,1,1
1426.019531,0.004805,0.4408,104.3679,0,,,,,
1427.019897,0.004563,0.4186,99.1074,0,,,,,
1428.020142,0.004699,0.4311,102.0632,0,,,,,
1429.020264,0.004645,0.4262,100.8929,1,1423.020142,52.1866,1,1,1
1430.020508,0.004567,0.4190,99.1955,0,,,,,
1431.019531,0.004779,0.4384,103.7949,0,,,,,
1432.019653,0.004556,0.4180,98.9502,0,,,,,
1433.020020,0.004790,0.4395,104.0501,0,,,,,
1434.020264,0.004559,0.4183,99.0300,0,,,,,
1435.020386,0.004706,0.4318,102.2209,0,,,,,
1436.020630,0.004660,0.4275,101.2219,0,,,,,
1437.019653,0.002708,0.2485,58.8234,0,,,,,
1438.020020,0.000016,0.0015,0.3492,0,,,,,
1439.020142,0.000014,0.0013,0.3065,0,,,,,
1440.020386,0.000014,0.0013,0.2962,0,,,,,
1441.020508,0.000013,0.0012,0.2871,0,,,,,
1442.019531,0.000014,0.0013,0.3013,0,,,,,
1443.019775,0.000014,0.0013,0.3003,1,1437.019653,100.5070,-1,-1,1
1444.020142,0.000014,0.0013,0.3092,0,,,,,
1445.020264,0.000014,0.0013,0.2997,0,,,,,
1446.020508,0.000013,0.0012,0.2759,0,,,,,
1447.019531,0.000014,0.0013,0.3025,0,,,,,
1448.019653,0.000013,0.0012,0.2839,0,,,,,
1449.020020,0.000013,0.0012,0.2915,0,,,,,
1450.020264,0.000014,0.0013,0.2993,0,,,,,
1451.020386,0.000014,0.0013,0.3047,0,,,,,
1452.020630,0.000014,0.0013,0.3002,0,,,,,
1453.019653,0.000013,0.0012,0.2924,0,,,,,
1454.019897,0.000013,0.0012,0.2906,0,,,,,
1455.020142,0.000014,0.0013,0.2985,0,,,,,
1456.020386,0.000013,0.0012,0.2884,0,,,,,
1457.020508,0.004787,0.4392,103.9870,0,,,,,
1458.019531,0.000437,0.0401,9.4829,0,,,,,
1459.019775,0.001590,0.1458,34.5294,0,,,,,
1460.020142,0.004753,0.4361,103.2363,0,,,,,
1461.020264,0.004578,0.4200,99.4437,0,,,,,
1462.020508,0.004577,0.4199,99.4180,0,,,,,
1463.019531,0.004808,0.4411,104.4352,1,1457.020508,48.7904,1,1,1
1464.019653,0.004581,0.4203,99.4999,0,,,,,
1465.019897,0.004559,0.4182,99.0179,0,,,,,
1466.020264,0.004769,0.4375,103.5837,0,,,,,
1467.020386,0.004556,0.4180,98.9535,1,1461.020264,52.0349,1,1,1
1468.020630,0.004656,0.4272,101.1392,0,,,,,
1469.019653,0.004711,0.4322,102.3201,0,,,,,
1470.019897,0.004563,0.4186,99.1014,0,,,,,
1471.020142,0.004734,0.4343,102.8238,0,,,,,
1472.020386,0.004579,0.4201,99.4665,0,,,,,
1473.020508,0.004573,0.4196,99.3308,0,,,,,
1474.019531,0.004454,0.4087,96.7534,0,,,,,
1475.019775,0.000019,0.0017,0.4032,0,,,,,
1476.020020,0.000014,0.0013,0.3131,0,,,,,
1477.020264,0.000014,0.0013,0.3078,0,,,,,
1478.020508,0.000014,0.0013,0.2965,0,,,,,
1479.019531,0.000013,0.0012,0.2910,0,,,,,
1480.019653,0.000014,0.0013,0.3091,0,,,,,
1481.019897,0.000014,0.0012,0.2948,1,1475.019775,98.2111,-1,-1,1
1482.020264,0.000014,0.0012,0.2942,0,,,,,
1483.020386,0.000014,0.0013,0.3047,0,,,,,
1484.020630,0.000014,0.0013,0.2988,0,,,,,
1485.019653,0.000014,0.0013,0.3125,0,,,,,
1486.019897,0.000013,0.0012,0.2888,0,,,,,
1487.020142,0.000013,0.0012,0.2885,0,,,,,
1488.020386,0.000014,0.0013,0.3100,0,,,,,
1489.020508,0.000014,0.0013,0.3021,0,,,,,
1490.019531,0.000014,0.0013,0.3074,0,,,,,
1491.019775,0.000014,0.0013,0.3102,0,,,,,
1492.020020,0.000014,0.0013,0.2978,0,,,,,
1493.020264,0.000014,0.0013,0.3062,0,,,,,
1494.020508,0.004911,0.4506,106.6687,0,,,,,
1495.019531,0.000435,0.0399,9.4536,0,,,,,
1496.019653,0.001496,0.1372,32.4886,0,,,,,
1497.019897,0.001992,0.1828,43.2690,0,,,,,
1498.020142,0.002146,0.1969,46.6140,0,,,,,
1499.020386,0.004347,0.3988,94.4245,0,,,,,
1500.020630,0.004715,0.4326,102.4173,0,,,,,
1501.019653,0.004647,0.4263,100.9344,0,,,,,
1502.019897,0.004557,0.4180,98.9723,0,,,,,
1503.020020,0.004760,0.4367,103.3922,0,,,,,
1504.020386,0.004560,0.4184,99.0557,0,,,,,
1505.020508,0.004577,0.4199,99.4066,1,1499.020386,59.9841,1,1,1
1506.019531,0.004731,0.4340,102.7527,0,,,,,
1507.019775,0.004524,0.4151,98.2673,0,,,,,
1508.020020,0.004775,0.4381,103.7168,0,,,,,
1509.020264,0.004565,0.4188,99.1491,0,,,,,
1510.020508,0.004569,0.4192,99.2424,0,,,,,
1511.019531,0.004769,0.4375,103.5849,0,,,,,
1512.019653,0.001898,0.1741,41.2282,0,,,,,
1513.019897,0.000014,0.0013,0.3024,0,,,,,
1514.020142,0.000015,0.0013,0.3164,0,,,,,
1515.020386,0.000013,0.0012,0.2821,0,,,,,
1516.020630,0.000013,0.0012,0.2888,0,,,,,
1517.019653,0.000014,0.0013,0.3135,0,,,,,
1518.019897,0.000013,0.0012,0.2830,1,1512.019653,100.3585,-1,2,1
1519.020020,0.000014,0.0013,0.3064,0,,,,,
1520.020386,0.000014,0.0012,0.2956,0,,,,,
1521.020508,0.000014,0.0013,0.3035,0,,,,,
1522.019531,0.000013,0.0012,0.2914,0,,,,,
1523.019775,0.000014,0.0012,0.2941,0,,,,,
1524.020020,0.000013,0.0012,0.2826,0,,,,,
1525.020142,0.000014,0.0013,0.3002,0,,,,,
1526.020508,0.000014,0.0013,0.2977,0,,,,,
1527.020630,0.000013,0.0012,0.2912,0,,,,,
1528.019653,0.000014,0.0013,0.3031,0,,,,,
1529.019897,0.000013,0.0012,0.2914,0,,,,,
1530.020142,0.000014,0.0013,0.3046,0,,,,,
1531.020386,0.007481,0.6863,162.4923,0,,,,,
1532.020630,0.000446,0.0409,9.6894,0,,,,,
1533.019653,0.001204,0.1105,26.1600,0,,,,,
1534.019897,0.003680,0.3376,79.9310,0,,,,,
1535.020020,0.004594,0.4215,99.7925,0,,,,,
1536.020264,0.004715,0.4326,102.4127,0,,,,,
1537.020508,0.004572,0.4195,99.3059,1,1531.020386,38.2938,1,1,1
1538.019531,0.004783,0.4388,103.8797,0,,,,,
1539.019775,0.004558,0.4182,98.9998,0,,,,,
1540.020020,0.004616,0.4235,100.2557,0,,,,,
1541.020142,0.004713,0.4324,102.3602,1,1535.020020,63.2727,1,1,1
1542.020508,0.004564,0.4188,99.1438,0,,,,,
1543.020630,0.004789,0.4394,104.0226,0,,,,,
1544.019653,0.004584,0.4206,99.5686,0,,,,,
1545.019897,0.004742,0.4350,102.9894,0,,,,,
1546.020142,0.004603,0.4223,99.9826,0,,,,,
1547.020264,0.004574,0.4197,99.3564,0,,,,,
1548.020630,0.004768,0.4374,103.5615,0,,,,,
1549.019653,0.004546,0.4171,98.7437,0,,,,,
1550.019897,0.003014,0.2765,65.4718,0,,,,,
1551.020020,0.000014,0.0013,0.2986,0,,,,,
1552.020264,0.000014,0.0012,0.2945,0,,,,,
1553.020508,0.000013,0.0012,0.2882,0,,,,,
1554.019531,0.000013,0.0012,0.2833,0,,,,,
1555.019775,0.000013,0.0012,0.2854,0,,,,,
1556.020020,0.000013,0.0012,0.2896,1,1550.019897,100.2601,-1,2,1
1557.020142,0.000013,0.0012,0.2925,0,,,,,
1558.020386,0.000014,0.0013,0.2997,0,,,,,
1559.020630,0.000013,0.0012,0.2886,0,,,,,
1560.019653,0.000013,0.0012,0.2848,0,,,,,
1561.019897,0.000014,0.0013,0.3030,0,,,,,
1562.020142,0.000014,0.0013,0.3041,0,,,,,
1563.020264,0.000014,0.0013,0.3013,0,,,,,
1564.020630,0.000014,0.0013,0.3019,0,,,,,
1565.019653,0.000014,0.0013,0.3010,0,,,,,
1566.019897,0.000014,0.0012,0.2955,0,,,,,
1567.020020,0.000014,0.0013,0.2985,0,,,,,
1568.020264,0.000013,0.0012,0.2852,0,,,,,
1569.020386,0.000013,0.0012,0.2851,0,,,,,
1570.019531,0.000014,0.0013,0.3054,0,,,,,
1571.019775,0.000014,0.0013,0.2979,0,,,,,
1572.020020,0.000013,0.0012,0.2879,0,,,,,
1573.020142,0.000014,0.0012,0.2943,0,,,,,
1574.020386,0.000013,0.0012,0.2896,0,,,,,
1575.020630,0.000014,0.0013,0.3086,0,,,,,
1576.019653,0.000014,0.0012,0.2945,0,,,,,
1577.019897,0.000013,0.0012,0.2872,0,,,,,
1578.020142,0.000014,0.0013,0.3044,0,,,,,
1579.020264,0.000013,0.0012,0.2873,0,,,,,
1580.020508,0.000013,0.0012,0.2817,0,,,,,
1581.019653,0.000014,0.0013,0.3129,0,,,,,
1582.019897,0.000014,0.0013,0.2962,0,,,,,
1583.020020,0.000013,0.0012,0.2878,0,,,,,
1584.020264,0.000014,0.0013,0.3051,0,,,,,
1585.020386,0.000014,0.0013,0.2989,0,,,,,
1586.019531,0.000014,0.0013,0.3006,0,,,,,
1587.019775,0.000014,0.0012,0.2936,0,,,,,
1588.020020,0.000013,0.0012,0.2919,0,,,,,
1589.020142,0.000015,0.0013,0.3161,0,,,,,
1590.020386,0.000014,0.0013,0.3011,0,,,,,
1591.020630,0.000013,0.0012,0.2919,0,,,,,
1592.019653,0.000014,0.0013,0.3073,0,,,,,
1593.019897,0.000013,0.0012,0.2860,0,,,,,
1594.020142,0.000014,0.0013,0.3009,0,,,,,
1595.020264,0.000014,0.0013,0.2986,0,,,,,
1596.020508,0.000014,0.0013,0.3010,0,,,,,
1597.019653,0.000013,0.0012,0.2927,0,,,,,
1598.019897,0.000014,0.0013,0.3084,0,,,,,
1599.020020,0.000013,0.0012,0.2770,0,,,,,
1600.020264,0.000014,0.0013,0.3060,0,,,,,
1601.020386,0.000013,0.0012,0.2844,0,,,,,
1602.019409,0.000014,0.0013,0.2982,0,,,,,
1603.019775,0.000013,0.0012,0.2925,0,,,,,
1604.020020,0.000014,0.0013,0.2989,0,,,,,
1605.020142,0.000014,0.0013,0.3009,0,,,,,
1606.020386,0.000014,0.0013,0.3050,0,,,,,
1607.020508,0.000014,0.0013,0.3044,0,,,,,
1608.019653,0.000014,0.0013,0.3003,0,,,,,
1609.019897,0.000013,0.0012,0.2921,0,,,,,
1610.020142,0.000014,0.0013,0.2975,0,,,,,
1611.020264,0.000014,0.0012,0.2951,0,,,,,
1612.020508,0.000013,0.0012,0.2872,0,,,,,
1613.019531,0.000013,0.0012,0.2932,0,,,,,
1614.019897,0.000014,0.0013,0.2990,0,,,,,
1615.020020,0.000013,0.0012,0.2891,0,,,,,
1616.020264,0.000014,0.0013,0.3030,0,,,,,
1617.020386,0.000014,0.0012,0.2947,0,,,,,
1618.019409,0.000013,0.0012,0.2836,0,,,,,
1619.019775,0.000014,0.0013,0.2982,0,,,,,
1620.020020,0.000014,0.0013,0.2960,0,,,,,
1621.020142,0.000014,0.0013,0.2997,0,,,,,
1622.020386,0.000013,0.0012,0.2919,0,,,,,
1623.020508,0.000014,0.0013,0.3017,0,,,,,
1624.019531,0.000014,0.0013,0.2966,0,,,,,
1625.019897,0.000014,0.0013,0.3001,0,,,,,
1626.020142,0.000013,0.0012,0.2853,0,,,,,
1627.020264,0.000013,0.0012,0.2902,0,,,,,
1628.020508,0.000014,0.0013,0.2970,0,,,,,
1629.019531,0.000014,0.0013,0.2994,0,,,,,
1630.019897,0.000014,0.0013,0.3005,0,,,,,
1631.020020,0.000014,0.0013,0.3011,0,,,,,
1632.020264,0.000014,0.0013,0.3001,0,,,,,
1633.020386,0.000013,0.0012,0.2914,0,,,,,
1634.020630,0.000013,0.0012,0.2921,0,,,,,
1635.019653,0.000013,0.0012,0.2909,0,,,,,
1636.020020,0.000014,0.0013,0.2998,0,,,,,
1637.020142,0.000014,0.0013,0.3009,0,,,,,
1638.020386,0.000014,0.0013,0.2974,0,,,,,
1639.020508,0.000014,0.0013,0.2990,0,,,,,
1640.019531,0.000013,0.0012,0.2882,0,,,,,
1641.019897,0.000014,0.0013,0.2960,0,,,,,
1642.020142,0.000013,0.0012,0.2932,0,,,,,
1643.020264,0.000013,0.0012,0.2877,0,,,,,
1644.020508,0.000014,0.0012,0.2948,0,,,,,
1645.019531,0.000014,0.0013,0.2966,0,,,,,
1646.019653,0.000014,0.0013,0.2971,0,,,,,
1647.020020,0.000014,0.0013,0.3028,0,,,,,
1648.020264,0.000014,0.0013,0.3036,0,,,,,
1649.020386,0.000013,0.0012,0.2926,0,,,,,
1650.020630,0.000014,0.0013,0.3028,0,,,,,
1651.019653,0.000013,0.0012,0.2902,0,,,,,
1652.020020,0.000013,0.0012,0.2893,0,,,,,
1653.020142,0.000013,0.0012,0.2903,0,,,,,
1654.020386,0.000014,0.0013,0.2973,0,,,,,
1655.020508,0.000014,0.0013,0.3061,0,,,,,
1656.019531,0.000014,0.0013,0.3002,0,,,,,
1657.019775,0.000013,0.0012,0.2907,0,,,,,
1658.020142,0.000013,0.0012,0.2826,0,,,,,
1659.020264,0.000014,0.0012,0.2945,0,,,,,
1660.020508,0.000013,0.0012,0.2898,0,,,,,
1661.019531,0.000014,0.0013,0.2977,0,,,,,
1662.019653,0.000014,0.0013,0.3024,0,,,,,
1663.020020,0.000014,0.0013,0.3005,0,,,,,
1664.020264,0.000014,0.0013,0.2987,0,,,,,
1665.020386,0.000014,0.0013,0.3049,0,,,,,
1666.020630,0.000013,0.0012,0.2916,0,,,,,
1667.019653,0.000014,0.0013,0.3026,0,,,,,
1668.019897,0.000013,0.0012,0.2834,0,,,,,
1669.020142,0.000013,0.0012,0.2756,0,,,,,
1670.020386,0.000014,0.0013,0.3004,0,,,,,
1671.020508,0.000014,0.0013,0.3093,0,,,,,
1672.019531,0.000014,0.0013,0.3132,0,,,,,
1673.019775,0.000013,0.0012,0.2894,0,,,,,
1674.020142,0.000014,0.0013,0.2979,0,,,,,
1675.020264,0.000013,0.0012,0.2823,0,,,,,
1676.020508,0.000014,0.0013,0.2980,0,,,,,
1677.019531,0.000014,0.0013,0.2990,0,,,,,
1678.019653,0.000013,0.0012,0.2912,0,,,,,
1679.019897,0.000013,0.0012,0.2920,0,,,,,
1680.020264,0.000013,0.0012,0.2931,0,,,,,
1681.020386,0.000014,0.0013,0.3060,0,,,,,
1682.020630,0.000014,0.0012,0.2954,0,,,,,
1683.019653,0.000013,0.0012,0.2928,0,,,,,
1684.019897,0.000014,0.0013,0.3044,0,,,,,
1685.020142,0.000013,0.0012,0.2885,0,,,,,
1686.020386,0.000014,0.0013,0.2994,0,,,,,
1687.020508,0.000013,0.0012,0.2865,0,,,,,
1688.019531,0.000013,0.0012,0.2932,0,,,,,
1689.019775,0.000014,0.0013,0.3024,0,,,,,
1690.020142,0.000014,0.0012,0.2951,0,,,,,
1691.020264,0.000013,0.0012,0.2844,0,,,,,
1692.020508,0.000014,0.0012,0.2945,0,,,,,
1693.019531,0.000013,0.0012,0.2870,0,,,,,
1694.019653,0.000014,0.0013,0.2995,0,,,,,
1695.019897,0.000013,0.0012,0.2931,0,,,,,
1696.020264,0.000013,0.0012,0.2889,0,,,,,
1697.020386,0.000013,0.0012,0.2821,0,,,,,
1698.020630,0.000014,0.0013,0.2992,0,,,,,
1699.019653,0.000014,0.0013,0.3018,0,,,,,
1700.019897,0.000014,0.0013,0.2990,0,,,,,
1701.020142,0.000014,0.0012,0.2943,0,,,,,
1702.020386,0.000013,0.0012,0.2896,0,,,,,
1703.020508,0.000013,0.0012,0.2890,0,,,,,
1704.019531,0.000014,0.0013,0.3072,0,,,,,
1705.019775,0.000014,0.0013,0.3087,0,,,,,
1706.020020,0.000013,0.0012,0.2781,0,,,,,
1707.020264,0.000014,0.0012,0.2934,0,,,,,
1708.020508,0.000014,0.0012,0.2944,0,,,,,
1709.019531,0.000013,0.0012,0.2873,0,,,,,
1710.019653,0.000014,0.0012,0.2950,0,,,,,
1711.019897,0.000013,0.0012,0.2925,0,,,,,
1712.020264,0.000014,0.0013,0.2962,0,,,,,
1713.020386,0.000013,0.0012,0.2826,0,,,,,
1714.020630,0.000014,0.0013,0.2984,0,,,,,
1715.019653,0.000014,0.0012,0.2942,0,,,,,
1716.019897,0.000014,0.0013,0.3061,0,,,,,
1717.020020,0.000013,0.0012,0.2923,0,,,,,
1718.020386,0.000013,0.0012,0.2913,0,,,,,
1719.020508,0.000014,0.0013,0.3052,0,,,,,
1720.019531,0.000013,0.0012,0.2854,0,,,,,
1721.019775,0.000014,0.0013,0.3010,0,,,,,
1722.020020,0.000014,0.0013,0.3036,0,,,,,
1723.020264,0.000014,0.0013,0.3047,0,,,,,
1724.020508,0.000014,0.0013,0.2992,0,,,,,
1725.019531,0.000014,0.0012,0.2940,0,,,,,
1726.019653,0.000014,0.0013,0.2965,0,,,,,
1727.019897,0.000013,0.0012,0.2912,0,,,,,
1728.020142,0.000014,0.0013,0.3078,0,,,,,
1729.020386,0.000013,0.0012,0.2923,0,,,,,
1730.020630,0.000014,0.0013,0.3091,0,,,,,
1731.019653,0.000015,0.0014,0.3224,0,,,,,
1732.019897,0.000014,0.0013,0.3142,0,,,,,
1733.020020,0.000014,0.0013,0.2979,0,,,,,
1734.020386,0.000014,0.0013,0.3096,0,,,,,
1735.020508,0.000014,0.0013,0.3041,0,,,,,
1736.019531,0.000014,0.0012,0.2956,0,,,,,
1737.019775,0.000014,0.0013,0.3037,0,,,,,
1738.020020,0.000014,0.0013,0.3032,0,,,,,
1739.020142,0.000014,0.0013,0.3050,0,,,,,
1740.020508,0.000013,0.0012,0.2929,0,,,,,
1741.020630,0.000013,0.0012,0.2840,0,,,,,
1742.019653,0.000014,0.0012,0.2955,0,,,,,
1743.019897,0.000013,0.0012,0.2835,0,,,,,
1744.020142,0.000014,0.0013,0.3003,0,,,,,
1745.020386,0.000013,0.0012,0.2891,0,,,,,
1746.020630,0.000014,0.0013,0.2988,0,,,,,
1747.019653,0.000014,0.0012,0.2941,0,,,,,
1748.019897,0.000014,0.0013,0.3030,0,,,,,
1749.020020,0.000014,0.0013,0.3002,0,,,,,
1750.020264,0.000014,0.0013,0.3067,0,,,,,
1751.020508,0.000014,0.0013,0.3085,0,,,,,
1752.019531,0.000014,0.0013,0.3047,0,,,,,
1753.019775,0.000014,0.0013,0.3047,0,,,,,
1754.020020,0.000014,0.0013,0.2972,0,,,,,
1755.020142,0.000014,0.0013,0.3038,0,,,,,
1756.020508,0.000014,0.0013,0.3009,0,,,,,
1757.020630,0.000014,0.0012,0.2948,0,,,,,
1758.019653,0.000014,0.0013,0.2964,0,,,,,
1759.019897,0.000013,0.0012,0.2877,0,,,,,
1760.020142,0.000014,0.0013,0.2971,0,,,,,
1761.020264,0.000014,0.0013,0.2967,0,,,,,
1762.020630,0.000014,0.0013,0.3061,0,,,,,
1763.019653,0.000014,0.0013,0.2970,0,,,,,
1764.019897,0.000013,0.0012,0.2910,0,,,,,
1765.020020,0.000014,0.0013,0.3038,0,,,,,
1766.020264,0.000013,0.0012,0.2915,0,,,,,
1767.020508,0.000014,0.0013,0.3012,0,,,,,
1768.019531,0.000014,0.0013,0.3074,0,,,,,
1769.019775,0.000014,0.0013,0.2966,0,,,,,
1770.020020,0.000013,0.0012,0.2903,0,,,,,
1771.020142,0.000013,0.0012,0.2792,0,,,,,
1772.020386,0.000013,0.0012,0.2888,0,,,,,
1773.020630,0.000014,0.0012,0.2943,0,,,,,
1774.019653,0.000014,0.0012,0.2948,0,,,,,
1775.019897,0.000013,0.0012,0.2892,0,,,,,
1776.020142,0.000014,0.0013,0.2966,0,,,,,
1777.020264,0.000014,0.0013,0.3036,0,,,,,
1778.020630,0.000013,0.0012,0.2918,0,,,,,
1779.019653,0.000014,0.0012,0.2935,0,,,,,
1780.019897,0.000014,0.0013,0.3060,0,,,,,
1781.020020,0.000014,0.0013,0.3029,0,,,,,
1782.020264,0.000014,0.0013,0.3019,0,,,,,
1783.020386,0.000014,0.0013,0.2982,0,,,,,
1784.019531,0.000013,0.0012,0.2848,0,,,,,
1785.019775,0.000013,0.0012,0.2914,0,,,,,
1786.020020,0.000014,0.0013,0.3032,0,,,,,
1787.020142,0.000014,0.0013,0.3112,0,,,,,
1788.020386,0.000014,0.0012,0.2950,0,,,,,
1789.020630,0.000014,0.0013,0.2982,0,,,,,
1790.019653,0.000014,0.0013,0.3016,0,,,,,
1791.019897,0.000014,0.0013,0.2984,0,,,,,
1792.020142,0.000014,0.0012,0.2945,0,,,,,
1793.020264,0.000014,0.0013,0.3014,0,,,,,
1794.020508,0.000014,0.0013,0.2987,0,,,,,
1795.019653,0.000013,0.0012,0.2926,0,,,,,
1796.019897,0.000014,0.0013,0.2961,0,,,,,
1797.020020,0.000014,0.0013,0.2965,0,,,,,
1800.019531,0.000014,0.0013,0.3046,0,,,,,
1801.019775,0.000014,0.0013,0.3016,0,,,,,
1802.020020,0.000014,0.0013,0.3003,0,,,,,
1803.020142,0.000013,0.0012,0.2847,0,,,,,
1804.020386,0.000013,0.0012,0.2825,0,,,,,
1805.020630,0.000014,0.0013,0.3062,0,,,,,
1806.019653,0.000014,0.0013,0.3036,0,,,,,
1807.019897,0.000014,0.0013,0.3003,0,,,,,
1808.020142,0.000013,0.0012,0.2842,0,,,,,
1809.020264,0.000014,0.0013,0.2980,0,,,,,
1810.020508,0.000014,0.0012,0.2934,0,,,,,
1811.019653,0.000014,0.0013,0.2965,0,,,,,
1812.019897,0.000013,0.0012,0.2845,0,,,,,
1813.020020,0.000014,0.0013,0.2962,0,,,,,
1814.020264,0.000013,0.0012,0.2782,0,,,,,
1815.020386,0.000014,0.0013,0.3034,0,,,,,
1816.019409,0.000013,0.0012,0.2914,0,,,,,
1817.019775,0.000014,0.0013,0.3021,0,,,,,
1818.020020,0.000013,0.0012,0.2823,0,,,,,
1819.020142,0.034750,3.1882,754.8016,0,,,,,
1820.020386,0.037049,3.3991,804.7381,0,,,,,
1821.020508,0.036036,3.3061,782.7214,0,,,,,
1822.019653,0.037012,3.3957,803.9360,0,,,,,
1823.019897,0.036087,3.3108,783.8331,0,,,,,
1824.020142,0.037047,3.3989,804.6882,0,,,,,
1825.020264,0.036129,3.3147,784.7502,1,1819.020142,796.8398,1,3,1
1826.020508,0.036737,3.3705,797.9614,0,,,,,
1827.019531,0.036458,3.3448,791.8862,0,,,,,
1828.019897,0.036507,3.3493,792.9492,0,,,,,
1829.020020,0.036858,3.3816,800.5882,0,,,,,
1830.020264,0.036093,3.3114,783.9651,0,,,,,
1831.020386,0.037023,3.3967,804.1729,0,,,,,
1832.019409,0.036109,3.3129,784.3212,0,,,,,
1833.019775,0.036772,3.3737,798.7134,0,,,,,
1834.020020,0.036711,3.3681,797.4004,0,,,,,
1835.020142,0.036104,3.3124,784.2117,0,,,,,
1836.020386,0.037064,3.4005,805.0576,0,,,,,
1837.020508,0.036258,3.3265,787.5429,0,,,,,
1838.019531,0.036406,3.3401,790.7580,0,,,,,
1839.019897,0.036977,3.3925,803.1711,0,,,,,
1840.020142,0.036017,3.3044,782.3265,0,,,,,
1841.020264,0.036501,3.3488,792.8345,0,,,,,
1842.020508,0.036790,3.3754,799.1143,0,,,,,
1843.019531,0.035959,3.2991,781.0539,0,,,,,
1844.019897,0.036699,3.3669,797.1246,0,,,,,
1845.020020,0.036624,3.3601,795.4962,0,,,,,
1846.020264,0.035969,3.3000,781.2769,0,,,,,
1847.020386,0.036825,3.3785,799.8628,0,,,,,
1848.020630,0.036343,3.3343,789.3893,0,,,,,
1849.019653,0.035995,3.3023,781.8293,0,,,,,
1850.020020,0.036861,3.3818,800.6417,0,,,,,
1851.020142,0.035972,3.3003,781.3407,0,,,,,
1852.020386,0.036324,3.3325,788.9766,0,,,,,
1853.020508,0.036664,3.3638,796.3728,0,,,,,
1854.019531,0.035847,3.2888,778.6129,0,,,,,
1855.019897,0.036863,3.3820,800.6849,0,,,,,
1856.020142,0.036115,3.3134,784.4501,0,,,,,
1857.020264,0.036232,3.3241,786.9911,0,,,,,
1858.020508,0.036588,3.3568,794.7289,0,,,,,
1859.019531,0.035856,3.2896,778.8158,0,,,,,
1860.019653,0.036781,3.3745,798.9072,0,,,,,
1861.020020,0.035793,3.2839,777.4552,0,,,,,
1862.020264,0.036494,3.3482,792.6823,0,,,,,
1863.020386,0.036288,3.3293,788.2110,0,,,,,
1864.020630,0.035937,3.2971,780.5887,0,,,,,
1865.019653,0.036608,3.3586,795.1433,0,,,,,
1866.020020,0.035726,3.2777,775.9960,0,,,,,
1867.020142,0.036558,3.3540,794.0604,0,,,,,
1868.020386,0.035877,3.2915,779.2743,0,,,,,
1869.020508,0.036171,3.3186,785.6697,0,,,,,
1870.019531,0.036417,3.3411,791.0097,0,,,,,
1871.019775,0.035756,3.2804,776.6442,0,,,,,
1872.020142,0.036637,3.3612,795.7750,0,,,,,
1873.020264,0.035703,3.2756,775.4950,0,,,,,
1874.020508,0.036256,3.3264,787.5168,0,,,,,
1875.019531,0.036382,3.3379,790.2365,0,,,,,
1876.019653,0.035722,3.2773,775.8973,0,,,,,
1877.020020,0.036584,3.3564,794.6353,0,,,,,
1878.020264,0.035728,3.2779,776.0327,0,,,,,
1879.020386,0.036319,3.3321,788.8686,0,,,,,
1880.020630,0.036246,3.3254,787.2792,0,,,,,
1881.019653,0.035717,3.2769,775.8049,0,,,,,
1882.019897,0.036599,3.3578,794.9665,0,,,,,
1883.020142,0.035660,3.2716,774.5512,0,,,,,
1884.020386,0.036193,3.3206,786.1494,0,,,,,
1885.020508,0.036237,3.3246,787.0963,0,,,,,
1886.019531,0.035673,3.2728,774.8419,0,,,,,
1887.019775,0.036526,3.3511,793.3674,0,,,,,
1888.020142,0.035574,3.2637,772.6847,0,,,,,
1889.020264,0.036184,3.3197,785.9343,0,,,,,
1890.020508,0.036164,3.3179,785.5046,0,,,,,
1891.019531,0.035612,3.2672,773.5208,0,,,,,
1892.019653,0.036496,3.3484,792.7289,0,,,,,
1893.019897,0.035470,3.2542,770.4260,0,,,,,
1894.020264,0.036238,3.3246,787.1057,0,,,,,
1895.020386,0.036081,3.3102,783.6953,0,,,,,
1896.020630,0.035806,3.2850,777.7336,0,,,,,
1897.019653,0.036301,3.3305,788.4855,0,,,,,
1898.019897,0.035502,3.2572,771.1384,0,,,,,
1899.020142,0.036444,3.3436,791.5989,0,,,,,
1900.020386,0.035437,3.2512,769.7179,0,,,,,
1901.020508,0.036378,3.3375,790.1541,0,,,,,
1902.019531,0.035471,3.2543,770.4639,0,,,,,
1903.019775,0.036396,3.3392,790.5446,0,,,,,
1904.020020,0.035561,3.2625,772.4028,0,,,,,
1905.020264,0.036222,3.3232,786.7740,0,,,,,
1906.020508,0.035610,3.2671,773.4745,0,,,,,
1907.019531,0.036228,3.3237,786.8900,0,,,,,
1908.019653,0.035596,3.2657,773.1627,0,,,,,
1909.019897,0.036165,3.3180,785.5413,0,,,,,
1910.020264,0.035706,3.2759,775.5708,0,,,,,
1911.020386,0.035952,3.2985,780.9106,0,,,,,
1912.020630,0.035805,3.2850,777.7165,0,,,,,
1913.019653,0.035827,3.2870,778.1956,0,,,,,
1914.019897,0.036089,3.3110,783.8751,0,,,,,
1915.020142,0.035666,3.2722,774.6891,0,,,,,
1916.020386,0.036406,3.3401,790.7693,0,,,,,
1917.020508,0.035410,3.2487,769.1251,0,,,,,
1918.019531,0.036346,3.3346,789.4656,0,,,,,
1919.019775,0.035380,3.2460,768.4803,0,,,,,
1920.020020,0.036240,3.3249,787.1703,0,,,,,
1921.020264,0.035423,3.2499,769.4214,0,,,,,
1922.020508,0.036125,3.3143,784.6639,0,,,,,
1923.019531,0.026698,2.4494,579.9018,0,,,,,
1924.019653,0.000057,0.0052,1.2402,0,,,,,
1925.019897,0.000042,0.0038,0.9080,0,,,,,
1926.020142,0.000038,0.0035,0.8329,0,,,,,
1927.020386,0.000038,0.0035,0.8335,0,,,,,
1928.020630,0.000038,0.0034,0.8152,1,1923.019531,779.4246,-1,3,1
1929.019653,0.000038,0.0035,0.8310,0,,,,,
1930.019897,0.000037,0.0034,0.8013,0,,,,,
1931.020020,0.000039,0.0036,0.8471,0,,,,,
1932.020386,0.000037,0.0034,0.8118,0,,,,,
1933.020508,0.000038,0.0035,0.8281,0,,,,,
1934.019531,0.000037,0.0034,0.8041,0,,,,,
1935.019775,0.000038,0.0035,0.8347,0,,,,,
1936.020020,0.000038,0.0035,0.8227,0,,,,,
1937.020264,0.000039,0.0036,0.8425,0,,,,,
1938.020508,0.000037,0.0034,0.8035,0,,,,,
1939.019531,0.000039,0.0036,0.8421,0,,,,,
1940.019653,0.000038,0.0035,0.8256,0,,,,,
1941.019897,0.000039,0.0036,0.8416,0,,,,,
1942.020142,0.000038,0.0035,0.8212,0,,,,,
1943.020386,0.000039,0.0035,0.8402,0,,,,,
1944.020630,0.000038,0.0035,0.8208,0,,,,,
1945.019653,0.000038,0.0035,0.8325,0,,,,,
1946.019897,0.000037,0.0034,0.8141,0,,,,,
1947.020020,0.000038,0.0035,0.8282,0,,,,,
1948.020386,0.000038,0.0035,0.8316,0,,,,,
1949.020508,0.000038,0.0034,0.8156,0,,,,,
1950.019531,0.000038,0.0035,0.8297,0,,,,,
1951.019775,0.000038,0.0035,0.8288,0,,,,,
1952.020020,0.000039,0.0036,0.8510,0,,,,,
1953.020142,0.000038,0.0035,0.8295,0,,,,,
1954.020508,0.000039,0.0036,0.8424,0,,,,,
1955.020630,0.000037,0.0034,0.8126,0,,,,,
1956.019653,0.000039,0.0036,0.8457,0,,,,,
1957.019897,0.000037,0.0034,0.8078,0,,,,,
1958.020142,0.000039,0.0036,0.8486,0,,,,,
1959.020386,0.000039,0.0035,0.8372,0,,,,,
1960.020630,0.000039,0.0036,0.8442,0,,,,,
1961.019653,0.000038,0.0035,0.8187,0,,,,,
1962.019897,0.000039,0.0036,0.8422,0,,,,,
1963.020020,0.000038,0.0035,0.8316,0,,,,,
1964.020264,0.000039,0.0036,0.8458,0,,,,,
1965.020508,0.000038,0.0035,0.8248,0,,,,,
1966.019531,0.000039,0.0036,0.8441,0,,,,,
1967.019775,0.000038,0.0035,0.8303,0,,,,,
1968.020020,0.000039,0.0035,0.8396,0,,,,,
1969.020142,0.000039,0.0035,0.8380,0,,,,,
1970.020508,0.000038,0.0035,0.8267,0,,,,,
1971.020630,0.000039,0.0035,0.8368,0,,,,,
1972.019653,0.000037,0.0034,0.8059,0,,,,,
1973.019897,0.000038,0.0035,0.8359,0,,,,,
1974.020142,0.000038,0.0035,0.8265,0,,,,,
1975.020264,0.000039,0.0036,0.8527,0,,,,,
1976.020630,0.000038,0.0035,0.8195,0,,,,,
1977.019653,0.000039,0.0036,0.8560,0,,,,,
1978.019897,0.000038,0.0035,0.8222,0,,,,,
1979.020020,0.000038,0.0035,0.8343,0,,,,,
1980.020264,0.000038,0.0035,0.8212,0,,,,,
1981.020508,0.000038,0.0035,0.8270,0,,,,,
1982.019531,0.000039,0.0036,0.8449,0,,,,,
1983.019775,0.000038,0.0035,0.8276,0,,,,,
1984.020020,0.000040,0.0036,0.8600,0,,,,,
1985.020142,0.000038,0.0035,0.8335,0,,,,,
1986.020386,0.000039,0.0036,0.8485,0,,,,,
1987.020630,0.000039,0.0035,0.8365,0,,,,,
1988.019653,0.000039,0.0036,0.8438,0,,,,,
1989.019897,0.000039,0.0036,0.8421,0,,,,,
1990.020142,0.000037,0.0034,0.8124,0,,,,,
1991.020264,0.000039,0.0036,0.8514,0,,,,,
1992.020630,0.000037,0.0034,0.8112,0,,,,,
1993.019653,0.000039,0.0036,0.8450,0,,,,,
1994.019897,0.000039,0.0036,0.8574,0,,,,,
1995.020020,0.000039,0.0036,0.8435,0,,,,,
1996.020264,0.000039,0.0036,0.8474,0,,,,,
1997.020386,0.000038,0.0035,0.8315,0,,,,,
1998.019531,0.000039,0.0036,0.8545,0,,,,,
1999.019775,0.000038,0.0035,0.8179,0,,,,,
2000.020020,0.000040,0.0036,0.8582,0,,,,,
2001.020142,0.000038,0.0035,0.8328,0,,,,,
2002.020386,0.000039,0.0035,0.8366,0,,,,,
2003.020630,0.000038,0.0035,0.8340,0,,,,,
2004.019653,0.000039,0.0035,0.8379,0,,,,,
2005.019897,0.000038,0.0035,0.8294,0,,,,,
2006.020142,0.000038,0.0035,0.8230,0,,,,,
2007.020264,0.000039,0.0036,0.8407,0,,,,,
2008.020508,0.000038,0.0035,0.8303,0,,,,,
2009.019653,0.000039,0.0036,0.8466,0,,,,,
2010.019897,0.000038,0.0035,0.8303,0,,,,,
2011.020020,0.000039,0.0036,0.8467,0,,,,,
2012.020264,0.000038,0.0035,0.8194,0,,,,,
2013.020386,0.000040,0.0036,0.8619,0,,,,,
2014.019531,0.000039,0.0035,0.8368,0,,,,,
2015.019775,0.000038,0.0035,0.8341,0,,,,,
2016.020020,0.000039,0.0035,0.8397,0,,,,,
2017.020142,0.000039,0.0036,0.8405,0,,,,,
2018.020386,0.000039,0.0036,0.8484,0,,,,,
2019.020630,0.000039,0.0035,0.8399,0,,,,,
2020.019653,0.000039,0.0036,0.8562,0,,,,,
2021.019897,0.000039,0.0036,0.8531,0,,,,,
2022.020142,0.000039,0.0036,0.8564,0,,,,,
2023.020264,0.000038,0.0035,0.8330,0,,,,,
2024.020508,0.000040,0.0036,0.8595,0,,,,,
2025.019653,0.000038,0.0035,0.8254,0,,,,,
2026.019897,0.000039,0.0036,0.8484,0,,,,,
2027.020020,0.000038,0.0035,0.8307,0,,,,,
2028.020264,0.000039,0.0036,0.8574,0,,,,,
2029.020386,0.000038,0.0035,0.8169,0,,,,,
2030.019409,0.000039,0.0036,0.8552,0,,,,,
2031.019775,0.000038,0.0035,0.8249,0,,,,,
2032.020020,0.000039,0.0036,0.8466,0,,,,,
2033.020142,0.000038,0.0035,0.8312,0,,,,,
2034.020386,0.000039,0.0035,0.8392,0,,,,,
2035.020508,0.000039,0.0035,0.8376,0,,,,,
2036.019653,0.000039,0.0036,0.8418,0,,,,,
2037.019897,0.000039,0.0036,0.8559,0,,,,,
2038.020142,0.000039,0.0036,0.8518,0,,,,,
2039.020264,0.000038,0.0035,0.8336,0,,,,,
2040.020508,0.000039,0.0036,0.8462,0,,,,,
2041.019531,0.000039,0.0035,0.8391,0,,,,,
2042.019897,0.000039,0.0036,0.8427,0,,,,,
2043.020020,0.000039,0.0035,0.8394,0,,,,,
2044.020264,0.000040,0.0037,0.8729,0,,,,,
2045.020386,0.000039,0.0035,0.8392,0,,,,,
2046.019409,0.000039,0.0036,0.8507,0,,,,,
2047.019775,0.000038,0.0034,0.8165,0,,,,,
2048.020020,0.000040,0.0037,0.8664,0,,,,,
2049.020264,0.000038,0.0035,0.8283,0,,,,,
2050.020264,0.000039,0.0036,0.8502,0,,,,,
2051.020508,0.000038,0.0035,0.8309,0,,,,,
2052.019531,0.000040,0.0036,0.8631,0,,,,,
2053.020020,0.000038,0.0035,0.8226,0,,,,,
2054.020020,0.000039,0.0036,0.8575,0,,,,,
2055.020264,0.000038,0.0035,0.8347,0,,,,,
2056.020508,0.000040,0.0036,0.8606,0,,,,,
2057.019531,0.000038,0.0035,0.8338,0,,,,,
2058.019775,0.000040,0.0036,0.8610,0,,,,,
2059.020020,0.000039,0.0036,0.8414,0,,,,,
2060.020264,0.000040,0.0036,0.8580,0,,,,,
2061.020508,0.000038,0.0035,0.8324,0,,,,,
2062.020508,0.000040,0.0037,0.8693,0,,,,,
2063.019531,0.000038,0.0035,0.8218,0,,,,,
2064.020020,0.000039,0.0036,0.8532,0,,,,,
2065.020264,0.000039,0.0035,0.8388,0,,,,,
2066.020264,0.000039,0.0036,0.8572,0,,,,,
2067.020508,0.000039,0.0035,0.8380,0,,,,,
2068.019531,0.000039,0.0035,0.8366,0,,,,,
2069.020020,0.000039,0.0036,0.8543,0,,,,,
2070.020020,0.000040,0.0036,0.8602,0,,,,,
2071.020264,0.000039,0.0036,0.8575,0,,,,,
2072.020508,0.000038,0.0035,0.8298,0,,,,,
2073.019531,0.000040,0.0036,0.8591,0,,,,,
2074.019775,0.000038,0.0035,0.8353,0,,,,,
2075.020020,0.000039,0.0036,0.8496,0,,,,,
2076.020264,0.000038,0.0035,0.8313,0,,,,,
2077.020508,0.000039,0.0036,0.8510,0,,,,,
2078.020508,0.000038,0.0035,0.8292,0,,,,,
2079.019531,0.000039,0.0036,0.8564,0,,,,,
2080.020020,0.000038,0.0035,0.8338,0,,,,,
2081.020264,0.000040,0.0037,0.8689,0,,,,,
2082.020264,0.000038,0.0035,0.8329,0,,,,,
2083.020508,0.000040,0.0036,0.8636,0,,,,,
2084.019531,0.000038,0.0035,0.8269,0,,,,,
2085.019775,0.000039,0.0036,0.8476,0,,,,,
2086.020020,0.000039,0.0035,0.8402,0,,,,,
2087.020264,0.000040,0.0036,0.8595,0,,,,,
2088.020508,0.000038,0.0035,0.8270,0,,,,,
2089.019531,0.000039,0.0036,0.8529,0,,,,,
2090.019775,0.000039,0.0036,0.8457,0,,,,,
2091.020020,0.000040,0.0036,0.8595,0,,,,,
2092.020264,0.000039,0.0036,0.8568,0,,,,,
2093.020508,0.000039,0.0036,0.8445,0,,,,,
2094.020508,0.000040,0.0036,0.8617,0,,,,,
2095.019531,0.000038,0.0035,0.8280,0,,,,,
2096.019775,0.000040,0.0036,0.8623,0,,,,,
2097.020264,0.000039,0.0036,0.8571,0,,,,,
2098.020264,0.000039,0.0036,0.8432,0,,,,,
2099.020508,0.000039,0.0036,0.8465,0,,,,,
2100.019531,0.000039,0.0036,0.8431,0,,,,,
2101.019775,0.000040,0.0037,0.8749,0,,,,,
2102.020020,0.000039,0.0036,0.8416,0,,,,,
2103.020264,0.000040,0.0036,0.8607,0,,,,,
2104.020508,0.000039,0.0036,0.8524,0,,,,,
2105.019531,0.000039,0.0035,0.8394,0,,,,,
2106.019775,0.000040,0.0036,0.8622,0,,,,,
2107.020020,0.000039,0.0036,0.8447,0,,,,,
2108.020264,0.000039,0.0036,0.8514,0,,,,,
2109.020508,0.000039,0.0035,0.8391,0,,,,,
2110.020508,0.000040,0.0037,0.8657,0,,,,,
2111.019531,0.000039,0.0036,0.8425,0,,,,,
2112.019775,0.000039,0.0036,0.8431,0,,,,,
2113.020264,0.000039,0.0036,0.8505,0,,,,,
2114.020264,0.000040,0.0036,0.8619,0,,,,,
2115.020508,0.000040,0.0036,0.8606,0,,,,,
2116.019531,0.000039,0.0036,0.8456,0,,,,,
2117.019775,0.000039,0.0036,0.8507,0,,,,,
2118.020020,0.000039,0.0036,0.8418,0,,,,,
2119.020264,0.000038,0.0035,0.8278,0,,,,,
2120.020508,0.000039,0.0036,0.8451,0,,,,,
2121.019531,0.000039,0.0036,0.8545,0,,,,,
2122.019775,0.000038,0.0035,0.8215,0,,,,,
2123.020020,0.000039,0.0036,0.8571,0,,,,,
2124.020264,0.000039,0.0036,0.8406,0,,,,,
2125.020508,0.000039,0.0036,0.8522,0,,,,,
2126.020508,0.000039,0.0036,0.8525,0,,,,,
2127.019531,0.000040,0.0036,0.8628,0,,,,,
2128.019775,0.000039,0.0036,0.8449,0,,,,,
2129.020264,0.000039,0.0035,0.8366,0,,,,,
2130.020264,0.000039,0.0036,0.8575,0,,,,,
2131.020508,0.000038,0.0035,0.8345,0,,,,,
2132.019531,0.000040,0.0036,0.8626,0,,,,,
2133.019775,0.000039,0.0036,0.8446,0,,,,,
2134.020020,0.000039,0.0036,0.8555,0,,,,,
2135.020264,0.000039,0.0036,0.8531,0,,,,,
2136.020508,0.000039,0.0035,0.8395,0,,,,,
2137.019531,0.000039,0.0036,0.8461,0,,,,,
2138.019775,0.000039,0.0036,0.8432,0,,,,,
2139.020020,0.000039,0.0036,0.8501,0,,,,,
2140.020264,0.000039,0.0036,0.8442,0,,,,,
2141.020508,0.000039,0.0035,0.8377,0,,,,,
2142.020508,0.000038,0.0035,0.8344,0,,,,,
2143.019531,0.000039,0.0036,0.8529,0,,,,,
2144.019775,0.000038,0.0035,0.8326,0,,,,,
2145.020020,0.000040,0.0036,0.8582,0,,,,,
2146.020264,0.000038,0.0035,0.8321,0,,,,,
2147.020508,0.000039,0.0036,0.8541,0,,,,,
2148.019531,0.000039,0.0036,0.8451,0,,,,,
2149.020020,0.000039,0.0036,0.8475,0,,,,,
2150.020020,0.000039,0.0035,0.8383,0,,,,,
2151.020264,0.000039,0.0036,0.8453,0,,,,,
2152.020508,0.000039,0.0036,0.8531,0,,,,,
2153.019287,0.000039,0.0035,0.8378,0,,,,,
2154.019775,0.000039,0.0036,0.8527,0,,,,,
2155.020020,0.000038,0.0035,0.8347,0,,,,,
2156.020264,0.000040,0.0037,0.8692,0,,,,,
2157.020508,0.000038,0.0035,0.8261,0,,,,,
2158.020508,0.000039,0.0036,0.8436,0,,,,,
2159.019531,0.000039,0.0035,0.8403,0,,,,,
2160.020020,0.000039,0.0036,0.8471,0,,,,,
2161.020264,0.000040,0.0036,0.8607,0,,,,,
2162.020264,0.000038,0.0035,0.8291,0,,,,,
2163.020508,0.000039,0.0036,0.8552,0,,,,,
2164.019531,0.000039,0.0036,0.8449,0,,,,,
2165.020020,0.000038,0.0035,0.8351,0,,,,,
2166.020020,0.000039,0.0036,0.8523,0,,,,,
2167.020264,0.000038,0.0035,0.8287,0,,,,,
2168.020508,0.000039,0.0036,0.8562,0,,,,,
2169.020752,0.000040,0.0037,0.8674,0,,,,,
2170.019531,0.000039,0.0036,0.8471,0,,,,,
2171.020020,0.000038,0.0035,0.8356,0,,,,,
2172.020264,0.000040,0.0036,0.8580,0,,,,,
2173.020508,0.000038,0.0035,0.8338,0,,,,,
2174.020508,0.000040,0.0036,0.8639,0,,,,,
2175.019531,0.000039,0.0036,0.8443,0,,,,,
2176.020020,0.000040,0.0037,0.8782,0,,,,,
2177.020264,0.000039,0.0036,0.8511,0,,,,,
2178.020264,0.000039,0.0036,0.8467,0,,,,,
2179.020508,0.000039,0.0036,0.8530,0,,,,,
2180.019531,0.000039,0.0036,0.8484,0,,,,,
2181.019531,0.000039,0.0036,0.8451,0,,,,,
2182.020020,0.000040,0.0037,0.8671,0,,,,,
2183.020264,0.000039,0.0036,0.8482,0,,,,,
2184.020508,0.000039,0.0036,0.8533,0,,,,,
2185.020752,0.000040,0.0036,0.8603,0,,,,,
2186.019531,0.000039,0.0035,0.8399,0,,,,,
2187.020020,0.000039,0.0036,0.8486,0,,,,,
2188.020264,0.000039,0.0036,0.8422,0,,,,,
2189.020508,0.000040,0.0037,0.8652,0,,,,,
2190.020508,0.000038,0.0035,0.8328,0,,,,,
2191.019531,0.000039,0.0036,0.8504,0,,,,,
2192.019775,0.000038,0.0035,0.8259,0,,,,,
2193.020264,0.000039,0.0036,0.8527,0,,,,,
2194.020264,0.000039,0.0036,0.8440,0,,,,,
2195.020508,0.000039,0.0036,0.8553,0,,,,,
2196.019531,0.000039,0.0036,0.8529,0,,,,,
2197.019531,0.000039,0.0036,0.8496,0,,,,,
2198.020020,0.000039,0.0036,0.8511,0,,,,,
2199.020264,0.000038,0.0035,0.8326,0,,,,,
2200.020508,0.000040,0.0036,0.8613,0,,,,,
2201.020752,0.000039,0.0035,0.8399,0,,,,,
2202.019531,0.000039,0.0036,0.8545,0,,,,,
2203.019775,0.000039,0.0036,0.8457,0,,,,,
2204.020264,0.000039,0.0036,0.8580,0,,,,,
2205.020508,0.000039,0.0035,0.8398,0,,,,,
2206.020508,0.000039,0.0036,0.8475,0,,,,,
2207.019531,0.000040,0.0036,0.8638,0,,,,,
2208.019775,0.000039,0.0036,0.8442,0,,,,,
2209.020264,0.000039,0.0036,0.8522,0,,,,,
2210.020264,0.000039,0.0036,0.8410,0,,,,,
2211.020508,0.000040,0.0037,0.8753,0,,,,,
2212.019531,0.000039,0.0035,0.8398,0,,,,,
2213.019531,0.000040,0.0037,0.8652,0,,,,,
2214.019775,0.000039,0.0036,0.8510,0,,,,,
2215.020264,0.000039,0.0036,0.8524,0,,,,,
2216.020508,0.000040,0.0037,0.8743,0,,,,,
2217.020752,0.000039,0.0036,0.8429,0,,,,,
2218.019531,0.000040,0.0037,0.8704,0,,,,,
2219.019775,0.000038,0.0035,0.8206,0,,,,,
2220.020264,0.000040,0.0037,0.8651,0,,,,,
2221.020508,0.000039,0.0036,0.8558,0,,,,,
2222.020508,0.000039,0.0036,0.8453,0,,,,,
2223.019531,0.000040,0.0036,0.8601,0,,,,,
2224.019775,0.000038,0.0035,0.8359,0,,,,,
2225.020020,0.000040,0.0037,0.8692,0,,,,,
2226.020264,0.000039,0.0036,0.8447,0,,,,,
2227.020508,0.000040,0.0036,0.8593,0,,,,,
2228.019531,0.000039,0.0036,0.8558,0,,,,,
2229.019531,0.000039,0.0036,0.8434,0,,,,,
2230.019775,0.000040,0.0037,0.8728,0,,,,,
2231.020264,0.000039,0.0036,0.8481,0,,,,,
2232.020508,0.000039,0.0036,0.8511,0,,,,,
2233.020752,0.000039,0.0036,0.8437,0,,,,,
2234.019531,0.000039,0.0036,0.8500,0,,,,,
2235.019775,0.000040,0.0037,0.8651,0,,,,,
2236.020264,0.000038,0.0035,0.8358,0,,,,,
2237.020508,0.000039,0.0036,0.8504,0,,,,,
2238.020508,0.000039,0.0036,0.8412,0,,,,,
2239.019531,0.000039,0.0036,0.8537,0,,,,,
2240.019775,0.000038,0.0035,0.8348,0,,,,,
2241.020020,0.000040,0.0037,0.8676,0,,,,,
2242.020264,0.000038,0.0035,0.8262,0,,,,,
2243.020508,0.000040,0.0037,0.8688,0,,,,,
2244.019531,0.000039,0.0035,0.8402,0,,,,,
2245.019531,0.000040,0.0036,0.8596,0,,,,,
2246.019775,0.000038,0.0035,0.8352,0,,,,,
2247.020020,0.000039,0.0036,0.8473,0,,,,,
2250.019531,0.007363,0.6755,159.9228,0,,,,,
2251.019775,0.005839,0.5357,126.8273,0,,,,,
2252.020020,0.000043,0.0039,0.9238,0,,,,,
2253.020508,0.000040,0.0037,0.8774,0,,,,,
2254.020508,0.006752,0.6194,146.6495,1,2248.020508,159.0382,1,-1,1
2255.019531,0.006394,0.5866,138.8730,0,,,,,
2256.019775,0.009234,0.8471,200.5610,0,,,,,
2257.020020,0.009746,0.8942,211.6958,0,,,,,
2258.020264,0.010245,0.9399,222.5330,1,2252.020020,64.4190,-1,1,1
2259.020508,0.025666,2.3547,557.4767,0,,,,,
2260.019531,0.036689,3.3661,796.9124,0,,,,,
2261.019531,0.036938,3.3889,802.3159,0,,,,,
2262.019775,0.036153,3.3168,785.2637,1,2256.019775,235.1019,1,-1,1
2263.020020,0.036999,3.3945,803.6387,0,,,,,
2264.020508,0.036439,3.3432,791.4922,0,,,,,
2265.020752,0.036522,3.3507,793.2784,1,2260.019531,466.5042,1,-1,1
2266.019531,0.036883,3.3838,801.1210,0,,,,,
2267.019775,0.036141,3.3158,785.0167,0,,,,,
2268.020020,0.036959,3.3909,802.7855,0,,,,,
2269.020508,0.036172,3.3186,785.6790,0,,,,,
2270.020508,0.036846,3.3805,800.3317,0,,,,,
2271.019531,0.036418,3.3412,791.0207,0,,,,,
2272.019775,0.036546,3.3529,793.8019,0,,,,,
2273.020020,0.036636,3.3612,795.7552,0,,,,,
2274.020020,0.036299,3.3302,788.4366,0,,,,,
2275.020508,0.036683,3.3655,796.7769,0,,,,,
2276.020752,0.036173,3.3187,785.6981,0,,,,,
2277.019531,0.036764,3.3730,798.5474,0,,,,,
2278.019775,0.036181,3.3195,785.8872,0,,,,,
2279.020020,0.036680,3.3652,796.7111,0,,,,,
2280.020508,0.036262,3.3269,787.6480,0,,,,,
2281.020752,0.036662,3.3636,796.3205,0,,,,,
2282.019531,0.036281,3.3286,788.0408,0,,,,,
2283.019775,0.036493,3.3480,792.6475,0,,,,,
2284.020020,0.036356,3.3355,789.6702,0,,,,,
2285.020264,0.036440,3.3432,791.4951,0,,,,,
2286.020508,0.036269,3.3275,787.7941,0,,,,,
2287.019531,0.025415,2.3317,552.0271,0,,,,,
2288.019775,0.007933,0.7278,172.3165,0,,,,,
2289.020020,0.007126,0.6538,154.7830,0,,,,,
2290.020020,0.005368,0.4925,116.6031,0,,,,,
2291.020508,0.005382,0.4938,116.8994,0,,,,,
2292.020752,0.000056,0.0052,1.2247,1,2287.019531,641.7521,-1,-1,1
2293.019531,0.000041,0.0038,0.8883,0,,,,,
2294.019775,0.000039,0.0036,0.8576,0,,,,,
2295.020020,0.000039,0.0036,0.8527,0,,,,,
2296.020264,0.000039,0.0036,0.8471,0,,,,,
2297.020752,0.000039,0.0036,0.8484,1,2291.020508,146.9106,-1,-1,1
2298.019531,0.000039,0.0036,0.8467,0,,,,,
2299.019775,0.000040,0.0036,0.8629,0,,,,,
2300.020020,0.000039,0.0036,0.8466,0,,,,,
2301.020264,0.000039,0.0035,0.8375,0,,,,,
2302.020508,0.000039,0.0036,0.8571,0,,,,,
2303.019531,0.000039,0.0035,0.8367,0,,,,,
2304.019775,0.000039,0.0036,0.8539,0,,,,,
2305.020020,0.000039,0.0036,0.8451,0,,,,,
2306.020020,0.000039,0.0036,0.8489,0,,,,,
2307.020264,0.000040,0.0036,0.8601,0,,,,,
2308.020752,0.000038,0.0035,0.8206,0,,,,,
2309.019531,0.000039,0.0036,0.8485,0,,,,,
2310.019775,0.000039,0.0036,0.8456,0,,,,,
2311.020020,0.000039,0.0036,0.8518,0,,,,,
2312.020264,0.000039,0.0035,0.8385,0,,,,,
2313.020752,0.000040,0.0037,0.8692,0,,,,,
2314.019531,0.000038,0.0035,0.8339,0,,,,,
2315.019775,0.000040,0.0036,0.8613,0,,,,,
2316.020020,0.000040,0.0037,0.8750,0,,,,,
2317.020264,0.000039,0.0036,0.8472,0,,,,,
2318.020264,0.000039,0.0036,0.8526,0,,,,,
2319.019531,0.000039,0.0035,0.8378,0,,,,,
2320.019775,0.000040,0.0037,0.8699,0,,,,,
2321.020020,0.000039,0.0036,0.8568,0,,,,,
2324.020752,0.000039,0.0036,0.8421,0,,,,,
2325.019531,0.000040,0.0036,0.8600,0,,,,,
2326.019775,0.000039,0.0036,0.8458,0,,,,,
2327.020020,0.000040,0.0036,0.8595,0,,,,,
2328.020264,0.000040,0.0036,0.8639,0,,,,,
2329.020508,0.000039,0.0036,0.8433,0,,,,,
2330.019531,0.000039,0.0036,0.8525,0,,,,,
2331.019775,0.000039,0.0035,0.8381,0,,,,,
2332.020020,0.000039,0.0036,0.8574,0,,,,,
2333.020264,0.000039,0.0036,0.8516,0,,,,,
2334.020264,0.000039,0.0036,0.8570,0,,,,,
2335.019531,0.000040,0.0037,0.8710,0,,,,,
2336.019775,0.000039,0.0035,0.8366,0,,,,,
2337.020020,0.000039,0.0036,0.8573,0,,,,,
2338.020020,0.000039,0.0036,0.8444,0,,,,,
2339.020264,0.000040,0.0036,0.8617,0,,,,,
2340.020752,0.000039,0.0036,0.8416,0,,,,,
2341.019531,0.000040,0.0037,0.8674,0,,,,,
2342.019775,0.000038,0.0035,0.8341,0,,,,,
2343.020020,0.000040,0.0037,0.8701,0,,,,,
2344.020264,0.000039,0.0036,0.8457,0,,,,,
2345.020508,0.000040,0.0037,0.8657,0,,,,,
2346.019531,0.000039,0.0036,0.8473,0,,,,,
2347.019775,0.000040,0.0036,0.8610,0,,,,,
2348.020020,0.000038,0.0035,0.8334,0,,,,,
2349.020264,0.000040,0.0036,0.8627,0,,,,,
2350.020264,0.000039,0.0036,0.8432,0,,,,,
2351.019531,0.000039,0.0036,0.8445,0,,,,,
2352.019775,0.000039,0.0036,0.8558,0,,,,,
2353.020020,0.000040,0.0037,0.8673,0,,,,,
2354.020020,0.000039,0.0036,0.8488,0,,,,,
2355.020264,0.000038,0.0034,0.8146,0,,,,,
2356.020508,0.000039,0.0036,0.8460,0,,,,,
2357.019531,0.000039,0.0036,0.8533,0,,,,,
2358.019775,0.000039,0.0036,0.8549,0,,,,,
2359.020020,0.000039,0.0036,0.8422,0,,,,,
2360.020264,0.000039,0.0036,0.8549,0,,,,,
2361.020508,0.000039,0.0036,0.8460,0,,,,,
2362.019531,0.000039,0.0036,0.8554,0,,,,,
2363.019775,0.000038,0.0035,0.8265,0,,,,,
2364.020020,0.000039,0.0036,0.8575,0,,,,,
2365.020264,0.000039,0.0036,0.8505,0,,,,,
2366.020264,0.000040,0.0036,0.8616,0,,,,,
2367.019531,0.000038,0.0035,0.8280,0,,,,,
2368.019775,0.000040,0.0036,0.8637,0,,,,,
2369.020020,0.000039,0.0035,0.8388,0,,,,,
2370.020020,0.000039,0.0036,0.8578,0,,,,,
2371.020264,0.000038,0.0035,0.8357,0,,,,,
2372.020508,0.000040,0.0036,0.8598,0,,,,,
2373.019531,0.000039,0.0036,0.8432,0,,,,,
2374.019775,0.000039,0.0036,0.8491,0,,,,,
2375.020020,0.000039,0.0036,0.8460,0,,,,,
2376.020264,0.000039,0.0036,0.8527,0,,,,,
2377.020508,0.000039,0.0036,0.8538,0,,,,,
2378.019531,0.000039,0.0036,0.8492,0,,,,,
2379.019775,0.000040,0.0037,0.8668,0,,,,,
2380.020020,0.000040,0.0037,0.8647,0,,,,,
2381.020264,0.000039,0.0036,0.8527,0,,,,,
2382.020264,0.000039,0.0035,0.8374,0,,,,,
2383.020508,0.000039,0.0036,0.8419,0,,,,,
2384.019775,0.000040,0.0037,0.8674,0,,,,,
2385.020020,0.000039,0.0036,0.8503,0,,,,,
2386.020020,0.000039,0.0036,0.8579,0,,,,,
2387.020264,0.000040,0.0036,0.8587,0,,,,,
2390.019775,0.000039,0.0036,0.8543,0,,,,,
2391.020020,0.000040,0.0036,0.8615,0,,,,,
2392.020264,0.000039,0.0036,0.8410,0,,,,,
2393.020508,0.000041,0.0037,0.8817,0,,,,,
2394.019531,0.000038,0.0035,0.8355,0,,,,,
2395.019775,0.000040,0.0036,0.8583,0,,,,,
2396.020020,0.000039,0.0036,0.8417,0,,,,,
2397.020264,0.000040,0.0036,0.8598,0,,,,,
2398.020264,0.000039,0.0036,0.8501,0,,,,,
2399.020508,0.000039,0.0036,0.8540,0,,,,,
2400.019775,0.000039,0.0036,0.8496,0,,,,,
2401.020020,0.000039,0.0036,0.8510,0,,,,,
2402.020020,0.000040,0.0036,0.8629,0,,,,,
2403.020264,0.000039,0.0036,0.8534,0,,,,,
2404.020508,0.000040,0.0037,0.8658,0,,,,,
2405.019531,0.000038,0.0035,0.8355,0,,,,,
2406.019775,0.000040,0.0037,0.8713,0,,,,,
2407.020020,0.000038,0.0035,0.8329,0,,,,,
2408.020264,0.000040,0.0037,0.8667,0,,,,,
2409.020508,0.000039,0.0036,0.8458,0,,,,,
2410.019531,0.000039,0.0035,0.8364,0,,,,,
2411.019775,0.000040,0.0037,0.8656,0,,,,,
2412.020020,0.000039,0.0035,0.8403,0,,,,,
2413.020264,0.000040,0.0036,0.8602,0,,,,,
2414.020264,0.000038,0.0035,0.8341,0,,,,,
2415.020508,0.000039,0.0036,0.8488,0,,,,,
2416.019775,0.000039,0.0036,0.8444,0,,,,,
2417.020020,0.000039,0.0036,0.8423,0,,,,,
2418.020020,0.000040,0.0037,0.8645,0,,,,,
2419.020264,0.000038,0.0035,0.8264,0,,,,,
2420.020508,0.000039,0.0036,0.8562,0,,,,,
2421.019531,0.000039,0.0036,0.8460,0,,,,,
2422.019775,0.000039,0.0036,0.8431,0,,,,,
2423.020020,0.000040,0.0037,0.8724,0,,,,,
2424.020264,0.000038,0.0035,0.8320,0,,,,,
2425.020508,0.000040,0.0036,0.8639,0,,,,,
2426.019531,0.000039,0.0036,0.8433,0,,,,,
2427.019775,0.000040,0.0036,0.8636,0,,,,,
2428.020020,0.000039,0.0036,0.8415,0,,,,,
2429.020264,0.000039,0.0036,0.8441,0,,,,,
2430.020264,0.000040,0.0036,0.8582,0,,,,,
2431.020508,0.000039,0.0035,0.8394,0,,,,,
2432.019775,0.000039,0.0036,0.8435,0,,,,,
2433.020020,0.000039,0.0036,0.8553,0,,,,,
2434.020020,0.000040,0.0036,0.8630,0,,,,,
2435.020264,0.000038,0.0035,0.8362,0,,,,,
2436.020508,0.000039,0.0036,0.8480,0,,,,,
2437.019531,0.000039,0.0035,0.8378,0,,,,,
2438.019775,0.000040,0.0036,0.8618,0,,,,,
2439.020020,0.000039,0.0036,0.8430,0,,,,,
2440.020264,0.000039,0.0036,0.8506,0,,,,,
2441.020508,0.000039,0.0036,0.8549,0,,,,,
2442.019531,0.000039,0.0035,0.8376,0,,,,,
2443.019775,0.000039,0.0036,0.8489,0,,,,,
2444.020020,0.000039,0.0036,0.8418,0,,,,,
2445.020264,0.000039,0.0036,0.8548,0,,,,,
2446.020264,0.000038,0.0035,0.8305,0,,,,,
2447.020508,0.000039,0.0036,0.8463,0,,,,,
2448.019775,0.000039,0.0036,0.8560,0,,,,,
2449.020020,0.000039,0.0036,0.8576,0,,,,,
2450.020020,0.000040,0.0037,0.8657,0,,,,,
2451.020264,0.000040,0.0036,0.8581,0,,,,,
2452.020508,0.000039,0.0036,0.8568,0,,,,,
2453.019531,0.000039,0.0035,0.8398,0,,,,,
2454.019775,0.000039,0.0036,0.8557,0,,,,,
2455.020020,0.000038,0.0035,0.8304,0,,,,,
2456.020264,0.000039,0.0036,0.8475,0,,,,,
2457.020508,0.000040,0.0037,0.8718,0,,,,,
2458.019531,0.000038,0.0035,0.8294,0,,,,,
2459.019775,0.000040,0.0037,0.8688,0,,,,,
2460.020020,0.000039,0.0035,0.8381,0,,,,,
2461.020264,0.000040,0.0036,0.8632,0,,,,,
2462.020264,0.000038,0.0035,0.8254,0,,,,,
2463.020508,0.000040,0.0037,0.8655,0,,,,,
2464.019775,0.000039,0.0036,0.8507,0,,,,,
2465.020020,0.000040,0.0036,0.8618,0,,,,,
2466.020020,0.000039,0.0036,0.8411,0,,,,,
2467.020264,0.000039,0.0036,0.8472,0,,,,,
2468.020508,0.000039,0.0036,0.8415,0,,,,,
2469.019531,0.000040,0.0036,0.8621,0,,,,,
2470.019775,0.000039,0.0036,0.8515,0,,,,,
2471.020020,0.000039,0.0036,0.8470,0,,,,,
2472.020264,0.000039,0.0036,0.8532,0,,,,,
2473.020508,0.000039,0.0036,0.8502,0,,,,,
2474.019531,0.000039,0.0036,0.8450,0,,,,,
2475.019775,0.000039,0.0036,0.8551,0,,,,,
2476.020020,0.000040,0.0037,0.8642,0,,,,,
2477.020264,0.000040,0.0036,0.8603,0,,,,,
2478.020264,0.000039,0.0036,0.8539,0,,,,,
2479.020508,0.000039,0.0036,0.8530,0,,,,,
2480.019775,0.000039,0.0036,0.8503,0,,,,,
2481.020020,0.000039,0.0036,0.8569,0,,,,,
2482.020020,0.000038,0.0035,0.8202,0,,,,,
2483.020264,0.000040,0.0037,0.8669,0,,,,,
2484.020508,0.000038,0.0035,0.8247,0,,,,,
2485.019531,0.000039,0.0036,0.8545,0,,,,,
2486.019775,0.000039,0.0036,0.8515,0,,,,,
2487.020020,0.000040,0.0036,0.8589,0,,,,,
2488.020264,0.000039,0.0036,0.8419,0,,,,,
2489.020508,0.000039,0.0036,0.8489,0,,,,,
2490.020508,0.000038,0.0035,0.8315,0,,,,,
2491.019775,0.000040,0.0036,0.8628,0,,,,,
2492.020020,0.000038,0.0035,0.8293,0,,,,,
2493.020264,0.000039,0.0036,0.8554,0,,,,,
2494.020264,0.000038,0.0035,0.8259,0,,,,,
2495.020508,0.000039,0.0036,0.8559,0,,,,,
2496.019775,0.000039,0.0036,0.8445,0,,,,,
2497.020020,0.000040,0.0036,0.8596,0,,,,,
2498.020020,0.000039,0.0035,0.8382,0,,,,,
2499.020264,0.000039,0.0036,0.8530,0,,,,,
2500.020508,0.000039,0.0036,0.8460,0,,,,,
2501.019531,0.000038,0.0035,0.8326,0,,,,,
2502.019775,0.000039,0.0036,0.8571,0,,,,,
2503.020020,0.000039,0.0036,0.8474,0,,,,,
2504.020264,0.000038,0.0035,0.8317,0,,,,,
2505.020508,0.000039,0.0036,0.8520,0,,,,,
2506.020508,0.000020,0.0018,0.4380,0,,,,,
2507.019775,0.000014,0.0013,0.2985,0,,,,,
2508.020020,0.000014,0.0013,0.3083,0,,,,,
2509.020264,0.000013,0.0012,0.2877,0,,,,,
2510.020264,0.000013,0.0012,0.2875,0,,,,,
2511.020508,0.000014,0.0013,0.3061,0,,,,,
2512.019775,0.000014,0.0013,0.2985,0,,,,,
2513.020020,0.000014,0.0013,0.3012,0,,,,,
2514.020020,0.000013,0.0012,0.2899,0,,,,,
2515.020264,0.000015,0.0013,0.3160,0,,,,,
2516.020508,0.000014,0.0013,0.2962,0,,,,,
2517.019531,0.000014,0.0013,0.3007,0,,,,,
2518.019775,0.000014,0.0013,0.2992,0,,,,,
2519.020020,0.000015,0.0013,0.3180,0,,,,,
2520.020264,0.000014,0.0013,0.3082,0,,,,,
2521.020508,0.000014,0.0013,0.2980,0,,,,,
2522.020508,0.000014,0.0013,0.2988,0,,,,,
2523.019775,0.000013,0.0012,0.2890,0,,,,,
2524.020020,0.000014,0.0013,0.3131,0,,,,,
2525.020264,0.000014,0.0013,0.3033,0,,,,,
2526.020264,0.000014,0.0013,0.2966,0,,,,,
2527.020508,0.000014,0.0013,0.2976,0,,,,,
2528.019775,0.000014,0.0013,0.3096,0,,,,,
2529.020020,0.000014,0.0013,0.3129,0,,,,,
2530.020020,0.000014,0.0013,0.3145,0,,,,,
2531.020264,0.000014,0.0013,0.3048,0,,,,,
2532.020508,0.000014,0.0013,0.3021,0,,,,,
2533.019531,0.000014,0.0013,0.2978,0,,,,,
2534.019775,0.000014,0.0013,0.3095,0,,,,,
2535.020020,0.000013,0.0012,0.2827,0,,,,,
2536.020264,0.000014,0.0013,0.2989,0,,,,,
2537.020508,0.000014,0.0013,0.3026,0,,,,,
2538.020508,0.000014,0.0013,0.3095,0,,,,,
2539.019775,0.000014,0.0013,0.3001,0,,,,,
2540.020020,0.000014,0.0013,0.3023,0,,,,,
2541.020264,0.000014,0.0013,0.3062,0,,,,,
2542.020264,0.000014,0.0013,0.3093,0,,,,,
2543.020508,0.000014,0.0013,0.3072,0,,,,,
2544.019775,0.000014,0.0013,0.3066,0,,,,,
2545.020020,0.000014,0.0013,0.3079,0,,,,,
2546.020020,0.000014,0.0013,0.2970,0,,,,,
2547.020264,0.000014,0.0012,0.2945,0,,,,,
2548.020508,0.000014,0.0013,0.3033,0,,,,,
2549.019531,0.000014,0.0013,0.3016,0,,,,,
2550.019775,0.000014,0.0013,0.3008,0,,,,,
2551.020020,0.000014,0.0013,0.3083,0,,,,,
2552.020264,0.000013,0.0012,0.2917,0,,,,,
2553.020508,0.000014,0.0013,0.3063,0,,,,,
2554.020508,0.000014,0.0013,0.3107,0,,,,,
2555.019775,0.000014,0.0013,0.3084,0,,,,,
2556.020020,0.000014,0.0013,0.2972,0,,,,,
2557.020264,0.000014,0.0013,0.2961,0,,,,,
2558.020264,0.000014,0.0013,0.3044,0,,,,,
2559.020508,0.000014,0.0013,0.3111,0,,,,,
2560.019775,0.000014,0.0013,0.2996,0,,,,,
2561.020020,0.000014,0.0013,0.3099,0,,,,,
2562.020020,0.000014,0.0013,0.3016,0,,,,,
2563.020264,0.000014,0.0013,0.3074,0,,,,,
2564.020508,0.000014,0.0012,0.2955,0,,,,,
2565.019287,0.000014,0.0013,0.3075,0,,,,,
2566.019775,0.000015,0.0013,0.3159,0,,,,,
2567.020020,0.000014,0.0013,0.3032,0,,,,,
2568.020264,0.000015,0.0013,0.3192,0,,,,,
2569.020508,0.000014,0.0013,0.3121,0,,,,,
2570.020508,0.000014,0.0013,0.3065,0,,,,,
2571.019775,0.000014,0.0013,0.3082,0,,,,,
2572.020020,0.000013,0.0012,0.2892,0,,,,,
2573.020264,0.000014,0.0013,0.3092,0,,,,,
2574.020264,0.000014,0.0013,0.3078,0,,,,,
2575.020508,0.000014,0.0013,0.2965,0,,,,,
2576.019531,0.000014,0.0013,0.2988,0,,,,,
2577.020020,0.000013,0.0012,0.2930,0,,,,,
2578.020020,0.000014,0.0012,0.2935,0,,,,,
2579.020264,0.000014,0.0013,0.2982,0,,,,,
2580.020508,0.000014,0.0013,0.3064,0,,,,,
2581.019287,0.000014,0.0013,0.3064,0,,,,,
2582.019775,0.000014,0.0013,0.3067,0,,,,,
2583.020020,0.000013,0.0012,0.2932,0,,,,,
2584.020264,0.000014,0.0013,0.3010,0,,,,,
2585.020508,0.000013,0.0012,0.2912,0,,,,,
2586.020508,0.000014,0.0013,0.2976,0,,,,,
2587.019531,0.000014,0.0013,0.3110,0,,,,,
2588.020020,0.000014,0.0013,0.3068,0,,,,,
2589.020264,0.000014,0.0013,0.3078,0,,,,,
2590.020264,0.000015,0.0013,0.3185,0,,,,,
2591.020508,0.000014,0.0013,0.3096,0,,,,,
2592.019531,0.000014,0.0013,0.3077,0,,,,,
2593.020020,0.000014,0.0013,0.2990,0,,,,,
2594.020020,0.000014,0.0013,0.3147,0,,,,,
2595.020264,0.000014,0.0012,0.2952,0,,,,,
2596.020508,0.000013,0.0012,0.2921,0,,,,,
2597.020752,0.000014,0.0013,0.3003,0,,,,,
2598.019531,0.000014,0.0013,0.2992,0,,,,,
2599.020020,0.000014,0.0013,0.2996,0,,,,,
2600.020264,0.000014,0.0013,0.3054,0,,,,,
2601.020508,0.000014,0.0013,0.3056,0,,,,,
2604.020020,0.000014,0.0013,0.2991,0,,,,,
2605.020264,0.000013,0.0012,0.2884,0,,,,,
2606.020264,0.000014,0.0013,0.2983,0,,,,,
2607.020508,0.000014,0.0013,0.3007,0,,,,,
2608.019531,0.000014,0.0013,0.3014,0,,,,,
2609.019531,0.000013,0.0012,0.2840,0,,,,,
2610.020020,0.000014,0.0013,0.3020,0,,,,,
2611.020264,0.000013,0.0012,0.2926,0,,,,,
2612.020508,0.000014,0.0013,0.2992,0,,,,,
2613.020752,0.000014,0.0013,0.3100,0,,,,,
2614.019531,0.000014,0.0013,0.3051,0,,,,,
2615.020020,0.000013,0.0012,0.2905,0,,,,,
2616.020264,0.000014,0.0013,0.3090,0,,,,,
2617.020508,0.000014,0.0013,0.2960,0,,,,,
2618.020508,0.000013,0.0012,0.2874,0,,,,,
2619.019531,0.000014,0.0013,0.3025,0,,,,,
2620.019775,0.000014,0.0013,0.3072,0,,,,,
2621.020264,0.000014,0.0013,0.3007,0,,,,,
2622.020264,0.000014,0.0013,0.3024,0,,,,,
2623.020508,0.000014,0.0013,0.3060,0,,,,,
2624.019531,0.000013,0.0012,0.2824,0,,,,,
2625.019531,0.000014,0.0013,0.3035,0,,,,,
2626.020020,0.000013,0.0012,0.2917,0,,,,,
2627.020264,0.000015,0.0013,0.3172,0,,,,,
2628.020508,0.000014,0.0012,0.2933,0,,,,,
2629.020752,0.000014,0.0013,0.2980,0,,,,,
2630.019531,0.000014,0.0013,0.3106,0,,,,,
2631.019775,0.000014,0.0013,0.2975,0,,,,,
2632.020264,0.000014,0.0013,0.3073,0,,,,,
2633.020508,0.000014,0.0013,0.3014,0,,,,,
2634.020508,0.000013,0.0012,0.2888,0,,,,,
2635.019531,0.000014,0.0013,0.3050,0,,,,,
2636.019775,0.000014,0.0013,0.3038,0,,,,,
2637.020264,0.000014,0.0013,0.3125,0,,,,,
2638.020264,0.000014,0.0013,0.3021,0,,,,,
2639.020508,0.000014,0.0013,0.3120,0,,,,,
2640.019531,0.000014,0.0013,0.3013,0,,,,,
2641.019531,0.000014,0.0013,0.3013,0,,,,,
2642.019775,0.000014,0.0013,0.3106,0,,,,,
2643.020264,0.000014,0.0013,0.2996,0,,,,,
2644.020508,0.000014,0.0013,0.3092,0,,,,,
2645.020752,0.000014,0.0013,0.3069,0,,,,,
2646.019531,0.000014,0.0013,0.3001,0,,,,,
2647.019775,0.000014,0.0013,0.3004,0,,,,,
2648.020264,0.000014,0.0013,0.3065,0,,,,,
2649.020508,0.000014,0.0013,0.2977,0,,,,,
2650.020508,0.000013,0.0012,0.2804,0,,,,,
2651.019531,0.000014,0.0012,0.2949,0,,,,,
2652.019775,0.000014,0.0013,0.3061,0,,,,,
2653.020264,0.000014,0.0013,0.2964,0,,,,,
2654.020264,0.000014,0.0013,0.2997,0,,,,,
2655.020508,0.000013,0.0012,0.2930,0,,,,,
2656.019531,0.000013,0.0012,0.2865,0,,,,,
2657.019531,0.000014,0.0013,0.2999,0,,,,,
2658.019775,0.000014,0.0013,0.3012,0,,,,,
2659.020264,0.000014,0.0013,0.3106,0,,,,,
2660.020508,0.000014,0.0013,0.2967,0,,,,,
2661.020752,0.000014,0.0013,0.3063,0,,,,,
2662.019531,0.000014,0.0013,0.3006,0,,,,,
2663.019775,0.000014,0.0013,0.3037,0,,,,,
2664.020264,0.000014,0.0013,0.3038,0,,,,,
2665.020508,0.000014,0.0013,0.3062,0,,,,,
2666.020508,0.000013,0.0012,0.2924,0,,,,,
2667.019531,0.000014,0.0013,0.3036,0,,,,,
2668.019775,0.000014,0.0013,0.3018,0,,,,,
2669.020020,0.000014,0.0013,0.3072,0,,,,,
2670.020264,0.000014,0.0013,0.3106,0,,,,,
2671.020508,0.000014,0.0013,0.3012,0,,,,,
2672.019531,0.000013,0.0012,0.2925,0,,,,,
2673.019531,0.000015,0.0013,0.3171,0,,,,,
2674.019775,0.000015,0.0013,0.3185,0,,,,,
2675.020264,0.000013,0.0012,0.2885,0,,,,,
2676.020508,0.000014,0.0013,0.2976,0,,,,,
2677.020752,0.000014,0.0013,0.3100,0,,,,,
2678.019531,0.000014,0.0013,0.3067,0,,,,,
2679.019775,0.000014,0.0012,0.2941,0,,,,,
2680.020020,0.000014,0.0013,0.3101,0,,,,,
2681.020508,0.000014,0.0013,0.3049,0,,,,,
2682.020508,0.000014,0.0013,0.2979,0,,,,,
2683.019531,0.000013,0.0012,0.2890,0,,,,,
2684.019775,0.000014,0.0013,0.3063,0,,,,,
2685.020020,0.000014,0.0013,0.3117,0,,,,,
2686.020264,0.000014,0.0013,0.3050,0,,,,,
2687.020508,0.000014,0.0013,0.3057,0,,,,,
2688.019531,0.000015,0.0013,0.3186,0,,,,,
2689.019531,0.000014,0.0013,0.3062,0,,,,,
2690.019775,0.000014,0.0013,0.3020,0,,,,,
2691.020020,0.000013,0.0012,0.2900,0,,,,,
2692.020508,0.000014,0.0013,0.3107,0,,,,,
2693.020752,0.000014,0.0013,0.3120,0,,,,,
2694.019531,0.000013,0.0012,0.2932,0,,,,,
2695.019775,0.000014,0.0013,0.3050,0,,,,,
2696.020020,0.000014,0.0013,0.3021,0,,,,,
2697.020508,0.000014,0.0013,0.3105,0,,,,,
2698.020508,0.000013,0.0012,0.2874,0,,,,,
2699.019531,0.000014,0.0013,0.3095,0,,,,,
2700.019775,0.000014,0.0013,0.3064,0,,,,,
2701.020020,0.000014,0.0013,0.3121,0,,,,,
2702.020020,0.000014,0.0013,0.3047,0,,,,,
2703.020508,0.000013,0.0012,0.2915,0,,,,,
2704.020752,0.000015,0.0013,0.3154,0,,,,,
2705.019531,0.000014,0.0012,0.2950,0,,,,,
2706.019775,0.000014,0.0013,0.3001,0,,,,,
2707.020020,0.000014,0.0013,0.3081,0,,,,,
2708.020508,0.000014,0.0013,0.2984,0,,,,,
2709.020752,0.000014,0.0013,0.3009,0,,,,,
2710.019531,0.000014,0.0013,0.3007,0,,,,,
2711.019775,0.000014,0.0013,0.3062,0,,,,,
2712.020020,0.000013,0.0012,0.2924,0,,,,,
2713.020264,0.000014,0.0013,0.3065,0,,,,,
2714.020508,0.000015,0.0014,0.3228,0,,,,,
2715.019531,0.000014,0.0012,0.2945,0,,,,,
2716.019775,0.000014,0.0013,0.3127,0,,,,,
2717.020020,0.000015,0.0014,0.3222,0,,,,,
2718.020020,0.000014,0.0012,0.2956,0,,,,,
2719.020508,0.000014,0.0013,0.3003,0,,,,,
2720.020752,0.000013,0.0012,0.2867,0,,,,,
2721.019531,0.000014,0.0013,0.3026,0,,,,,
2722.019775,0.000014,0.0013,0.2984,0,,,,,
2723.020020,0.000014,0.0013,0.3084,0,,,,,
2724.020264,0.000014,0.0013,0.3052,0,,,,,
2725.020752,0.000014,0.0013,0.3031,0,,,,,
2726.019531,0.000014,0.0013,0.3066,0,,,,,
2727.019775,0.000013,0.0012,0.2925,0,,,,,
2728.020020,0.000014,0.0013,0.3064,0,,,,,
2729.020264,0.000014,0.0013,0.2977,0,,,,,
2730.020508,0.000015,0.0014,0.3224,0,,,,,
2731.019531,0.000014,0.0013,0.3091,0,,,,,
2732.019775,0.000014,0.0013,0.2983,0,,,,,
2733.020020,0.000013,0.0012,0.2910,0,,,,,
2734.020020,0.000014,0.0013,0.3015,0,,,,,
2735.020264,0.000014,0.0012,0.2955,0,,,,,
2736.020752,0.000014,0.0013,0.3007,0,,,,,
2737.019531,0.000014,0.0013,0.3042,0,,,,,
2738.019775,0.000014,0.0013,0.2977,0,,,,,
2739.020020,0.000014,0.0012,0.2949,0,,,,,
2740.020264,0.000015,0.0013,0.3175,0,,,,,
2741.020752,0.000013,0.0012,0.2898,0,,,,,
2742.019531,0.000014,0.0013,0.3056,0,,,,,
2743.019775,0.000014,0.0012,0.2956,0,,,,,
2744.020020,0.000013,0.0012,0.2916,0,,,,,
2745.020264,0.000014,0.0013,0.3084,0,,,,,
2746.020264,0.000014,0.0013,0.2979,0,,,,,
2747.019531,0.000014,0.0013,0.3063,0,,,,,
2748.019775,0.000014,0.0013,0.3072,0,,,,,
2749.020020,0.000014,0.0013,0.3058,0,,,,,
2750.020020,0.000014,0.0013,0.2970,0,,,,,
2751.020264,0.000014,0.0013,0.2999,0,,,,,
2752.020752,0.000014,0.0013,0.2973,0,,,,,
2753.019531,0.000013,0.0012,0.2869,0,,,,,
2754.019775,0.000014,0.0013,0.3078,0,,,,,
2755.020020,0.000014,0.0012,0.2951,0,,,,,
2756.020264,0.000013,0.0012,0.2840,0,,,,,
2757.020508,0.000014,0.0013,0.2997,0,,,,,
2758.019531,0.000014,0.0012,0.2943,0,,,,,
2759.019775,0.000014,0.0013,0.3133,0,,,,,
2760.020020,0.000014,0.0012,0.2951,0,,,,,
2761.020264,0.000014,0.0013,0.3093,0,,,,,
2762.020264,0.000014,0.0013,0.3008,0,,,,,
2763.019531,0.000014,0.0013,0.2993,0,,,,,
2764.019775,0.000014,0.0013,0.3104,0,,,,,
2765.020020,0.000013,0.0012,0.2911,0,,,,,
2766.020020,0.000013,0.0012,0.2896,0,,,,,
2767.020264,0.000014,0.0013,0.3002,0,,,,,
2768.020752,0.000014,0.0013,0.2979,0,,,,,
2769.019531,0.000014,0.0013,0.2990,0,,,,,
2770.019775,0.000014,0.0013,0.3044,0,,,,,
2771.020020,0.000014,0.0013,0.3142,0,,,,,
2772.020264,0.000014,0.0012,0.2958,0,,,,,
2773.020508,0.000014,0.0013,0.3001,0,,,,,
2774.019531,0.000014,0.0013,0.3017,0,,,,,
2775.019775,0.000014,0.0013,0.3059,0,,,,,
2776.020020,0.000014,0.0013,0.3031,0,,,,,
2777.020264,0.000014,0.0013,0.3096,0,,,,,
2778.020264,0.000013,0.0012,0.2920,0,,,,,
2779.019531,0.000014,0.0013,0.2968,0,,,,,
2780.019775,0.000014,0.0013,0.3082,0,,,,,
2781.020020,0.000014,0.0013,0.3003,0,,,,,
2782.020020,0.000014,0.0012,0.2956,0,,,,,
2783.020264,0.000013,0.0012,0.2932,0,,,,,
2784.020508,0.000014,0.0012,0.2955,0,,,,,
2785.019531,0.000014,0.0013,0.2976,0,,,,,
2786.019775,0.000014,0.0013,0.3011,0,,,,,
2787.020020,0.000014,0.0013,0.3036,0,,,,,
2788.020264,0.002825,0.2591,61.3523,0,,,,,
2789.020508,0.002396,0.2198,52.0337,0,,,,,
2790.019531,0.002113,0.1939,45.8991,0,,,,,
2791.019775,0.002056,0.1886,44.6543,0,,,,,
2792.020020,0.002102,0.1928,45.6477,0,,,,,
2793.020264,0.002066,0.1895,44.8649,0,,,,,
2794.020264,0.002084,0.1912,45.2695,1,2788.020264,47.2282,1,1,1
2795.019531,0.002081,0.1909,45.2058,0,,,,,
2796.019775,0.002076,0.1904,45.0844,0,,,,,
2797.020020,0.002087,0.1915,45.3350,0,,,,,
2798.020020,0.002060,0.1890,44.7381,0,,,,,
2799.020264,0.002101,0.1927,45.6269,0,,,,,
2800.020508,0.002048,0.1879,44.4947,0,,,,,
2801.019531,0.002102,0.1929,45.6579,0,,,,,
2802.019775,0.002055,0.1885,44.6324,0,,,,,
2803.020020,0.002096,0.1923,45.5323,0,,,,,
2804.020264,0.002065,0.1894,44.8470,0,,,,,
2805.020508,0.002094,0.1921,45.4913,0,,,,,
2806.019531,0.002077,0.1905,45.1119,0,,,,,
2807.019775,0.002080,0.1909,45.1858,0,,,,,
2808.020020,0.002089,0.1916,45.3680,0,,,,,
2809.020264,0.002069,0.1898,44.9346,0,,,,,
2810.020264,0.002100,0.1927,45.6226,0,,,,,
2811.020508,0.002064,0.1894,44.8360,0,,,,,
2812.019775,0.002108,0.1934,45.7849,0,,,,,
2813.020020,0.002056,0.1886,44.6556,0,,,,,
2814.020020,0.002112,0.1938,45.8805,0,,,,,
2815.020264,0.002060,0.1890,44.7531,0,,,,,
2816.020508,0.002109,0.1935,45.8052,0,,,,,
2817.019531,0.002070,0.1899,44.9632,0,,,,,
2818.019775,0.002098,0.1925,45.5650,0,,,,,
2819.020020,0.002087,0.1915,45.3350,0,,,,,
2820.020264,0.002080,0.1908,45.1758,0,,,,,
2821.020508,0.002101,0.1927,45.6281,0,,,,,
2822.019531,0.002063,0.1893,44.8185,0,,,,,
2823.019775,0.002115,0.1940,45.9369,0,,,,,
2824.020020,0.002062,0.1892,44.7845,0,,,,,
2825.020264,0.002097,0.1924,45.5546,0,,,,,
2826.020264,0.004988,0.4576,108.3420,0,,,,,
2827.020508,0.002145,0.1968,46.5994,0,,,,,
2828.019775,0.003951,0.3625,85.8118,0,,,,,
2829.020020,0.004146,0.3804,90.0641,0,,,,,
2830.020020,0.004282,0.3929,93.0176,0,,,,,
2831.020264,0.005718,0.5246,124.1945,0,,,,,
2832.020508,0.006266,0.5749,136.0979,0,,,,,
2833.019531,0.006202,0.5690,134.7113,0,,,,,
2834.019775,0.006121,0.5616,132.9493,0,,,,,
2835.020020,0.006343,0.5819,137.7764,0,,,,,
2836.020264,0.006086,0.5584,132.1994,0,,,,,
2837.020508,0.006358,0.5833,138.0925,1,2831.020264,44.9550,1,1,1
2838.019531,0.006087,0.5584,132.2101,0,,,,,
2839.019775,0.006268,0.5750,136.1417,0,,,,,
2840.020020,0.006184,0.5674,134.3308,0,,,,,
2841.020264,0.006089,0.5586,132.2496,0,,,,,
2842.020264,0.006356,0.5831,138.0491,0,,,,,
2843.020508,0.006099,0.5595,132.4724,0,,,,,
2844.019775,0.006370,0.5844,138.3507,0,,,,,
2845.020020,0.006092,0.5590,132.3328,0,,,,,
2846.020020,0.006172,0.5663,134.0674,0,,,,,
2847.020264,0.006268,0.5751,136.1516,0,,,,,
2848.020508,0.006095,0.5592,132.3796,0,,,,,
2849.019531,0.006375,0.5848,138.4610,0,,,,,
2850.019775,0.006092,0.5589,132.3286,0,,,,,
2851.020020,0.006281,0.5763,136.4291,0,,,,,
2852.020264,0.006143,0.5636,133.4304,0,,,,,
2853.020508,0.006106,0.5602,132.6319,0,,,,,
2854.019531,0.006359,0.5834,138.1186,0,,,,,
2855.019775,0.006088,0.5585,132.2259,0,,,,,
2856.020020,0.006326,0.5804,137.4016,0,,,,,
2857.020264,0.006158,0.5650,133.7660,0,,,,,
2858.020264,0.006103,0.5599,132.5600,0,,,,,
2859.020508,0.006378,0.5851,138.5314,0,,,,,
2860.019775,0.006086,0.5584,132.1974,0,,,,,
2861.020020,0.006280,0.5762,136.4105,0,,,,,
2862.020020,0.006211,0.5699,134.9145,0,,,,,
2863.020264,0.006121,0.5616,132.9534,0,,,,,
2864.020508,0.006381,0.5854,138.5975,0,,,,,
2865.019531,0.006076,0.5575,131.9834,0,,,,,
2866.019775,0.006221,0.5707,135.1147,0,,,,,
2867.020020,0.006212,0.5700,134.9366,0,,,,,
2868.020264,0.006085,0.5583,132.1715,0,,,,,
2869.020508,0.006392,0.5864,138.8343,0,,,,,
2870.019531,0.006073,0.5572,131.9204,0,,,,,
2871.019775,0.033542,3.0773,728.5538,0,,,,,
2872.020020,0.041546,3.8117,902.4106,0,,,,,
2873.020264,0.041580,3.8148,903.1537,0,,,,,
2874.020264,0.042141,3.8662,915.3296,0,,,,,
2875.020508,0.041184,3.7785,894.5552,0,,,,,
2876.019775,0.042337,3.8842,919.5895,0,,,,,
2877.020020,0.041067,3.7677,891.9990,1,2871.019775,772.6559,1,-1,1
2878.020020,0.042224,3.8739,917.1452,0,,,,,
2879.020264,0.041292,3.7884,896.8942,0,,,,,
2880.020508,0.041847,3.8393,908.9515,0,,,,,
2881.019531,0.041697,3.8255,905.6804,0,,,,,
2882.019775,0.041369,3.7955,898.5745,0,,,,,
2883.020020,0.042227,3.8742,917.2085,0,,,,,
2884.020264,0.041102,3.7709,892.7686,0,,,,,
2885.020508,0.042323,3.8830,919.2960,0,,,,,
2886.019531,0.041095,3.7703,892.6155,0,,,,,
2887.019775,0.042127,3.8650,915.0314,0,,,,,
2888.020020,0.041396,3.7979,899.1564,0,,,,,
2889.020264,0.041583,3.8150,903.2115,0,,,,,
2890.020264,0.041919,3.8459,910.5103,0,,,,,
2891.020508,0.041138,3.7742,893.5432,0,,,,,
2892.019775,0.042222,3.8737,917.1010,0,,,,,
2893.020020,0.041010,3.7625,890.7604,0,,,,,
2894.020020,0.042102,3.8626,914.4768,0,,,,,
2895.020264,0.041378,3.7962,898.7559,0,,,,,
2896.020508,0.041595,3.8162,903.4756,0,,,,,
2897.019531,0.041976,3.8511,911.7587,0,,,,,
2898.019775,0.041042,3.7654,891.4677,0,,,,,
2899.020020,0.042199,3.8716,916.5989,0,,,,,
2900.020264,0.009615,0.8821,208.8451,0,,,,,
2901.020508,0.006306,0.5785,136.9691,0,,,,,
2902.019531,0.006180,0.5670,134.2441,0,,,,,
2903.019775,0.006106,0.5602,132.6226,0,,,,,
2904.020020,0.006387,0.5860,138.7384,0,,,,,
2905.020264,0.006102,0.5598,132.5367,0,,,,,
2906.020264,0.006318,0.5796,137.2215,1,2900.020264,771.9964,-1,3,1
2907.020508,0.006179,0.5669,134.2050,0,,,,,
2908.019775,0.006120,0.5614,132.9208,0,,,,,
2909.020020,0.006363,0.5838,138.2034,0,,,,,
2910.020020,0.006102,0.5598,132.5368,0,,,,,
2911.020264,0.006358,0.5833,138.0976,0,,,,,
2912.020508,0.006142,0.5635,133.3999,0,,,,,
2913.019531,0.006179,0.5669,134.2185,0,,,,,
2914.019775,0.006328,0.5805,137.4384,0,,,,,
2915.020020,0.006102,0.5599,132.5448,0,,,,,
2916.020264,0.006337,0.5814,137.6513,0,,,,,
2917.020508,0.006082,0.5580,132.1046,0,,,,,
2918.020508,0.006372,0.5846,138.4114,0,,,,,
2919.019775,0.006092,0.5589,132.3220,0,,,,,
2920.020020,0.006341,0.5817,137.7260,0,,,,,
2921.020264,0.006099,0.5595,132.4675,0,,,,,
2922.020264,0.006312,0.5791,137.1084,0,,,,,
2923.020508,0.006148,0.5641,133.5397,0,,,,,
2924.019775,0.002480,0.2275,53.8620,0,,,,,
2925.020020,0.002101,0.1928,45.6368,0,,,,,
2926.020020,0.002080,0.1909,45.1855,0,,,,,
2927.020264,0.002113,0.1939,45.8956,0,,,,,
2928.020508,0.002069,0.1898,44.9445,0,,,,,
2929.019531,0.002118,0.1943,45.9998,0,,,,,
2930.019775,0.002068,0.1897,44.9155,1,2924.019775,88.7992,-1,2,1
2931.020020,0.002111,0.1937,45.8537,0,,,,,
2932.020264,0.002079,0.1907,45.1569,0,,,,,
2933.020508,0.002092,0.1919,45.4358,0,,,,,
2934.020508,0.002098,0.1925,45.5734,0,,,,,
2935.019775,0.002074,0.1902,45.0388,0,,,,,
2936.020020,0.002117,0.1942,45.9764,0,,,,,
2937.020264,0.002064,0.1894,44.8340,0,,,,,
2938.020264,0.002118,0.1943,46.0007,0,,,,,
2939.020508,0.002070,0.1899,44.9702,0,,,,,
2940.019775,0.002105,0.1931,45.7147,0,,,,,
2941.020020,0.002087,0.1915,45.3405,0,,,,,
2942.020020,0.002083,0.1911,45.2436,0,,,,,
2943.020264,0.002105,0.1932,45.7313,0,,,,,
2944.020508,0.002069,0.1898,44.9309,0,,,,,
2945.019531,0.002121,0.1946,46.0749,0,,,,,
2946.019775,0.001174,0.1077,25.5011,0,,,,,
2947.020020,0.000014,0.0012,0.2959,0,,,,,
2948.020264,0.000014,0.0012,0.2935,0,,,,,
2949.020508,0.000013,0.0012,0.2835,0,,,,,
2950.020508,0.000013,0.0012,0.2921,0,,,,,
2951.019775,0.000013,0.0012,0.2864,0,,,,,
2952.020020,0.000013,0.0012,0.2918,0,,,,,
2953.020264,0.000013,0.0012,0.2907,1,2947.020020,38.5460,-1,1,1
2954.020264,0.000013,0.0012,0.2863,0,,,,,
2955.020508,0.000013,0.0012,0.2902,0,,,,,
2956.019775,0.000013,0.0012,0.2859,0,,,,,
2957.020020,0.000013,0.0012,0.2912,0,,,,,
2958.020020,0.000013,0.0012,0.2851,0,,,,,
2959.020264,0.000014,0.0013,0.2996,0,,,,,
2960.020508,0.000013,0.0012,0.2869,0,,,,,
2961.019531,0.000014,0.0012,0.2934,0,,,,,
2962.019775,0.000013,0.0012,0.2874,0,,,,,
2963.020020,0.000013,0.0012,0.2833,0,,,,,
2964.020264,0.000013,0.0012,0.2903,0,,,,,
2965.020508,0.000013,0.0012,0.2839,0,,,,,
2966.020508,0.000014,0.0012,0.2937,0,,,,,
2967.019775,0.000013,0.0012,0.2773,0,,,,,
2968.020020,0.000014,0.0013,0.2977,0,,,,,
2969.020264,0.000014,0.0013,0.3027,0,,,,,
2970.020264,0.000013,0.0012,0.2897,0,,,,,
2971.020508,0.000013,0.0012,0.2887,0,,,,,
2972.019775,0.000014,0.0013,0.2989,0,,,,,
2973.020020,0.000014,0.0012,0.2949,0,,,,,
2974.020020,0.000014,0.0013,0.3060,0,,,,,
2975.020264,0.000013,0.0012,0.2875,0,,,,,
2976.020508,0.000013,0.0012,0.2926,0,,,,,
2977.019531,0.000013,0.0012,0.2900,0,,,,,
2978.019775,0.000014,0.0013,0.2975,0,,,,,
2979.020020,0.000014,0.0012,0.2956,0,,,,,
2980.020264,0.000013,0.0012,0.2872,0,,,,,
2981.020508,0.000014,0.0013,0.2975,0,,,,,
2982.020508,0.000013,0.0012,0.2856,0,,,,,
2983.019775,0.000014,0.0013,0.3109,0,,,,,
2984.020020,0.000014,0.0013,0.2962,0,,,,,
2985.020264,0.000014,0.0013,0.3118,0,,,,,
2986.020264,0.000015,0.0013,0.3152,0,,,,,
2987.020508,0.000015,0.0013,0.3189,0,,,,,
2988.019775,0.000014,0.0013,0.3113,0,,,,,
2989.020020,0.001482,0.1360,32.1976,0,,,,,
2990.020020,0.002776,0.2547,60.2994,0,,,,,
2991.020264,0.002205,0.2023,47.9032,0,,,,,
2992.020508,0.002069,0.1898,44.9323,0,,,,,
2993.019287,0.002112,0.1938,45.8783,0,,,,,
2994.019775,0.002057,0.1887,44.6848,0,,,,,
2995.020020,0.002094,0.1921,45.4822,1,2989.020020,50.7298,1,1,1
2996.020264,0.002098,0.1924,45.5594,0,,,,,
2997.020508,0.002058,0.1888,44.7034,0,,,,,
2998.020508,0.002106,0.1932,45.7484,0,,,,,
2999.019775,0.002069,0.1898,44.9438,0,,,,,
3000.020020,0.002082,0.1910,45.2234,0,,,,,
3001.020264,0.002105,0.1931,45.7279,0,,,,,
3002.020264,0.002054,0.1885,44.6252,0,,,,,
3003.020508,0.002104,0.1931,45.7111,0,,,,,
