t_s,vrms,irms,power,event,event_t_s,delta_va,direction,cluster,fragments
1.020547,0.000026,0.0024,0.5578,0,,,,,
2.019880,0.000018,0.0017,0.4015,0,,,,,
3.019715,0.000017,0.0015,0.3625,0,,,,,
4.019551,0.000016,0.0015,0.3439,0,,,,,
5.020551,0.000016,0.0014,0.3418,0,,,,,
6.020392,0.000015,0.0014,0.3344,0,,,,,
7.020211,0.000016,0.0015,0.3472,0,,,,,
8.020049,0.000015,0.0014,0.3348,0,,,,,
9.019879,0.000015,0.0014,0.3340,0,,,,,
10.019715,0.000016,0.0015,0.3441,0,,,,,
11.019547,0.000015,0.0014,0.3296,0,,,,,
12.020551,0.000016,0.0014,0.3382,0,,,,,
13.020381,0.000015,0.0014,0.3340,0,,,,,
14.020211,0.000016,0.0015,0.3458,0,,,,,
15.020042,0.000016,0.0014,0.3430,0,,,,,
16.019880,0.000016,0.0014,0.3402,0,,,,,
17.019712,0.000015,0.0014,0.3337,0,,,,,
18.019552,0.000015,0.0014,0.3206,0,,,,,
19.020552,0.000016,0.0014,0.3430,0,,,,,
20.020380,0.000016,0.0015,0.3440,0,,,,,
21.020212,0.000016,0.0014,0.3428,0,,,,,
22.020042,0.000016,0.0014,0.3397,0,,,,,
23.019880,0.000016,0.0014,0.3370,0,,,,,
24.019712,0.000016,0.0015,0.3464,0,,,,,
25.019548,0.000015,0.0014,0.3323,0,,,,,
26.020552,0.000016,0.0015,0.3439,0,,,,,
27.020384,0.000016,0.0014,0.3387,0,,,,,
28.020212,0.000016,0.0014,0.3382,0,,,,,
29.020042,0.000016,0.0015,0.3458,0,,,,,
30.019880,0.000015,0.0014,0.3313,0,,,,,
31.019712,0.000015,0.0014,0.3357,0,,,,,
32.019547,0.000016,0.0014,0.3384,0,,,,,
33.020554,0.000016,0.0015,0.3463,0,,,,,
34.020378,0.000016,0.0015,0.3463,0,,,,,
35.020210,0.000016,0.0015,0.3546,0,,,,,
36.020046,0.000016,0.0015,0.3458,0,,,,,
37.019878,0.000016,0.0014,0.3382,0,,,,,
38.019711,0.000016,0.0015,0.3479,0,,,,,
39.019550,0.000016,0.0015,0.3477,0,,,,,
40.020554,0.000016,0.0014,0.3401,0,,,,,
41.020378,0.000016,0.0014,0.3426,0,,,,,
42.020210,0.000016,0.0014,0.3424,0,,,,,
43.020039,0.000016,0.0015,0.3532,0,,,,,
44.019878,0.000016,0.0015,0.3534,0,,,,,
45.019711,0.000016,0.0015,0.3530,0,,,,,
46.019550,0.000016,0.0015,0.3435,0,,,,,
47.020550,0.000016,0.0015,0.3449,0,,,,,
48.020378,0.000016,0.0015,0.3542,0,,,,,
49.020210,0.000016,0.0015,0.3496,0,,,,,
50.020046,0.000016,0.0014,0.3416,0,,,,,
51.019878,0.000015,0.0014,0.3256,0,,,,,
52.019714,0.000016,0.0014,0.3377,0,,,,,
53.019547,0.000015,0.0014,0.3285,0,,,,,
54.020550,0.000016,0.0015,0.3499,0,,,,,
55.020378,0.000016,0.0015,0.3445,0,,,,,
56.020210,0.000016,0.0015,0.3435,0,,,,,
57.020039,0.000016,0.0014,0.3388,0,,,,,
58.019878,0.000015,0.0014,0.3347,0,,,,,
59.019711,0.000016,0.0014,0.3420,0,,,,,
60.019550,0.000015,0.0014,0.3344,0,,,,,
61.020561,0.000016,0.0015,0.3506,0,,,,,
62.020378,0.000015,0.0014,0.3344,0,,,,,
63.020226,0.000016,0.0014,0.3415,0,,,,,
64.020058,0.000016,0.0014,0.3402,0,,,,,
65.019890,0.000016,0.0014,0.3426,0,,,,,
66.019714,0.000016,0.0014,0.3429,0,,,,,
67.019554,0.000016,0.0015,0.3572,0,,,,,
68.020546,0.000016,0.0015,0.3512,0,,,,,
69.020386,0.000015,0.0014,0.3329,0,,,,,
70.020218,0.000016,0.0015,0.3512,0,,,,,
71.020050,0.000016,0.0015,0.3436,0,,,,,
72.019882,0.000015,0.0014,0.3337,0,,,,,
73.019714,0.000016,0.0015,0.3489,0,,,,,
74.019554,0.000016,0.0015,0.3462,0,,,,,
75.020554,0.000016,0.0015,0.3543,0,,,,,
76.020386,0.000016,0.0015,0.3439,0,,,,,
77.020226,0.000016,0.0014,0.3401,0,,,,,
78.020058,0.000015,0.0014,0.3334,0,,,,,
79.019890,0.000016,0.0015,0.3524,0,,,,,
80.019714,0.000015,0.0014,0.3359,0,,,,,
81.019547,0.000016,0.0014,0.3428,0,,,,,
82.020546,0.000016,0.0015,0.3461,0,,,,,
83.020386,0.000016,0.0015,0.3457,0,,,,,
84.020210,0.000016,0.0014,0.3367,0,,,,,
85.020050,0.000015,0.0014,0.3235,0,,,,,
86.019882,0.000016,0.0014,0.3369,0,,,,,
87.019714,0.000016,0.0014,0.3398,0,,,,,
88.019554,0.000016,0.0015,0.3436,0,,,,,
89.020546,0.000015,0.0014,0.3271,0,,,,,
90.020386,0.000016,0.0015,0.3498,0,,,,,
91.020210,0.000016,0.0014,0.3405,0,,,,,
92.020042,0.000016,0.0014,0.3370,0,,,,,
93.019882,0.000015,0.0014,0.3320,0,,,,,
94.019714,0.000016,0.0014,0.3392,0,,,,,
95.019547,0.000016,0.0014,0.3416,0,,,,,
96.020546,0.000016,0.0015,0.3486,0,,,,,
97.020386,0.000015,0.0014,0.3295,0,,,,,
98.020210,0.000016,0.0015,0.3441,0,,,,,
99.020050,0.000016,0.0014,0.3373,0,,,,,
100.019882,0.000016,0.0015,0.3445,0,,,,,
101.019714,0.000015,0.0014,0.3335,0,,,,,
102.019554,0.000016,0.0015,0.3479,0,,,,,
103.020554,0.000016,0.0015,0.3518,0,,,,,
104.020386,0.000016,0.0015,0.3509,0,,,,,
105.020210,0.000016,0.0015,0.3515,0,,,,,
106.020050,0.000015,0.0014,0.3300,0,,,,,
107.019882,0.000016,0.0014,0.3426,0,,,,,
108.019714,0.000016,0.0015,0.3489,0,,,,,
109.019554,0.000016,0.0015,0.3525,0,,,,,
110.020546,0.000017,0.0015,0.3586,0,,,,,
111.020386,0.000016,0.0015,0.3461,0,,,,,
112.020210,0.000015,0.0014,0.3317,0,,,,,
113.020050,0.000015,0.0014,0.3305,0,,,,,
114.019882,0.000016,0.0015,0.3513,0,,,,,
115.019714,0.000015,0.0014,0.3260,0,,,,,
116.019554,0.000016,0.0014,0.3406,0,,,,,
117.020554,0.000016,0.0014,0.3423,0,,,,,
118.020386,0.000016,0.0015,0.3457,0,,,,,
119.020210,0.000016,0.0015,0.3468,0,,,,,
120.020050,0.000016,0.0014,0.3417,0,,,,,
121.019882,0.000016,0.0014,0.3425,0,,,,,
122.019714,0.000016,0.0014,0.3428,0,,,,,
123.019547,0.000015,0.0014,0.3318,0,,,,,
124.020546,0.000016,0.0015,0.3452,0,,,,,
125.020386,0.000016,0.0015,0.3439,0,,,,,
126.020210,0.000015,0.0014,0.3366,0,,,,,
127.020050,0.000015,0.0014,0.3243,0,,,,,
128.019882,0.000016,0.0015,0.3438,0,,,,,
129.019714,0.000016,0.0014,0.3396,0,,,,,
130.019547,0.000016,0.0014,0.3382,0,,,,,
131.020554,0.000016,0.0015,0.3566,0,,,,,
132.020386,0.000015,0.0014,0.3325,0,,,,,
133.020203,0.000016,0.0015,0.3457,0,,,,,
134.020035,0.000016,0.0014,0.3386,0,,,,,
135.019867,0.000016,0.0015,0.3438,0,,,,,
136.019714,0.000016,0.0015,0.3453,0,,,,,
137.019547,0.000016,0.0015,0.3531,0,,,,,
138.020538,0.000017,0.0016,0.3676,0,,,,,
139.020386,0.000016,0.0015,0.3434,0,,,,,
140.020203,0.000016,0.0015,0.3503,0,,,,,
141.020050,0.000016,0.0015,0.3454,0,,,,,
142.019867,0.000016,0.0015,0.3526,0,,,,,
143.019714,0.000016,0.0015,0.3488,0,,,,,
144.019547,0.000017,0.0015,0.3658,0,,,,,
145.020538,0.000016,0.0014,0.3409,0,,,,,
146.020386,0.000016,0.0014,0.3406,0,,,,,
147.020203,0.000016,0.0015,0.3508,0,,,,,
148.020050,0.000016,0.0015,0.3531,0,,,,,
149.019867,0.000017,0.0015,0.3629,0,,,,,
150.019714,0.000017,0.0015,0.3611,0,,,,,
151.019547,0.000016,0.0015,0.3447,0,,,,,
152.020538,0.000018,0.0016,0.3808,0,,,,,
153.020386,0.000016,0.0015,0.3517,0,,,,,
154.020203,0.000016,0.0014,0.3378,0,,,,,
155.020050,0.000016,0.0015,0.3446,0,,,,,
156.019867,0.000016,0.0014,0.3432,0,,,,,
157.019714,0.000016,0.0015,0.3438,0,,,,,
158.019547,0.000016,0.0014,0.3420,0,,,,,
159.020538,0.000016,0.0015,0.3503,0,,,,,
160.020386,0.000016,0.0015,0.3526,0,,,,,
161.020203,0.000016,0.0015,0.3533,0,,,,,
162.020050,0.000016,0.0015,0.3462,0,,,,,
163.019867,0.000016,0.0014,0.3394,0,,,,,
164.019714,0.000016,0.0014,0.3400,0,,,,,
165.019547,0.000016,0.0015,0.3507,0,,,,,
166.020538,0.000016,0.0014,0.3429,0,,,,,
167.020386,0.000016,0.0014,0.3414,0,,,,,
168.020203,0.000016,0.0015,0.3456,0,,,,,
169.020050,0.000016,0.0015,0.3487,0,,,,,
170.019867,0.000016,0.0015,0.3461,0,,,,,
171.019714,0.000016,0.0015,0.3454,0,,,,,
172.019547,0.000016,0.0015,0.3542,0,,,,,
173.020538,0.000017,0.0015,0.3658,0,,,,,
174.020386,0.000016,0.0015,0.3569,0,,,,,
175.020218,0.000016,0.0015,0.3493,0,,,,,
176.020050,0.000016,0.0014,0.3395,0,,,,,
177.019867,0.000015,0.0014,0.3355,0,,,,,
178.019714,0.000016,0.0015,0.3486,0,,,,,
179.019547,0.000016,0.0015,0.3471,0,,,,,
180.020538,0.000016,0.0015,0.3504,0,,,,,
181.020386,0.000016,0.0015,0.3444,0,,,,,
182.020203,0.000016,0.0015,0.3483,0,,,,,
183.020050,0.000016,0.0015,0.3449,0,,,,,
184.019867,0.000016,0.0014,0.3387,0,,,,,
185.019714,0.000017,0.0015,0.3666,0,,,,,
186.019547,0.000016,0.0014,0.3425,0,,,,,
187.020538,0.000016,0.0015,0.3482,0,,,,,
188.020386,0.000016,0.0015,0.3544,0,,,,,
189.020203,0.000016,0.0015,0.3470,0,,,,,
190.020050,0.000016,0.0015,0.3462,0,,,,,
191.019867,0.000016,0.0015,0.3564,0,,,,,
192.019714,0.000016,0.0015,0.3554,0,,,,,
193.019547,0.000016,0.0015,0.3452,0,,,,,
194.020538,0.000016,0.0015,0.3496,0,,,,,
195.020386,0.000016,0.0015,0.3450,0,,,,,
196.020218,0.000016,0.0015,0.3572,0,,,,,
197.020050,0.000017,0.0015,0.3614,0,,,,,
198.019867,0.000016,0.0014,0.3397,0,,,,,
199.019714,0.000017,0.0015,0.3592,0,,,,,
200.019547,0.000016,0.0014,0.3426,0,,,,,
201.020538,0.000016,0.0015,0.3448,0,,,,,
202.020386,0.000016,0.0014,0.3414,0,,,,,
203.020203,0.000016,0.0015,0.3522,0,,,,,
204.020050,0.000016,0.0015,0.3515,0,,,,,
205.019867,0.000016,0.0015,0.3464,0,,,,,
206.019714,0.000017,0.0015,0.3627,0,,,,,
207.019547,0.000016,0.0015,0.3551,0,,,,,
208.020538,0.000017,0.0015,0.3638,0,,,,,
209.020386,0.000016,0.0014,0.3417,0,,,,,
210.020218,0.000016,0.0015,0.3447,0,,,,,
211.020050,0.000016,0.0014,0.3407,0,,,,,
212.019867,0.000017,0.0015,0.3604,0,,,,,
213.019714,0.000016,0.0015,0.3556,0,,,,,
214.019547,0.000017,0.0016,0.3683,0,,,,,
215.020554,0.000016,0.0015,0.3581,0,,,,,
216.020386,0.000016,0.0015,0.3513,0,,,,,
217.020203,0.000017,0.0015,0.3658,0,,,,,
218.020050,0.000016,0.0015,0.3542,0,,,,,
219.019867,0.000016,0.0015,0.3453,0,,,,,
220.019714,0.000016,0.0015,0.3521,0,,,,,
221.019547,0.000016,0.0014,0.3426,0,,,,,
222.020538,0.000016,0.0015,0.3536,0,,,,,
223.020386,0.000017,0.0015,0.3614,0,,,,,
224.020203,0.000017,0.0015,0.3625,0,,,,,
225.020050,0.000016,0.0015,0.3461,0,,,,,
226.019867,0.000016,0.0015,0.3512,0,,,,,
227.019714,0.000017,0.0016,0.3708,0,,,,,
228.019547,0.000016,0.0015,0.3452,0,,,,,
229.020538,0.000016,0.0015,0.3501,0,,,,,
230.020386,0.000016,0.0015,0.3578,0,,,,,
231.020203,0.000016,0.0015,0.3547,0,,,,,
232.020050,0.000017,0.0015,0.3584,0,,,,,
233.019867,0.000016,0.0015,0.3447,0,,,,,
234.019714,0.000016,0.0015,0.3500,0,,,,,
235.019547,0.000016,0.0015,0.3434,0,,,,,
236.020538,0.000016,0.0015,0.3454,0,,,,,
237.020386,0.000016,0.0015,0.3455,0,,,,,
238.020203,0.000016,0.0015,0.3512,0,,,,,
239.020050,0.000016,0.0015,0.3521,0,,,,,
240.019867,0.000017,0.0016,0.3706,0,,,,,
241.019714,0.000016,0.0015,0.3493,0,,,,,
242.019547,0.000016,0.0015,0.3577,0,,,,,
243.020538,0.000017,0.0015,0.3668,0,,,,,
244.020386,0.000016,0.0015,0.3495,0,,,,,
245.020218,0.000016,0.0015,0.3509,0,,,,,
246.020050,0.000016,0.0015,0.3554,0,,,,,
247.019867,0.000017,0.0015,0.3623,0,,,,,
248.019714,0.000016,0.0015,0.3465,0,,,,,
249.019547,0.000017,0.0016,0.3677,0,,,,,
250.020538,0.000016,0.0015,0.3549,0,,,,,
251.020386,0.000017,0.0015,0.3657,0,,,,,
252.020203,0.000017,0.0016,0.3680,0,,,,,
253.020050,0.000016,0.0015,0.3565,0,,,,,
254.019867,0.000016,0.0015,0.3577,0,,,,,
255.019714,0.000016,0.0015,0.3506,0,,,,,
256.019562,0.000017,0.0016,0.3683,0,,,,,
258.020386,0.000016,0.0015,0.3494,0,,,,,
259.020203,0.000016,0.0015,0.3503,0,,,,,
260.020050,0.000016,0.0015,0.3543,0,,,,,
261.019867,0.000017,0.0016,0.3688,0,,,,,
262.019714,0.000017,0.0015,0.3605,0,,,,,
263.019562,0.000016,0.0015,0.3553,0,,,,,
264.020538,0.000017,0.0015,0.3609,0,,,,,
265.020386,0.000017,0.0015,0.3651,0,,,,,
266.020203,0.000017,0.0015,0.3584,0,,,,,
267.020050,0.000017,0.0015,0.3618,0,,,,,
268.019867,0.000016,0.0015,0.3472,0,,,,,
269.019714,0.000017,0.0015,0.3584,0,,,,,
270.019562,0.000017,0.0015,0.3590,0,,,,,
271.020538,0.000017,0.0016,0.3716,0,,,,,
272.020386,0.000016,0.0015,0.3574,0,,,,,
273.020233,0.000017,0.0015,0.3641,0,,,,,
274.020050,0.000018,0.0016,0.3847,0,,,,,
275.019867,0.000016,0.0015,0.3491,0,,,,,
276.019714,0.000016,0.0015,0.3583,0,,,,,
277.019562,0.000016,0.0015,0.3479,0,,,,,
278.020538,0.000017,0.0015,0.3617,0,,,,,
279.020386,0.000017,0.0015,0.3652,0,,,,,
280.020233,0.000017,0.0015,0.3667,0,,,,,
281.020050,0.000016,0.0015,0.3483,0,,,,,
282.019867,0.000016,0.0014,0.3388,0,,,,,
283.019714,0.000016,0.0015,0.3496,0,,,,,
284.019562,0.000017,0.0015,0.3596,0,,,,,
285.020538,0.000017,0.0015,0.3598,0,,,,,
286.020386,0.000016,0.0015,0.3564,0,,,,,
287.020233,0.000016,0.0015,0.3444,0,,,,,
288.020050,0.000016,0.0015,0.3486,0,,,,,
289.019867,0.000017,0.0015,0.3631,0,,,,,
290.019714,0.000016,0.0015,0.3484,0,,,,,
291.019562,0.000016,0.0014,0.3409,0,,,,,
292.020538,0.000016,0.0015,0.3435,0,,,,,
293.020386,0.000016,0.0015,0.3497,0,,,,,
294.020233,0.000016,0.0015,0.3490,0,,,,,
295.020050,0.000017,0.0015,0.3610,0,,,,,
296.019867,0.000016,0.0015,0.3579,0,,,,,
297.019714,0.000017,0.0015,0.3667,0,,,,,
298.019562,0.000016,0.0015,0.3584,0,,,,,
299.020538,0.000016,0.0015,0.3467,0,,,,,
300.020386,0.000016,0.0015,0.3457,0,,,,,
301.020233,0.000017,0.0016,0.3749,0,,,,,
302.020050,0.000016,0.0015,0.3491,0,,,,,
303.019867,0.000016,0.0014,0.3425,0,,,,,
304.019714,0.000016,0.0014,0.3394,0,,,,,
305.019562,0.000016,0.0015,0.3561,0,,,,,
306.020538,0.000017,0.0015,0.3651,0,,,,,
307.020386,0.000017,0.0015,0.3659,0,,,,,
308.020233,0.000016,0.0015,0.3581,0,,,,,
309.020020,0.000016,0.0015,0.3436,0,,,,,
310.019867,0.000016,0.0015,0.3531,0,,,,,
311.019714,0.000017,0.0015,0.3634,0,,,,,
312.019562,0.000017,0.0015,0.3614,0,,,,,
313.020538,0.000016,0.0015,0.3491,0,,,,,
314.020386,0.000017,0.0015,0.3654,0,,,,,
315.020233,0.000016,0.0015,0.3505,0,,,,,
316.020050,0.000016,0.0015,0.3559,0,,,,,
317.019867,0.000017,0.0016,0.3673,0,,,,,
318.019714,0.000017,0.0016,0.3752,0,,,,,
319.019562,0.000016,0.0015,0.3462,0,,,,,
320.020538,0.000017,0.0016,0.3681,0,,,,,
321.020386,0.000017,0.0015,0.3628,0,,,,,
322.020233,0.000016,0.0015,0.3562,0,,,,,
323.020050,0.000016,0.0015,0.3449,0,,,,,
324.019867,0.000016,0.0015,0.3531,0,,,,,
325.019714,0.000016,0.0014,0.3422,0,,,,,
326.019562,0.000017,0.0015,0.3589,0,,,,,
327.020538,0.000016,0.0015,0.3529,0,,,,,
328.020386,0.000016,0.0015,0.3511,0,,,,,
329.020233,0.000016,0.0015,0.3554,0,,,,,
330.020050,0.000016,0.0015,0.3562,0,,,,,
331.019867,0.000017,0.0015,0.3618,0,,,,,
332.019714,0.000016,0.0015,0.3519,0,,,,,
333.019562,0.000017,0.0015,0.3617,0,,,,,
334.020538,0.000017,0.0015,0.3646,0,,,,,
335.020386,0.000016,0.0015,0.3531,0,,,,,
336.020233,0.000017,0.0016,0.3687,0,,,,,
337.020020,0.000016,0.0015,0.3480,0,,,,,
338.019867,0.000016,0.0015,0.3560,0,,,,,
339.019714,0.000016,0.0015,0.3491,0,,,,,
340.019562,0.000015,0.0014,0.3291,0,,,,,
341.020538,0.000016,0.0015,0.3511,0,,,,,
342.020386,0.000017,0.0015,0.3637,0,,,,,
343.020233,0.000017,0.0016,0.3677,0,,,,,
344.020050,0.000016,0.0015,0.3504,0,,,,,
345.019867,0.000016,0.0015,0.3521,0,,,,,
346.019714,0.000016,0.0015,0.3485,0,,,,,
347.019562,0.000016,0.0015,0.3476,0,,,,,
348.020538,0.000016,0.0015,0.3527,0,,,,,
349.020386,0.000016,0.0015,0.3493,0,,,,,
350.020233,0.000016,0.0014,0.3387,0,,,,,
351.020020,0.000016,0.0014,0.3397,0,,,,,
352.019867,0.000016,0.0015,0.3473,0,,,,,
353.019714,0.000016,0.0014,0.3383,0,,,,,
354.019562,0.000016,0.0015,0.3524,0,,,,,
355.020538,0.000017,0.0015,0.3608,0,,,,,
356.020386,0.000016,0.0015,0.3564,0,,,,,
357.020233,0.000016,0.0015,0.3503,0,,,,,
358.020050,0.000016,0.0014,0.3370,0,,,,,
359.019867,0.000016,0.0015,0.3459,0,,,,,
360.019714,0.000016,0.0015,0.3485,0,,,,,
361.019562,0.000016,0.0014,0.3383,0,,,,,
362.020538,0.000016,0.0014,0.3421,0,,,,,
363.020386,0.000016,0.0015,0.3440,0,,,,,
364.020233,0.000016,0.0015,0.3477,0,,,,,
365.020020,0.000017,0.0016,0.3718,0,,,,,
366.019867,0.000016,0.0014,0.3429,0,,,,,
367.019714,0.000016,0.0015,0.3558,0,,,,,
368.019562,0.000017,0.0015,0.3593,0,,,,,
369.020538,0.000016,0.0015,0.3553,0,,,,,
370.020386,0.000016,0.0015,0.3462,0,,,,,
371.020233,0.000016,0.0015,0.3480,0,,,,,
372.020050,0.000016,0.0015,0.3470,0,,,,,
373.019867,0.000016,0.0015,0.3476,0,,,,,
374.019714,0.000017,0.0015,0.3592,0,,,,,
375.019562,0.000016,0.0015,0.3520,0,,,,,
376.020538,0.000016,0.0015,0.3552,0,,,,,
377.020386,0.000015,0.0014,0.3356,0,,,,,
378.020233,0.000017,0.0015,0.3610,0,,,,,
379.020020,0.000016,0.0014,0.3419,0,,,,,
380.019867,0.000017,0.0016,0.3729,0,,,,,
381.019714,0.000016,0.0015,0.3563,0,,,,,
382.019562,0.000016,0.0015,0.3578,0,,,,,
383.020538,0.000017,0.0015,0.3628,0,,,,,
384.020386,0.000016,0.0014,0.3412,0,,,,,
385.020233,0.000016,0.0015,0.3562,0,,,,,
386.020050,0.000017,0.0015,0.3586,0,,,,,
387.019867,0.000016,0.0015,0.3504,0,,,,,
388.019714,0.000016,0.0015,0.3496,0,,,,,
389.019562,0.000016,0.0015,0.3454,0,,,,,
390.020538,0.000016,0.0015,0.3575,0,,,,,
391.020386,0.000016,0.0014,0.3432,0,,,,,
392.020233,0.000016,0.0015,0.3527,0,,,,,
393.020050,0.000016,0.0015,0.3473,0,,,,,
394.019867,0.000016,0.0015,0.3439,0,,,,,
395.019714,0.000016,0.0015,0.3503,0,,,,,
396.019562,0.000017,0.0015,0.3609,0,,,,,
397.020538,0.000016,0.0015,0.3563,0,,,,,
398.020386,0.000016,0.0015,0.3580,0,,,,,
399.020233,0.000016,0.0015,0.3563,0,,,,,
400.020050,0.000016,0.0014,0.3424,0,,,,,
401.019867,0.000016,0.0015,0.3480,0,,,,,
402.019714,0.000017,0.0015,0.3600,0,,,,,
403.019562,0.000017,0.0015,0.3630,0,,,,,
404.020538,0.000016,0.0014,0.3431,0,,,,,
405.020386,0.000016,0.0015,0.3520,0,,,,,
406.020233,0.000016,0.0015,0.3519,0,,,,,
407.020020,0.000016,0.0015,0.3566,0,,,,,
408.019867,0.000017,0.0016,0.3748,0,,,,,
409.019714,0.000016,0.0015,0.3522,0,,,,,
410.019562,0.000016,0.0015,0.3527,0,,,,,
411.020538,0.000016,0.0015,0.3513,0,,,,,
412.020386,0.000016,0.0015,0.3556,0,,,,,
413.020233,0.000016,0.0015,0.3514,0,,,,,
414.020050,0.000016,0.0014,0.3421,0,,,,,
415.019867,0.000016,0.0015,0.3514,0,,,,,
416.019714,0.000016,0.0015,0.3536,0,,,,,
417.019562,0.000016,0.0015,0.3514,0,,,,,
418.020538,0.000017,0.0015,0.3655,0,,,,,
419.020386,0.000017,0.0015,0.3621,0,,,,,
420.020233,0.000016,0.0015,0.3534,0,,,,,
421.020050,0.000017,0.0015,0.3596,0,,,,,
422.019867,0.000016,0.0015,0.3536,0,,,,,
423.019714,0.000017,0.0015,0.3590,0,,,,,
424.019562,0.000016,0.0015,0.3539,0,,,,,
425.020538,0.000017,0.0015,0.3594,0,,,,,
426.020386,0.000017,0.0015,0.3600,0,,,,,
427.020233,0.000017,0.0015,0.3599,0,,,,,
428.020050,0.000016,0.0015,0.3527,0,,,,,
429.019867,0.000016,0.0015,0.3466,0,,,,,
430.019714,0.000017,0.0015,0.3651,0,,,,,
431.019562,0.000016,0.0015,0.3499,0,,,,,
432.020538,0.000017,0.0016,0.3684,0,,,,,
433.020386,0.000016,0.0015,0.3434,0,,,,,
434.020233,0.000017,0.0015,0.3589,0,,,,,
435.020050,0.000015,0.0014,0.3363,0,,,,,
436.019867,0.000016,0.0015,0.3504,0,,,,,
437.019714,0.000017,0.0016,0.3771,0,,,,,
438.019562,0.000016,0.0015,0.3504,0,,,,,
439.020538,0.000015,0.0014,0.3311,0,,,,,
440.020386,0.000016,0.0015,0.3526,0,,,,,
441.020233,0.000015,0.0014,0.3346,0,,,,,
442.020050,0.000016,0.0014,0.3368,0,,,,,
443.019867,0.000016,0.0015,0.3484,0,,,,,
444.019714,0.000017,0.0015,0.3662,0,,,,,
445.019562,0.000017,0.0016,0.3720,0,,,,,
446.020538,0.000016,0.0015,0.3570,0,,,,,
447.020386,0.000016,0.0015,0.3576,0,,,,,
448.020233,0.000016,0.0015,0.3565,0,,,,,
449.020020,0.000016,0.0015,0.3579,0,,,,,
450.019867,0.000016,0.0015,0.3518,0,,,,,
451.019714,0.000016,0.0015,0.3448,0,,,,,
452.019562,0.000016,0.0015,0.3456,0,,,,,
453.020538,0.000016,0.0015,0.3508,0,,,,,
454.020386,0.000016,0.0015,0.3496,0,,,,,
455.020233,0.000015,0.0014,0.3213,0,,,,,
456.020020,0.000015,0.0014,0.3246,0,,,,,
457.019867,0.000015,0.0013,0.3183,0,,,,,
458.019714,0.000015,0.0014,0.3298,0,,,,,
459.019562,0.000015,0.0014,0.3266,0,,,,,
460.020538,0.000015,0.0014,0.3298,0,,,,,
461.020386,0.000015,0.0014,0.3345,0,,,,,
462.020233,0.000015,0.0014,0.3239,0,,,,,
463.020050,0.000014,0.0013,0.3141,0,,,,,
464.019867,0.000015,0.0014,0.3260,0,,,,,
465.019714,0.000016,0.0014,0.3371,0,,,,,
466.019562,0.000015,0.0014,0.3290,0,,,,,
467.020538,0.000016,0.0014,0.3393,0,,,,,
468.020386,0.000015,0.0014,0.3200,0,,,,,
469.020233,0.000016,0.0015,0.3448,0,,,,,
470.020050,0.000015,0.0014,0.3358,0,,,,,
471.019867,0.000015,0.0014,0.3235,0,,,,,
472.019714,0.000016,0.0014,0.3375,0,,,,,
473.019562,0.000015,0.0014,0.3240,0,,,,,
474.020538,0.000015,0.0014,0.3291,0,,,,,
475.020386,0.000015,0.0014,0.3283,0,,,,,
476.020233,0.000015,0.0013,0.3176,0,,,,,
477.020050,0.000016,0.0014,0.3372,0,,,,,
478.019867,0.000016,0.0014,0.3424,0,,,,,
479.019714,0.000015,0.0014,0.3284,0,,,,,
480.019562,0.000016,0.0015,0.3462,0,,,,,
481.020538,0.000016,0.0015,0.3462,0,,,,,
482.020386,0.000016,0.0015,0.3482,0,,,,,
483.020233,0.000015,0.0014,0.3308,0,,,,,
484.020050,0.000015,0.0014,0.3321,0,,,,,
485.019867,0.000016,0.0015,0.3464,0,,,,,
486.019714,0.000015,0.0014,0.3268,0,,,,,
487.019562,0.000016,0.0014,0.3426,0,,,,,
488.020538,0.000015,0.0014,0.3318,0,,,,,
489.020386,0.000016,0.0014,0.3394,0,,,,,
490.020233,0.000015,0.0014,0.3247,0,,,,,
491.020050,0.000016,0.0014,0.3406,0,,,,,
492.019867,0.000015,0.0014,0.3298,0,,,,,
493.019714,0.000015,0.0014,0.3262,0,,,,,
494.019562,0.000015,0.0014,0.3227,0,,,,,
495.020538,0.000015,0.0014,0.3346,0,,,,,
496.020386,0.000015,0.0014,0.3312,0,,,,,
497.020233,0.000014,0.0013,0.3092,0,,,,,
498.020050,0.000015,0.0014,0.3358,0,,,,,
499.019867,0.000015,0.0013,0.3191,0,,,,,
500.019714,0.000015,0.0014,0.3347,0,,,,,
501.019562,0.000015,0.0013,0.3185,0,,,,,
502.020538,0.000015,0.0014,0.3212,0,,,,,
503.020386,0.000015,0.0014,0.3280,0,,,,,
504.020233,0.000015,0.0013,0.3173,0,,,,,
505.020050,0.000015,0.0013,0.3194,0,,,,,
506.019867,0.000014,0.0013,0.3112,0,,,,,
507.019714,0.000015,0.0014,0.3310,0,,,,,
508.019562,0.000015,0.0014,0.3208,0,,,,,
509.020538,0.000015,0.0014,0.3261,0,,,,,
510.020386,0.000015,0.0014,0.3246,0,,,,,
511.020233,0.000015,0.0014,0.3287,0,,,,,
512.020081,0.000015,0.0014,0.3238,0,,,,,
513.019897,0.000015,0.0014,0.3348,0,,,,,
514.019714,0.000016,0.0014,0.3369,0,,,,,
515.019531,0.000015,0.0014,0.3358,0,,,,,
516.020569,0.000015,0.0014,0.3245,0,,,,,
517.020386,0.000015,0.0014,0.3267,0,,,,,
518.020203,0.000016,0.0014,0.3389,0,,,,,
519.020020,0.000015,0.0014,0.3326,0,,,,,
520.019897,0.000016,0.0014,0.3395,0,,,,,
521.019714,0.000015,0.0014,0.3355,0,,,,,
522.019531,0.000015,0.0014,0.3327,0,,,,,
523.020569,0.000016,0.0014,0.3383,0,,,,,
524.020386,0.000015,0.0014,0.3197,0,,,,,
525.020203,0.000015,0.0014,0.3293,0,,,,,
526.020081,0.000015,0.0014,0.3318,0,,,,,
527.019897,0.000015,0.0014,0.3298,0,,,,,
528.019714,0.000015,0.0014,0.3276,0,,,,,
529.019531,0.000015,0.0014,0.3354,0,,,,,
530.020569,0.000015,0.0014,0.3300,0,,,,,
531.020386,0.000016,0.0014,0.3394,0,,,,,
532.020203,0.000015,0.0013,0.3177,0,,,,,
533.020081,0.000016,0.0014,0.3369,0,,,,,
534.019897,0.000016,0.0014,0.3382,0,,,,,
535.019714,0.000015,0.0014,0.3203,0,,,,,
536.019531,0.000015,0.0014,0.3238,0,,,,,
537.020569,0.000014,0.0013,0.3125,0,,,,,
538.020325,0.000016,0.0014,0.3424,0,,,,,
539.020203,0.000015,0.0014,0.3317,0,,,,,
540.020020,0.000015,0.0014,0.3327,0,,,,,
541.019897,0.000015,0.0014,0.3238,0,,,,,
542.019714,0.000015,0.0014,0.3268,0,,,,,
543.019531,0.000015,0.0013,0.3189,0,,,,,
544.020569,0.008970,0.8230,194.8454,0,,,,,
545.020325,0.036165,3.3180,785.5400,0,,,,,
546.020203,0.036181,3.3194,785.8775,0,,,,,
547.020020,0.036201,3.3213,786.3223,0,,,,,
548.019897,0.036202,3.3213,786.3253,0,,,,,
549.019714,0.036179,3.3193,785.8392,0,,,,,
550.019531,0.036241,3.3249,787.1753,0,,,,,
551.020569,0.036226,3.3236,786.8633,0,,,,,
552.020325,0.036212,3.3223,786.5559,1,544.020569,785.5901,1,-1,1
553.019653,0.036231,3.3241,786.9708,0,,,,,
554.020630,0.036157,3.3172,785.3470,0,,,,,
555.020508,0.036083,3.3104,783.7394,0,,,,,
556.020325,0.036162,3.3177,785.4699,0,,,,,
557.020203,0.036198,3.3210,786.2534,0,,,,,
558.020020,0.036200,3.3212,786.2932,0,,,,,
559.019897,0.036197,3.3209,786.2339,0,,,,,
560.019714,0.036211,3.3222,786.5291,0,,,,,
561.019531,0.036169,3.3183,785.6174,0,,,,,
562.020569,0.036176,3.3190,785.7679,0,,,,,
563.020386,0.036168,3.3182,785.5938,0,,,,,
564.020203,0.036226,3.3236,786.8563,0,,,,,
565.020020,0.036216,3.3227,786.6446,0,,,,,
566.019897,0.036201,3.3213,786.3211,0,,,,,
567.019714,0.036229,3.3239,786.9296,0,,,,,
568.019531,0.036221,3.3231,786.7509,0,,,,,
569.020569,0.036133,3.3150,784.8263,0,,,,,
570.020325,0.036198,3.3210,786.2514,0,,,,,
571.020203,0.036184,3.3197,785.9388,0,,,,,
572.020020,0.036186,3.3199,785.9845,0,,,,,
573.019897,0.036192,3.3204,786.1076,0,,,,,
574.019714,0.036220,3.3230,786.7246,0,,,,,
575.019531,0.036215,3.3226,786.6187,0,,,,,
576.020569,0.036157,3.3172,785.3535,0,,,,,
577.020386,0.036195,3.3207,786.1793,0,,,,,
578.020203,0.036247,3.3255,787.3079,0,,,,,
579.020020,0.036223,3.3233,786.7957,0,,,,,
580.019897,0.036212,3.3223,786.5574,0,,,,,
581.019714,0.036182,3.3196,785.9050,0,,,,,
582.019531,0.036151,3.3167,785.2214,0,,,,,
583.020569,0.036187,3.3200,786.0024,0,,,,,
584.020325,0.036205,3.3216,786.3972,0,,,,,
585.020203,0.036160,3.3175,785.4195,0,,,,,
586.020020,0.036151,3.3167,785.2354,0,,,,,
587.019897,0.036138,3.3155,784.9542,0,,,,,
588.019714,0.036131,3.3149,784.8011,0,,,,,
589.019531,0.036136,3.3153,784.8973,0,,,,,
590.020569,0.036139,3.3155,784.9562,0,,,,,
591.020325,0.036070,3.3093,783.4677,0,,,,,
592.020203,0.036078,3.3100,783.6474,0,,,,,
593.020020,0.036082,3.3104,783.7369,0,,,,,
594.019897,0.036030,3.3056,782.5916,0,,,,,
595.019714,0.035998,3.3026,781.8969,0,,,,,
596.019531,0.035989,3.3018,781.7114,0,,,,,
597.020569,0.035977,3.3007,781.4523,0,,,,,
598.020386,0.035992,3.3021,781.7668,0,,,,,
599.020203,0.036043,3.3068,782.8885,0,,,,,
600.020020,0.036041,3.3066,782.8278,0,,,,,
601.019897,0.036023,3.3049,782.4394,0,,,,,
602.019714,0.035995,3.3023,781.8308,0,,,,,
603.019531,0.036017,3.3044,782.3084,0,,,,,
604.020569,0.036066,3.3089,783.3849,0,,,,,
605.020386,0.036038,3.3063,782.7621,0,,,,,
606.020203,0.036025,3.3051,782.4831,0,,,,,
607.020020,0.036013,3.3040,782.2269,0,,,,,
608.019897,0.035966,3.2997,781.2145,0,,,,,
609.019714,0.035939,3.2973,780.6292,0,,,,,
610.019531,0.035985,3.3015,781.6308,0,,,,,
611.020569,0.035982,3.3012,781.5559,0,,,,,
612.020386,0.035932,3.2966,780.4768,0,,,,,
613.020203,0.035940,3.2973,780.6361,0,,,,,
614.020020,0.035912,3.2948,780.0439,0,,,,,
615.019897,0.035910,3.2946,779.9868,0,,,,,
616.019714,0.035870,3.2909,779.1141,0,,,,,
617.019531,0.035854,3.2895,778.7851,0,,,,,
618.020569,0.035841,3.2883,778.4998,0,,,,,
619.020386,0.035903,3.2940,779.8460,0,,,,,
620.020203,0.035868,3.2907,779.0712,0,,,,,
621.020020,0.035859,3.2899,778.8909,0,,,,,
622.019897,0.035827,3.2870,778.1935,0,,,,,
623.019714,0.035824,3.2867,778.1284,0,,,,,
624.019531,0.035813,3.2856,777.8776,0,,,,,
625.020569,0.035828,3.2870,778.2087,0,,,,,
626.020386,0.035849,3.2890,778.6690,0,,,,,
627.020203,0.035877,3.2915,779.2715,0,,,,,
628.020020,0.035856,3.2896,778.8235,0,,,,,
629.019897,0.035862,3.2901,778.9420,0,,,,,
630.019714,0.035840,3.2881,778.4669,0,,,,,
631.019531,0.035777,3.2824,777.1051,0,,,,,
632.020569,0.035745,3.2794,776.4058,0,,,,,
633.020325,0.035753,3.2802,776.5876,0,,,,,
634.020203,0.035757,3.2805,776.6674,0,,,,,
635.020020,0.035791,3.2836,777.3981,0,,,,,
636.019897,0.035856,3.2896,778.8184,0,,,,,
637.019714,0.035815,3.2859,777.9257,0,,,,,
638.019531,0.035860,3.2899,778.8951,0,,,,,
639.020569,0.035844,3.2885,778.5544,0,,,,,
640.020386,0.035814,3.2857,777.9007,0,,,,,
641.020203,0.035641,3.2699,774.1536,0,,,,,
642.020020,0.035632,3.2691,773.9568,0,,,,,
643.019897,0.035615,3.2675,773.5745,0,,,,,
644.019714,0.035631,3.2690,773.9266,0,,,,,
645.019531,0.035682,3.2736,775.0339,0,,,,,
646.020569,0.035709,3.2762,775.6325,0,,,,,
647.020325,0.035737,3.2787,776.2380,0,,,,,
648.020203,0.035720,3.2771,775.8589,0,,,,,
649.020020,0.035658,3.2714,774.5125,0,,,,,
650.019897,0.035607,3.2667,773.4028,0,,,,,
651.019714,0.035625,3.2685,773.8079,0,,,,,
652.019531,0.035654,3.2711,774.4333,0,,,,,
653.020569,0.035633,3.2692,773.9753,0,,,,,
654.020325,0.035646,3.2704,774.2606,0,,,,,
655.020203,0.035676,3.2731,774.9072,0,,,,,
656.020020,0.035658,3.2715,774.5227,0,,,,,
657.019897,0.035625,3.2685,773.8108,0,,,,,
658.019714,0.035651,3.2708,774.3669,0,,,,,
659.019531,0.035564,3.2628,772.4748,0,,,,,
660.020569,0.035550,3.2615,772.1669,0,,,,,
661.020386,0.035581,3.2644,772.8387,0,,,,,
662.020203,0.035635,3.2694,774.0278,0,,,,,
663.020020,0.035683,3.2738,775.0628,0,,,,,
664.019897,0.035647,3.2704,774.2689,0,,,,,
665.019714,0.035648,3.2705,774.2913,0,,,,,
666.019531,0.035593,3.2655,773.1014,0,,,,,
667.020569,0.035574,3.2638,772.6979,0,,,,,
668.020325,0.035541,3.2607,771.9728,0,,,,,
669.020203,0.035540,3.2606,771.9563,0,,,,,
670.020020,0.035572,3.2636,772.6537,0,,,,,
671.019897,0.035600,3.2661,773.2498,0,,,,,
672.019714,0.035611,3.2671,773.4899,0,,,,,
673.019531,0.035623,3.2683,773.7668,0,,,,,
674.020569,0.035593,3.2655,773.1035,0,,,,,
675.020325,0.035516,3.2584,771.4320,0,,,,,
676.020203,0.035499,3.2569,771.0710,0,,,,,
677.020020,0.035504,3.2573,771.1678,0,,,,,
678.019897,0.035559,3.2624,772.3665,0,,,,,
679.019714,0.035517,3.2585,771.4520,0,,,,,
680.019531,0.035573,3.2637,772.6809,0,,,,,
681.020569,0.035548,3.2614,772.1254,0,,,,,
682.020386,0.035556,3.2621,772.3106,0,,,,,
683.020203,0.024790,2.2743,538.4487,0,,,,,
684.020020,0.000043,0.0039,0.9303,0,,,,,
685.019897,0.000040,0.0037,0.8702,0,,,,,
686.019714,0.000040,0.0036,0.8602,0,,,,,
687.019531,0.000039,0.0036,0.8579,0,,,,,
688.020569,0.000040,0.0037,0.8743,0,,,,,
689.020386,0.000040,0.0037,0.8733,0,,,,,
690.020203,0.000041,0.0037,0.8833,0,,,,,
691.020020,0.000040,0.0037,0.8687,1,683.020203,771.4857,-1,-1,1
692.020142,0.000040,0.0037,0.8659,0,,,,,
693.019958,0.000040,0.0036,0.8602,0,,,,,
694.019836,0.000040,0.0037,0.8674,0,,,,,
695.019714,0.000041,0.0037,0.8868,0,,,,,
696.019531,0.000041,0.0037,0.8835,0,,,,,
697.020569,0.000041,0.0038,0.8887,0,,,,,
698.020325,0.000039,0.0036,0.8560,0,,,,,
699.020203,0.000040,0.0037,0.8723,0,,,,,
700.020020,0.000040,0.0036,0.8630,0,,,,,
701.019897,0.000040,0.0037,0.8755,0,,,,,
702.019714,0.000040,0.0037,0.8727,0,,,,,
703.019531,0.000040,0.0037,0.8738,0,,,,,
704.020569,0.000040,0.0037,0.8680,0,,,,,
706.020203,0.000040,0.0036,0.8609,0,,,,,
707.020020,0.000040,0.0037,0.8696,0,,,,,
708.019897,0.000041,0.0037,0.8831,0,,,,,
709.019714,0.000040,0.0037,0.8654,0,,,,,
710.019531,0.000041,0.0037,0.8829,0,,,,,
711.020569,0.000040,0.0037,0.8725,0,,,,,
712.020325,0.000040,0.0037,0.8793,0,,,,,
713.020203,0.000040,0.0037,0.8645,0,,,,,
714.020020,0.000040,0.0037,0.8748,0,,,,,
715.019897,0.000040,0.0036,0.8617,0,,,,,
716.019714,0.000041,0.0037,0.8803,0,,,,,
717.019531,0.000041,0.0037,0.8867,0,,,,,
718.020569,0.000040,0.0037,0.8738,0,,,,,
719.020325,0.000040,0.0037,0.8678,0,,,,,
720.020203,0.000040,0.0037,0.8710,0,,,,,
721.020020,0.000040,0.0037,0.8741,0,,,,,
722.019897,0.000040,0.0037,0.8795,0,,,,,
723.019714,0.000041,0.0037,0.8818,0,,,,,
724.019531,0.000040,0.0037,0.8713,0,,,,,
725.020569,0.000040,0.0037,0.8747,0,,,,,
726.020325,0.000041,0.0038,0.8985,0,,,,,
727.020203,0.000040,0.0037,0.8712,0,,,,,
728.020020,0.000041,0.0037,0.8826,0,,,,,
729.019897,0.000041,0.0037,0.8822,0,,,,,
730.019714,0.000040,0.0037,0.8681,0,,,,,
731.019531,0.000041,0.0037,0.8805,0,,,,,
732.020569,0.000041,0.0038,0.8932,0,,,,,
733.020325,0.000040,0.0037,0.8718,0,,,,,
734.020203,0.000041,0.0037,0.8846,0,,,,,
735.020020,0.000040,0.0037,0.8711,0,,,,,
736.019897,0.000041,0.0038,0.8939,0,,,,,
737.019714,0.000041,0.0037,0.8852,0,,,,,
738.019531,0.000041,0.0037,0.8809,0,,,,,
739.020569,0.000040,0.0037,0.8727,0,,,,,
740.020325,0.000040,0.0037,0.8684,0,,,,,
741.020203,0.000036,0.0033,0.7844,0,,,,,
742.020020,0.000016,0.0014,0.3407,0,,,,,
743.019897,0.000015,0.0014,0.3333,0,,,,,
744.019714,0.000015,0.0014,0.3237,0,,,,,
745.019531,0.000016,0.0014,0.3420,0,,,,,
746.020569,0.000016,0.0015,0.3535,0,,,,,
747.020386,0.000016,0.0015,0.3442,0,,,,,
748.020203,0.000017,0.0015,0.3587,0,,,,,
749.020020,0.000015,0.0014,0.3358,0,,,,,
750.019897,0.000016,0.0015,0.3496,0,,,,,
751.019714,0.000016,0.0015,0.3482,0,,,,,
752.019531,0.000016,0.0015,0.3551,0,,,,,
753.020569,0.000015,0.0014,0.3336,0,,,,,
754.020325,0.000016,0.0014,0.3411,0,,,,,
755.020203,0.000015,0.0014,0.3356,0,,,,,
756.020020,0.000016,0.0014,0.3381,0,,,,,
757.019897,0.000016,0.0014,0.3408,0,,,,,
758.019714,0.000015,0.0014,0.3320,0,,,,,
759.019531,0.000016,0.0015,0.3538,0,,,,,
760.020569,0.000015,0.0014,0.3231,0,,,,,
761.020325,0.000016,0.0015,0.3525,0,,,,,
762.020203,0.000015,0.0014,0.3354,0,,,,,
763.020020,0.000016,0.0014,0.3417,0,,,,,
764.019897,0.000016,0.0014,0.3416,0,,,,,
765.019714,0.000016,0.0015,0.3488,0,,,,,
766.019531,0.000016,0.0014,0.3372,0,,,,,
767.020569,0.000015,0.0014,0.3276,0,,,,,
768.020325,0.000017,0.0015,0.3587,0,,,,,
769.020203,0.000016,0.0014,0.3420,0,,,,,
770.020020,0.000016,0.0015,0.3466,0,,,,,
771.019897,0.000016,0.0014,0.3418,0,,,,,
772.019714,0.000015,0.0014,0.3329,0,,,,,
774.020569,0.000015,0.0014,0.3284,0,,,,,
775.020325,0.000016,0.0014,0.3407,0,,,,,
776.020203,0.000016,0.0014,0.3387,0,,,,,
777.020020,0.000016,0.0014,0.3367,0,,,,,
778.019897,0.000015,0.0014,0.3258,0,,,,,
780.019531,0.000016,0.0015,0.3443,0,,,,,
781.020569,0.000015,0.0014,0.3307,0,,,,,
782.020325,0.000016,0.0015,0.3450,0,,,,,
784.020020,0.000016,0.0015,0.3485,0,,,,,
785.019897,0.000016,0.0015,0.3477,0,,,,,
786.019714,0.000016,0.0015,0.3459,0,,,,,
787.019531,0.000016,0.0014,0.3430,0,,,,,
788.020569,0.000015,0.0014,0.3361,0,,,,,
789.020386,0.000016,0.0014,0.3404,0,,,,,
790.020203,0.000015,0.0014,0.3336,0,,,,,
791.020020,0.000016,0.0014,0.3430,0,,,,,
792.019897,0.000015,0.0014,0.3362,0,,,,,
793.019714,0.000016,0.0014,0.3391,0,,,,,
794.019531,0.000016,0.0014,0.3378,0,,,,,
795.020569,0.000015,0.0014,0.3336,0,,,,,
796.020325,0.000016,0.0014,0.3370,0,,,,,
797.020203,0.000015,0.0014,0.3337,0,,,,,
798.020020,0.000015,0.0014,0.3246,0,,,,,
799.019897,0.000015,0.0014,0.3313,0,,,,,
800.019714,0.000016,0.0015,0.3461,0,,,,,
801.019531,0.000016,0.0014,0.3388,0,,,,,
802.020569,0.000015,0.0013,0.3183,0,,,,,
803.020386,0.000015,0.0014,0.3316,0,,,,,
804.020203,0.000015,0.0014,0.3330,0,,,,,
805.020020,0.000015,0.0014,0.3251,0,,,,,
806.019897,0.000016,0.0015,0.3435,0,,,,,
807.019714,0.000015,0.0014,0.3329,0,,,,,
808.019531,0.000015,0.0014,0.3307,0,,,,,
809.020569,0.000015,0.0014,0.3360,0,,,,,
810.020325,0.008216,0.7537,178.4475,0,,,,,
811.020203,0.000444,0.0407,9.6396,0,,,,,
812.020020,0.001266,0.1162,27.5079,0,,,,,
813.019897,0.004666,0.4281,101.3445,0,,,,,
814.019714,0.004658,0.4274,101.1814,0,,,,,
815.019531,0.004687,0.4300,101.8109,0,,,,,
816.020569,0.004674,0.4289,101.5311,0,,,,,
817.020325,0.004697,0.4309,102.0206,0,,,,,
818.020203,0.004697,0.4309,102.0208,0,,,,,
819.020020,0.004688,0.4301,101.8303,0,,,,,
820.019897,0.004679,0.4293,101.6346,0,,,,,
822.019531,0.004711,0.4322,102.3329,0,,,,,
823.020569,0.004686,0.4299,101.7863,1,810.020325,101.4544,1,-1,2
824.019531,0.004673,0.4287,101.5041,0,,,,,
825.020569,0.004699,0.4311,102.0723,0,,,,,
826.020386,0.004669,0.4283,101.4060,0,,,,,
827.020203,0.004682,0.4295,101.6874,0,,,,,
828.020020,0.004152,0.3809,90.1829,0,,,,,
829.019897,0.000017,0.0016,0.3778,0,,,,,
830.019714,0.000016,0.0015,0.3576,0,,,,,
831.019531,0.000015,0.0014,0.3337,0,,,,,
832.020569,0.000016,0.0015,0.3511,0,,,,,
833.020386,0.000015,0.0014,0.3323,0,,,,,
834.020203,0.000015,0.0014,0.3364,0,,,,,
835.020020,0.000016,0.0014,0.3373,0,,,,,
836.019897,0.000016,0.0015,0.3447,0,,,,,
837.019714,0.000015,0.0013,0.3180,0,,,,,
838.019531,0.000015,0.0014,0.3358,1,829.019897,97.4113,-1,-1,1
839.019653,0.000016,0.0015,0.3478,0,,,,,
840.020691,0.000015,0.0014,0.3213,0,,,,,
841.020508,0.000015,0.0014,0.3348,0,,,,,
842.020264,0.000016,0.0014,0.3428,0,,,,,
843.020142,0.000015,0.0014,0.3301,0,,,,,
844.019958,0.000015,0.0014,0.3313,0,,,,,
845.019775,0.000016,0.0014,0.3419,0,,,,,
846.019653,0.000015,0.0014,0.3325,0,,,,,
847.019531,0.000015,0.0014,0.3331,0,,,,,
848.020569,0.000015,0.0014,0.3342,0,,,,,
849.020325,0.000015,0.0014,0.3330,0,,,,,
850.020203,0.008268,0.7586,179.5960,0,,,,,
851.020020,0.000442,0.0405,9.5999,0,,,,,
852.019897,0.002039,0.1871,44.2943,0,,,,,
853.019714,0.002953,0.2709,64.1378,0,,,,,
854.019531,0.002974,0.2729,64.6040,0,,,,,
855.020569,0.004719,0.4329,102.4928,0,,,,,
856.020386,0.004704,0.4316,102.1849,0,,,,,
857.020203,0.004658,0.4273,101.1680,0,,,,,
858.020020,0.004679,0.4293,101.6350,0,,,,,
859.019897,0.004675,0.4289,101.5382,0,,,,,
860.019714,0.004658,0.4273,101.1714,0,,,,,
861.019531,0.004670,0.4285,101.4454,0,,,,,
862.020569,0.004670,0.4285,101.4377,0,,,,,
863.020386,0.004690,0.4303,101.8694,1,850.020203,82.9945,1,-1,2
864.020569,0.004668,0.4282,101.3834,0,,,,,
865.020325,0.004659,0.4275,101.2014,0,,,,,
866.020203,0.004662,0.4277,101.2676,0,,,,,
867.020020,0.004678,0.4292,101.6053,0,,,,,
868.019897,0.002666,0.2446,57.9033,0,,,,,
870.019531,0.000015,0.0014,0.3342,0,,,,,
873.020203,0.000015,0.0014,0.3347,0,,,,,
874.020020,0.000016,0.0014,0.3391,0,,,,,
875.019897,0.000015,0.0014,0.3249,0,,,,,
876.019714,0.000016,0.0014,0.3401,0,,,,,
877.019531,0.000015,0.0014,0.3267,1,868.019897,101.0219,-1,-1,1
878.019653,0.000015,0.0014,0.3254,0,,,,,
879.019531,0.000015,0.0014,0.3349,0,,,,,
880.020569,0.000015,0.0014,0.3283,0,,,,,
881.020386,0.000015,0.0014,0.3315,0,,,,,
882.020203,0.000015,0.0014,0.3300,0,,,,,
883.020020,0.000015,0.0014,0.3217,0,,,,,
884.019897,0.000016,0.0015,0.3471,0,,,,,
885.019714,0.000015,0.0014,0.3332,0,,,,,
886.019531,0.004621,0.4240,100.3769,0,,,,,
887.020569,0.000589,0.0541,12.7971,0,,,,,
888.020325,0.000440,0.0404,9.5634,0,,,,,
889.020203,0.002283,0.2094,49.5800,0,,,,,
890.020020,0.002995,0.2748,65.0630,0,,,,,
891.019897,0.002629,0.2412,57.1000,0,,,,,
892.019714,0.004561,0.4184,99.0598,0,,,,,
893.019531,0.004669,0.4284,101.4184,0,,,,,
894.020569,0.004710,0.4321,102.2988,0,,,,,
895.020386,0.004666,0.4280,101.3388,0,,,,,
896.020203,0.004685,0.4298,101.7592,0,,,,,
897.020020,0.004667,0.4282,101.3759,0,,,,,
898.019897,0.004663,0.4278,101.2920,1,890.020020,61.8792,1,-1,1
899.020020,0.004670,0.4284,101.4346,0,,,,,
900.019897,0.004686,0.4300,101.7930,0,,,,,
901.019714,0.004657,0.4272,101.1483,0,,,,,
902.019531,0.004689,0.4302,101.8485,0,,,,,
903.020569,0.004693,0.4305,101.9273,0,,,,,
904.020325,0.004676,0.4290,101.5757,0,,,,,
905.020203,0.004340,0.3982,94.2731,0,,,,,
906.020020,0.000016,0.0015,0.3522,0,,,,,
907.019897,0.000015,0.0014,0.3271,0,,,,,
908.019714,0.000016,0.0015,0.3446,0,,,,,
909.019531,0.000015,0.0014,0.3354,0,,,,,
910.020569,0.000015,0.0014,0.3279,0,,,,,
911.020325,0.000015,0.0014,0.3274,0,,,,,
912.020203,0.000015,0.0014,0.3286,0,,,,,
913.020020,0.000015,0.0014,0.3241,0,,,,,
914.019897,0.000015,0.0014,0.3257,1,906.020020,98.9230,-1,1,1
915.020020,0.000015,0.0014,0.3342,0,,,,,
916.019897,0.000015,0.0014,0.3316,0,,,,,
917.019714,0.000016,0.0014,0.3389,0,,,,,
918.019531,0.000016,0.0015,0.3533,0,,,,,
919.020569,0.000015,0.0014,0.3291,0,,,,,
920.020325,0.000015,0.0014,0.3359,0,,,,,
921.020203,0.000016,0.0014,0.3394,0,,,,,
922.020020,0.000016,0.0014,0.3417,0,,,,,
923.019897,0.000016,0.0015,0.3468,0,,,,,
924.019714,0.006673,0.6122,144.9458,0,,,,,
925.019531,0.000444,0.0408,9.6503,0,,,,,
926.020569,0.001730,0.1587,37.5771,0,,,,,
927.020325,0.002973,0.2728,64.5770,0,,,,,
928.020203,0.002658,0.2438,57.7306,0,,,,,
929.020020,0.004206,0.3859,91.3669,0,,,,,
930.019897,0.004710,0.4322,102.3143,0,,,,,
931.019714,0.004724,0.4334,102.6165,0,,,,,
932.019531,0.004685,0.4298,101.7574,0,,,,,
933.020569,0.004718,0.4329,102.4813,0,,,,,
934.020325,0.004682,0.4296,101.6980,0,,,,,
935.020203,0.004684,0.4297,101.7412,0,,,,,
936.020081,0.004732,0.4341,102.7744,0,,,,,
937.019897,0.004756,0.4363,103.3003,1,924.019714,85.8600,1,1,2
938.020020,0.004694,0.4306,101.9536,0,,,,,
939.019897,0.004685,0.4299,101.7684,0,,,,,
940.019714,0.004705,0.4317,102.2056,0,,,,,
941.019531,0.004692,0.4304,101.9044,0,,,,,
942.020569,0.004687,0.4301,101.8144,0,,,,,
943.020386,0.001567,0.1438,34.0452,0,,,,,
944.020203,0.000016,0.0015,0.3443,0,,,,,
945.020020,0.000015,0.0014,0.3345,0,,,,,
946.019897,0.000016,0.0014,0.3397,0,,,,,
947.019714,0.000015,0.0014,0.3262,0,,,,,
948.019531,0.000015,0.0014,0.3356,0,,,,,
949.020569,0.000015,0.0014,0.3338,0,,,,,
950.020325,0.000015,0.0014,0.3300,0,,,,,
951.020203,0.000015,0.0014,0.3363,1,943.020386,101.6353,-1,1,1
952.020325,0.000015,0.0014,0.3264,0,,,,,
953.020203,0.000016,0.0014,0.3420,0,,,,,
954.020020,0.000016,0.0014,0.3398,0,,,,,
955.019897,0.000015,0.0014,0.3281,0,,,,,
956.019714,0.000015,0.0014,0.3359,0,,,,,
957.019531,0.000015,0.0014,0.3311,0,,,,,
958.020569,0.000016,0.0015,0.3466,0,,,,,
959.020325,0.000015,0.0014,0.3327,0,,,,,
960.020203,0.000015,0.0014,0.3268,0,,,,,
961.020020,0.005544,0.5086,120.4171,0,,,,,
962.019897,0.000442,0.0406,9.6052,0,,,,,
963.019714,0.000952,0.0873,20.6767,0,,,,,
964.019531,0.004327,0.3970,93.9951,0,,,,,
965.020569,0.004733,0.4342,102.8051,0,,,,,
966.020325,0.004711,0.4322,102.3180,0,,,,,
967.020203,0.004700,0.4312,102.0847,0,,,,,
968.020020,0.004702,0.4314,102.1333,0,,,,,
969.019897,0.004664,0.4279,101.2965,0,,,,,
970.019714,0.004680,0.4294,101.6537,0,,,,,
971.019531,0.004667,0.4282,101.3694,0,,,,,
972.020569,0.004700,0.4312,102.0938,0,,,,,
973.020325,0.004728,0.4337,102.6866,1,961.020020,101.8433,1,1,2
974.020569,0.004668,0.4282,101.3881,0,,,,,
975.020386,0.004666,0.4281,101.3492,0,,,,,
976.020203,0.004647,0.4263,100.9303,0,,,,,
977.020020,0.004655,0.4271,101.1099,0,,,,,
978.019897,0.004707,0.4318,102.2296,0,,,,,
979.019714,0.004691,0.4304,101.9016,0,,,,,
980.019531,0.004629,0.4247,100.5509,0,,,,,
981.020569,0.004659,0.4274,101.1968,0,,,,,
982.020325,0.004661,0.4277,101.2475,0,,,,,
983.020203,0.004634,0.4251,100.6469,0,,,,,
984.020020,0.004724,0.4334,102.6084,0,,,,,
985.019897,0.004688,0.4301,101.8169,0,,,,,
986.019714,0.000034,0.0031,0.7435,0,,,,,
987.019531,0.000016,0.0014,0.3415,0,,,,,
988.020569,0.000016,0.0015,0.3497,0,,,,,
989.020325,0.000015,0.0014,0.3236,0,,,,,
990.020203,0.000015,0.0013,0.3151,0,,,,,
991.020020,0.000015,0.0014,0.3341,0,,,,,
992.019897,0.000016,0.0015,0.3470,0,,,,,
993.019714,0.000016,0.0015,0.3456,0,,,,,
994.019531,0.000016,0.0014,0.3422,0,,,,,
995.020569,0.000016,0.0015,0.3535,1,986.019714,101.3525,-1,1,1
996.019531,0.000015,0.0014,0.3275,0,,,,,
997.020569,0.000016,0.0014,0.3382,0,,,,,
999.020203,0.000016,0.0014,0.3384,0,,,,,
1000.020020,0.000016,0.0014,0.3376,0,,,,,
1001.019897,0.000015,0.0014,0.3288,0,,,,,
1002.019714,0.000016,0.0014,0.3405,0,,,,,
1003.019531,0.000016,0.0014,0.3371,0,,,,,
1004.020569,0.000015,0.0014,0.3341,0,,,,,
1005.020325,0.000015,0.0014,0.3326,0,,,,,
1006.020203,0.000015,0.0014,0.3230,0,,,,,
1007.020020,0.000016,0.0014,0.3386,0,,,,,
1008.019897,0.000015,0.0014,0.3251,0,,,,,
1009.019714,0.000015,0.0014,0.3346,0,,,,,
1010.019531,0.000016,0.0014,0.3413,0,,,,,
1011.020569,0.000015,0.0014,0.3242,0,,,,,
1012.020325,0.000016,0.0015,0.3442,0,,,,,
1013.020203,0.000016,0.0015,0.3534,0,,,,,
1014.020020,0.000016,0.0014,0.3418,0,,,,,
1015.019897,0.000016,0.0014,0.3385,0,,,,,
1016.019714,0.000015,0.0014,0.3298,0,,,,,
1017.019531,0.000016,0.0014,0.3420,0,,,,,
1018.020569,0.000016,0.0014,0.3398,0,,,,,
1019.020386,0.000015,0.0014,0.3245,0,,,,,
1020.020203,0.000016,0.0015,0.3463,0,,,,,
1021.020020,0.000016,0.0014,0.3374,0,,,,,
1022.019897,0.000015,0.0014,0.3335,0,,,,,
1023.019714,0.000016,0.0014,0.3385,0,,,,,
1024.019531,0.000015,0.0014,0.3344,0,,,,,
1025.020508,0.000015,0.0014,0.3308,0,,,,,
1026.020386,0.000015,0.0014,0.3292,0,,,,,
1027.020264,0.000016,0.0014,0.3425,0,,,,,
1028.020020,0.000015,0.0014,0.3269,0,,,,,
1029.019897,0.000015,0.0014,0.3289,0,,,,,
1030.019653,0.000016,0.0014,0.3412,0,,,,,
1031.019531,0.000015,0.0014,0.3237,0,,,,,
1032.020508,0.000015,0.0014,0.3334,0,,,,,
1033.020386,0.000016,0.0015,0.3504,0,,,,,
1034.020264,0.000016,0.0015,0.3526,0,,,,,
1035.020020,0.000016,0.0014,0.3398,0,,,,,
1036.019897,0.000017,0.0015,0.3609,0,,,,,
1037.019653,0.000016,0.0014,0.3414,0,,,,,
1038.019531,0.000016,0.0014,0.3410,0,,,,,
1039.020508,0.000015,0.0014,0.3364,0,,,,,
1040.020386,0.000015,0.0014,0.3302,0,,,,,
1041.020264,0.000016,0.0015,0.3465,0,,,,,
1042.020020,0.000016,0.0015,0.3451,0,,,,,
1043.019897,0.000016,0.0014,0.3392,0,,,,,
1044.019653,0.000015,0.0014,0.3324,0,,,,,
1045.019531,0.000015,0.0014,0.3314,0,,,,,
1046.020508,0.000016,0.0015,0.3553,0,,,,,
1047.020386,0.000015,0.0014,0.3266,0,,,,,
1048.020264,0.000015,0.0014,0.3366,0,,,,,
1049.020020,0.000016,0.0015,0.3525,0,,,,,
1050.019897,0.000016,0.0015,0.3489,0,,,,,
1051.019653,0.000016,0.0015,0.3442,0,,,,,
1052.019531,0.000016,0.0014,0.3379,0,,,,,
1053.020508,0.000016,0.0015,0.3487,0,,,,,
1054.020386,0.000017,0.0015,0.3601,0,,,,,
1055.020264,0.000016,0.0015,0.3441,0,,,,,
1056.020020,0.000015,0.0014,0.3359,0,,,,,
1057.019897,0.000016,0.0015,0.3582,0,,,,,
1058.019653,0.000016,0.0015,0.3498,0,,,,,
1059.019531,0.000016,0.0014,0.3407,0,,,,,
1060.020508,0.000016,0.0015,0.3454,0,,,,,
1061.020386,0.000016,0.0015,0.3459,0,,,,,
1062.020264,0.000015,0.0014,0.3234,0,,,,,
1063.020020,0.000016,0.0015,0.3468,0,,,,,
1064.019897,0.000016,0.0014,0.3431,0,,,,,
1065.019653,0.000016,0.0015,0.3515,0,,,,,
1066.019531,0.000016,0.0015,0.3450,0,,,,,
1067.020508,0.000017,0.0015,0.3600,0,,,,,
1068.020386,0.000016,0.0014,0.3386,0,,,,,
1069.020264,0.000015,0.0014,0.3356,0,,,,,
1070.020020,0.000015,0.0014,0.3292,0,,,,,
1071.019897,0.000015,0.0014,0.3298,0,,,,,
1072.019653,0.000015,0.0014,0.3306,0,,,,,
1073.019531,0.000016,0.0014,0.3386,0,,,,,
1074.020630,0.000016,0.0014,0.3383,0,,,,,
1075.020386,0.000015,0.0014,0.3280,0,,,,,
1076.020264,0.000015,0.0014,0.3351,0,,,,,
1077.020020,0.000015,0.0014,0.3353,0,,,,,
1078.019897,0.000015,0.0014,0.3300,0,,,,,
1079.019775,0.000015,0.0014,0.3338,0,,,,,
1080.019531,0.000016,0.0014,0.3422,0,,,,,
1081.020508,0.000016,0.0015,0.3459,0,,,,,
1082.020386,0.000016,0.0014,0.3424,0,,,,,
1083.020142,0.000015,0.0014,0.3317,0,,,,,
1084.020142,0.000016,0.0015,0.3462,0,,,,,
1085.019897,0.000016,0.0015,0.3437,0,,,,,
1086.019653,0.000016,0.0015,0.3540,0,,,,,
1087.019531,0.000016,0.0014,0.3420,0,,,,,
1088.020630,0.000016,0.0014,0.3416,0,,,,,
1089.020386,0.000016,0.0014,0.3378,0,,,,,
1090.020264,0.000015,0.0014,0.3257,0,,,,,
1091.020020,0.000016,0.0015,0.3489,0,,,,,
1092.019897,0.000015,0.0014,0.3356,0,,,,,
1093.019775,0.000016,0.0015,0.3439,0,,,,,
1094.019531,0.000016,0.0014,0.3419,0,,,,,
1095.020508,0.000016,0.0014,0.3397,0,,,,,
1096.020386,0.000015,0.0014,0.3357,0,,,,,
1097.020142,0.000015,0.0013,0.3177,0,,,,,
1098.020142,0.000016,0.0015,0.3467,0,,,,,
1099.019897,0.000016,0.0014,0.3407,0,,,,,
1100.019653,0.000016,0.0014,0.3368,0,,,,,
1101.019531,0.000016,0.0014,0.3377,0,,,,,
1102.020630,0.000016,0.0015,0.3440,0,,,,,
1103.020386,0.000015,0.0014,0.3309,0,,,,,
1104.020264,0.000015,0.0014,0.3348,0,,,,,
1105.020020,0.000016,0.0014,0.3416,0,,,,,
1106.019897,0.000016,0.0014,0.3421,0,,,,,
1107.019775,0.000015,0.0014,0.3350,0,,,,,
1108.019531,0.000016,0.0014,0.3420,0,,,,,
1109.020508,0.000015,0.0014,0.3318,0,,,,,
1110.020386,0.000016,0.0014,0.3423,0,,,,,
1111.020142,0.000015,0.0014,0.3350,0,,,,,
1112.020142,0.000016,0.0015,0.3449,0,,,,,
1113.019897,0.000016,0.0015,0.3544,0,,,,,
1114.019653,0.000016,0.0015,0.3444,0,,,,,
1115.019531,0.000016,0.0014,0.3375,0,,,,,
1116.020630,0.000016,0.0015,0.3448,0,,,,,
1117.020386,0.001275,0.1170,27.6948,0,,,,,
1118.020264,0.002848,0.2613,61.8676,0,,,,,
1119.020020,0.002267,0.2080,49.2408,0,,,,,
1120.019897,0.002082,0.1910,45.2275,0,,,,,
1121.019775,0.002084,0.1912,45.2660,0,,,,,
1122.019531,0.002082,0.1910,45.2297,0,,,,,
1123.020508,0.002082,0.1910,45.2154,0,,,,,
1124.020386,0.002086,0.1914,45.3103,0,,,,,
1125.020142,0.002087,0.1915,45.3305,0,,,,,
1126.020142,0.002084,0.1912,45.2737,1,1118.020264,37.1190,1,-1,1
1127.020142,0.002076,0.1905,45.0984,0,,,,,
1128.020142,0.002078,0.1906,45.1254,0,,,,,
1129.019897,0.002079,0.1908,45.1661,0,,,,,
1130.019653,0.002078,0.1906,45.1316,0,,,,,
1131.019531,0.002081,0.1909,45.1998,0,,,,,
1132.020630,0.002082,0.1910,45.2289,0,,,,,
1133.020386,0.002081,0.1909,45.1958,0,,,,,
1134.020264,0.002079,0.1907,45.1525,0,,,,,
1135.020020,0.001994,0.1829,43.3094,0,,,,,
1136.019897,0.000015,0.0014,0.3329,0,,,,,
1137.019775,0.000015,0.0014,0.3306,0,,,,,
1138.019531,0.000015,0.0014,0.3296,0,,,,,
1139.020508,0.000016,0.0015,0.3445,0,,,,,
1140.020386,0.000016,0.0014,0.3371,0,,,,,
1141.020142,0.000015,0.0014,0.3340,0,,,,,
1142.020142,0.000016,0.0014,0.3392,0,,,,,
1143.019897,0.000016,0.0014,0.3383,0,,,,,
1144.019653,0.000016,0.0015,0.3445,0,,,,,
1145.019531,0.000016,0.0015,0.3467,1,1136.019897,44.2176,-1,-1,1
1146.019653,0.000015,0.0014,0.3360,0,,,,,
1147.019531,0.000016,0.0015,0.3471,0,,,,,
1148.020630,0.000015,0.0014,0.3222,0,,,,,
1149.020386,0.000015,0.0014,0.3205,0,,,,,
1150.020264,0.000015,0.0013,0.3160,0,,,,,
1151.020020,0.000016,0.0014,0.3387,0,,,,,
1152.019897,0.000015,0.0014,0.3280,0,,,,,
1153.019775,0.000015,0.0014,0.3321,0,,,,,
1154.019531,0.000015,0.0014,0.3303,0,,,,,
1155.020508,0.002229,0.2045,48.4129,0,,,,,
1156.020386,0.002651,0.2433,57.5923,0,,,,,
1157.020142,0.002105,0.1932,45.7308,0,,,,,
1158.020142,0.002063,0.1893,44.8126,0,,,,,
1159.019897,0.002059,0.1889,44.7328,0,,,,,
1160.019653,0.002060,0.1890,44.7352,0,,,,,
1161.019531,0.002062,0.1892,44.7927,0,,,,,
1162.020630,0.002060,0.1890,44.7519,0,,,,,
1163.020386,0.002061,0.1891,44.7665,1,1155.020508,49.0484,1,-1,1
1164.020630,0.002064,0.1894,44.8418,0,,,,,
1165.020386,0.002063,0.1893,44.8121,0,,,,,
1166.020264,0.002066,0.1896,44.8830,0,,,,,
1167.020020,0.002076,0.1905,45.0942,0,,,,,
1168.019897,0.002072,0.1901,44.9979,0,,,,,
1169.019775,0.002073,0.1902,45.0284,0,,,,,
1170.019531,0.002071,0.1900,44.9768,0,,,,,
1171.020508,0.002069,0.1898,44.9444,0,,,,,
1172.020386,0.001942,0.1782,42.1870,0,,,,,
1173.020142,0.000016,0.0015,0.3552,0,,,,,
1174.020142,0.000015,0.0014,0.3297,0,,,,,
1175.019897,0.000014,0.0013,0.3091,0,,,,,
1176.019653,0.000015,0.0014,0.3320,0,,,,,
1177.019531,0.000016,0.0014,0.3400,0,,,,,
1178.020630,0.000015,0.0014,0.3351,0,,,,,
1179.020386,0.000015,0.0014,0.3363,0,,,,,
1180.020264,0.000015,0.0014,0.3296,0,,,,,
1181.020020,0.000015,0.0014,0.3330,1,1173.020142,43.7125,-1,1,1
1182.020264,0.000015,0.0014,0.3300,0,,,,,
1183.020020,0.000015,0.0014,0.3332,0,,,,,
1184.019897,0.000016,0.0014,0.3414,0,,,,,
1185.019775,0.000015,0.0014,0.3322,0,,,,,
1186.019531,0.000017,0.0015,0.3632,0,,,,,
1187.020508,0.000015,0.0013,0.3180,0,,,,,
1188.020386,0.000015,0.0014,0.3263,0,,,,,
1189.020142,0.000015,0.0014,0.3214,0,,,,,
1190.020142,0.000015,0.0014,0.3327,0,,,,,
1191.019897,0.000015,0.0014,0.3329,0,,,,,
1192.019653,0.002788,0.2558,60.5549,0,,,,,
1193.019531,0.002408,0.2210,52.3140,0,,,,,
1194.020630,0.002083,0.1911,45.2414,0,,,,,
1195.020386,0.002074,0.1903,45.0563,0,,,,,
1196.020264,0.002077,0.1905,45.1095,0,,,,,
1197.020020,0.002078,0.1906,45.1260,0,,,,,
1198.019897,0.002079,0.1907,45.1600,0,,,,,
1199.019775,0.002078,0.1906,45.1338,0,,,,,
1200.019531,0.002077,0.1905,45.1089,0,,,,,
1201.020508,0.002083,0.1911,45.2486,1,1192.019653,47.2083,1,1,1
1202.019531,0.002074,0.1902,45.0413,0,,,,,
1203.020508,0.002079,0.1908,45.1614,0,,,,,
1204.020386,0.002082,0.1910,45.2209,0,,,,,
1205.020142,0.002079,0.1908,45.1663,0,,,,,
1206.020142,0.002080,0.1908,45.1784,0,,,,,
1207.019897,0.002076,0.1904,45.0860,0,,,,,
1208.019653,0.002077,0.1905,45.1037,0,,,,,
1209.019531,0.001236,0.1134,26.8364,0,,,,,
1210.020630,0.000015,0.0014,0.3319,0,,,,,
1211.020386,0.000015,0.0014,0.3301,0,,,,,
1212.020264,0.000015,0.0014,0.3278,0,,,,,
1213.020020,0.000016,0.0014,0.3411,0,,,,,
1214.019897,0.000016,0.0015,0.3524,0,,,,,
1215.019775,0.000015,0.0014,0.3229,0,,,,,
1216.019531,0.000016,0.0014,0.3421,0,,,,,
1217.020508,0.000015,0.0014,0.3299,0,,,,,
1218.020386,0.000016,0.0014,0.3370,1,1210.020630,38.6757,-1,1,1
1219.020508,0.000015,0.0014,0.3358,0,,,,,
1220.020386,0.000016,0.0014,0.3392,0,,,,,
1221.020142,0.000016,0.0015,0.3458,0,,,,,
1222.020142,0.000016,0.0015,0.3483,0,,,,,
1223.019897,0.000015,0.0014,0.3332,0,,,,,
1224.019653,0.000016,0.0014,0.3427,0,,,,,
1225.019531,0.000016,0.0015,0.3480,0,,,,,
1226.020630,0.000016,0.0014,0.3400,0,,,,,
1227.020386,0.000016,0.0015,0.3495,0,,,,,
1228.020264,0.000866,0.0795,18.8101,0,,,,,
1229.020020,0.002839,0.2604,61.6563,0,,,,,
1230.019897,0.002317,0.2126,50.3285,0,,,,,
1231.019775,0.002076,0.1905,45.0898,0,,,,,
1232.019531,0.002076,0.1904,45.0879,0,,,,,
1233.020508,0.002080,0.1909,45.1856,0,,,,,
1234.020386,0.002081,0.1910,45.2092,0,,,,,
1235.020142,0.002085,0.1913,45.2795,0,,,,,
1236.020142,0.002077,0.1906,45.1180,0,,,,,
1237.019897,0.002077,0.1906,45.1185,1,1229.020020,40.3355,1,1,1
1238.020142,0.002083,0.1911,45.2514,0,,,,,
1239.019897,0.002082,0.1911,45.2316,0,,,,,
1240.019653,0.002083,0.1911,45.2514,0,,,,,
1241.019531,0.002080,0.1908,45.1687,0,,,,,
1242.020630,0.002082,0.1910,45.2245,0,,,,,
1243.020386,0.002085,0.1913,45.2843,0,,,,,
1244.020264,0.002084,0.1912,45.2727,0,,,,,
1245.020020,0.002085,0.1912,45.2782,0,,,,,
1246.019897,0.001149,0.1054,24.9550,0,,,,,
1247.019775,0.000015,0.0014,0.3331,0,,,,,
1248.019531,0.000016,0.0014,0.3409,0,,,,,
1249.020508,0.000015,0.0014,0.3351,0,,,,,
1250.020386,0.000015,0.0014,0.3343,0,,,,,
1251.020142,0.000015,0.0014,0.3288,0,,,,,
1252.020142,0.000015,0.0014,0.3295,0,,,,,
1253.019897,0.000016,0.0014,0.3398,0,,,,,
1254.019653,0.000016,0.0015,0.3477,0,,,,,
1255.019531,0.000016,0.0014,0.3389,0,,,,,
1256.020630,0.000015,0.0014,0.3235,1,1247.019775,38.1652,-1,1,1
1257.019531,0.000015,0.0014,0.3360,0,,,,,
1258.020630,0.000015,0.0014,0.3338,0,,,,,
1259.020386,0.000016,0.0015,0.3552,0,,,,,
1260.020264,0.000016,0.0014,0.3393,0,,,,,
1261.020020,0.000016,0.0015,0.3512,0,,,,,
1262.019897,0.000016,0.0014,0.3386,0,,,,,
1263.019775,0.000016,0.0014,0.3431,0,,,,,
1264.019531,0.001973,0.1810,42.8465,0,,,,,
1265.020508,0.002713,0.2489,58.9262,0,,,,,
1266.020386,0.002152,0.1974,46.7403,0,,,,,
1267.020142,0.002085,0.1913,45.2865,0,,,,,
1268.020142,0.002083,0.1911,45.2491,0,,,,,
1269.019897,0.002085,0.1913,45.2956,0,,,,,
1270.019653,0.002085,0.1913,45.2859,0,,,,,
1271.019531,0.002084,0.1912,45.2680,0,,,,,
1272.020630,0.002081,0.1909,45.2063,1,1264.019531,49.9734,1,1,1
1273.019531,0.002088,0.1915,45.3423,0,,,,,
1274.020630,0.002089,0.1917,45.3769,0,,,,,
1275.020386,0.002092,0.1920,45.4454,0,,,,,
1276.020264,0.002087,0.1915,45.3349,0,,,,,
1277.020020,0.002084,0.1912,45.2656,0,,,,,
1278.019897,0.002085,0.1913,45.2888,0,,,,,
1279.019775,0.002086,0.1914,45.3117,0,,,,,
1280.019531,0.002088,0.1915,45.3475,0,,,,,
1281.020508,0.001865,0.1711,40.5050,0,,,,,
1282.020386,0.000016,0.0015,0.3582,0,,,,,
1283.020142,0.000016,0.0014,0.3421,0,,,,,
1284.020142,0.000016,0.0015,0.3444,0,,,,,
1285.019897,0.000016,0.0015,0.3442,0,,,,,
1286.019653,0.000015,0.0014,0.3300,0,,,,,
1287.019531,0.000016,0.0014,0.3414,0,,,,,
1288.020630,0.000016,0.0014,0.3419,0,,,,,
1289.020386,0.000016,0.0015,0.3475,0,,,,,
1290.020264,0.000016,0.0015,0.3540,1,1282.020386,43.3778,-1,1,1
1291.020386,0.000016,0.0014,0.3383,0,,,,,
1292.020264,0.000016,0.0014,0.3432,0,,,,,
1293.020020,0.000015,0.0014,0.3269,0,,,,,
1294.019897,0.000016,0.0014,0.3383,0,,,,,
1295.019775,0.000016,0.0015,0.3523,0,,,,,
1296.019531,0.000015,0.0014,0.3336,0,,,,,
1297.020508,0.000016,0.0015,0.3528,0,,,,,
1298.020386,0.000015,0.0014,0.3345,0,,,,,
1299.020142,0.000016,0.0014,0.3426,0,,,,,
1300.020142,0.000015,0.0014,0.3339,0,,,,,
1301.019897,0.000016,0.0014,0.3411,0,,,,,
1302.019653,0.000016,0.0014,0.3383,0,,,,,
1303.019531,0.000015,0.0014,0.3310,0,,,,,
1304.020630,0.000015,0.0014,0.3242,0,,,,,
1305.020386,0.000015,0.0014,0.3361,0,,,,,
1306.020264,0.000016,0.0014,0.3432,0,,,,,
1307.020020,0.000016,0.0015,0.3551,0,,,,,
1308.019897,0.000015,0.0014,0.3310,0,,,,,
1309.019775,0.000016,0.0014,0.3427,0,,,,,
1310.019531,0.000015,0.0014,0.3316,0,,,,,
1311.020508,0.000015,0.0014,0.3339,0,,,,,
1312.020386,0.000015,0.0014,0.3288,0,,,,,
1313.020142,0.000015,0.0014,0.3314,0,,,,,
1314.020142,0.000015,0.0014,0.3327,0,,,,,
1315.019897,0.000016,0.0015,0.3499,0,,,,,
1316.019653,0.000016,0.0015,0.3465,0,,,,,
1317.019531,0.000015,0.0014,0.3307,0,,,,,
1318.020630,0.000015,0.0014,0.3256,0,,,,,
1319.020386,0.000015,0.0014,0.3334,0,,,,,
1320.020264,0.000016,0.0014,0.3410,0,,,,,
1321.020020,0.000016,0.0014,0.3383,0,,,,,
1322.019897,0.000015,0.0014,0.3352,0,,,,,
1323.019775,0.000015,0.0014,0.3324,0,,,,,
1324.019531,0.000015,0.0014,0.3324,0,,,,,
1325.020508,0.000016,0.0014,0.3404,0,,,,,
1326.020386,0.000015,0.0014,0.3286,0,,,,,
1327.020142,0.000016,0.0015,0.3456,0,,,,,
1328.020142,0.000016,0.0014,0.3406,0,,,,,
1329.019897,0.000016,0.0014,0.3390,0,,,,,
1330.019653,0.000015,0.0014,0.3314,0,,,,,
1331.019531,0.000016,0.0014,0.3419,0,,,,,
1332.020630,0.000016,0.0014,0.3407,0,,,,,
1333.020386,0.000016,0.0014,0.3432,0,,,,,
1334.020264,0.000015,0.0014,0.3259,0,,,,,
1335.020020,0.000016,0.0015,0.3434,0,,,,,
1336.019897,0.000016,0.0015,0.3476,0,,,,,
1337.019775,0.000015,0.0014,0.3335,0,,,,,
1338.019531,0.000015,0.0014,0.3248,0,,,,,
1339.020508,0.000016,0.0014,0.3392,0,,,,,
1340.020386,0.000016,0.0014,0.3372,0,,,,,
1341.020142,0.000015,0.0014,0.3283,0,,,,,
1342.020142,0.001437,0.1318,31.2107,0,,,,,
1343.019897,0.002915,0.2674,63.3135,0,,,,,
1344.019653,0.002907,0.2667,63.1472,0,,,,,
1345.019531,0.002901,0.2662,63.0139,0,,,,,
1346.020630,0.002889,0.2650,62.7464,0,,,,,
1347.020386,0.002887,0.2648,62.6999,0,,,,,
1348.020264,0.002886,0.2648,62.6902,0,,,,,
1349.020020,0.002884,0.2646,62.6450,0,,,,,
1350.019897,0.002882,0.2644,62.5942,1,1342.020142,62.8233,1,-1,1
1351.020020,0.002879,0.2641,62.5250,0,,,,,
1352.019897,0.002881,0.2643,62.5814,0,,,,,
1353.019775,0.002880,0.2642,62.5568,0,,,,,
1354.019531,0.002876,0.2639,62.4684,0,,,,,
1355.020508,0.002864,0.2628,62.2166,0,,,,,
1356.020386,0.002870,0.2633,62.3364,0,,,,,
1357.020142,0.002864,0.2628,62.2182,0,,,,,
1358.020142,0.002859,0.2623,62.0979,0,,,,,
1359.019897,0.002863,0.2627,62.1841,0,,,,,
1360.019653,0.002590,0.2376,56.2566,0,,,,,
1361.019531,0.000015,0.0014,0.3220,0,,,,,
1362.020630,0.000015,0.0014,0.3257,0,,,,,
1363.020386,0.000015,0.0014,0.3336,0,,,,,
1364.020264,0.000015,0.0014,0.3248,0,,,,,
1365.020020,0.000015,0.0014,0.3293,0,,,,,
1366.019897,0.000015,0.0014,0.3312,0,,,,,
1367.019775,0.000015,0.0014,0.3347,0,,,,,
1368.019531,0.000016,0.0014,0.3377,0,,,,,
1369.020508,0.000015,0.0014,0.3309,1,1361.019531,59.8515,-1,1,1
1370.019531,0.000015,0.0014,0.3281,0,,,,,
1371.020508,0.000015,0.0014,0.3288,0,,,,,
1372.020386,0.000015,0.0014,0.3299,0,,,,,
1373.020264,0.000015,0.0014,0.3332,0,,,,,
1374.020142,0.000015,0.0014,0.3361,0,,,,,
1375.019897,0.000015,0.0014,0.3338,0,,,,,
1376.019653,0.000015,0.0014,0.3279,0,,,,,
1377.019531,0.000015,0.0014,0.3350,0,,,,,
1378.020630,0.000015,0.0014,0.3321,0,,,,,
1379.020386,0.002833,0.2599,61.5336,0,,,,,
1380.020386,0.002872,0.2635,62.3869,0,,,,,
1381.020142,0.002870,0.2633,62.3361,0,,,,,
1382.020020,0.002868,0.2631,62.2865,0,,,,,
1383.019897,0.002874,0.2637,62.4289,0,,,,,
1384.019653,0.002874,0.2636,62.4179,0,,,,,
1385.019531,0.002866,0.2630,62.2603,0,,,,,
1386.020630,0.002870,0.2633,62.3403,0,,,,,
1387.020386,0.002867,0.2630,62.2686,1,1379.020386,62.0048,1,1,1
1388.020630,0.002861,0.2625,62.1489,0,,,,,
1389.020386,0.002855,0.2619,62.0037,0,,,,,
1390.020264,0.002850,0.2615,61.8991,0,,,,,
1391.020020,0.002856,0.2620,62.0399,0,,,,,
1392.019897,0.002852,0.2616,61.9417,0,,,,,
1393.019775,0.002853,0.2618,61.9725,0,,,,,
1394.019531,0.002856,0.2621,62.0446,0,,,,,
1395.020508,0.002853,0.2618,61.9762,0,,,,,
1396.020386,0.002848,0.2613,61.8713,0,,,,,
1397.020142,0.001142,0.1047,24.7977,0,,,,,
1398.020142,0.000016,0.0014,0.3404,0,,,,,
1399.019897,0.000015,0.0014,0.3231,0,,,,,
1400.019653,0.000015,0.0014,0.3350,0,,,,,
1401.019531,0.000015,0.0014,0.3199,0,,,,,
1402.020630,0.000015,0.0014,0.3198,0,,,,,
1403.020386,0.000015,0.0014,0.3328,0,,,,,
1404.020264,0.000015,0.0014,0.3246,0,,,,,
1405.020020,0.000015,0.0014,0.3307,1,1397.020142,61.6312,-1,1,1
1406.020264,0.000014,0.0013,0.3118,0,,,,,
1407.020020,0.000015,0.0014,0.3256,0,,,,,
1409.019653,0.000015,0.0014,0.3325,0,,,,,
1410.019531,0.000015,0.0014,0.3318,0,,,,,
1411.020508,0.000015,0.0013,0.3175,0,,,,,
1412.020386,0.000016,0.0015,0.3436,0,,,,,
1413.020142,0.000015,0.0014,0.3339,0,,,,,
1414.020142,0.000016,0.0014,0.3383,0,,,,,
1415.019897,0.001520,0.1394,33.0131,0,,,,,
1416.019653,0.002871,0.2634,62.3501,0,,,,,
1417.019531,0.002863,0.2627,62.1934,0,,,,,
1418.020630,0.002861,0.2625,62.1427,0,,,,,
1419.020386,0.002853,0.2618,61.9724,0,,,,,
1420.020264,0.002852,0.2616,61.9437,0,,,,,
1421.020020,0.002857,0.2621,62.0562,0,,,,,
1422.019897,0.002853,0.2618,61.9768,0,,,,,
1423.019775,0.002857,0.2621,62.0583,0,,,,,
1424.019531,0.002856,0.2620,62.0312,1,1415.019897,61.8902,1,1,1
1425.019653,0.002846,0.2611,61.8110,0,,,,,
1426.019531,0.002839,0.2604,61.6555,0,,,,,
1427.020508,0.002842,0.2608,61.7406,0,,,,,
1428.020386,0.002843,0.2608,61.7487,0,,,,,
1429.020142,0.002842,0.2607,61.7264,0,,,,,
1430.020142,0.002840,0.2605,61.6764,0,,,,,
1431.019897,0.002833,0.2599,61.5271,0,,,,,
1432.019653,0.002831,0.2597,61.4870,0,,,,,
1433.019531,0.002519,0.2311,54.7118,0,,,,,
1434.020630,0.000015,0.0014,0.3305,0,,,,,
1435.020386,0.000015,0.0014,0.3322,0,,,,,
1436.020264,0.000016,0.0015,0.3510,0,,,,,
1437.020020,0.000015,0.0013,0.3183,0,,,,,
1438.019897,0.000015,0.0014,0.3291,0,,,,,
1439.019775,0.000016,0.0015,0.3440,0,,,,,
1440.019531,0.000015,0.0014,0.3324,0,,,,,
1441.020508,0.000015,0.0014,0.3319,0,,,,,
1442.020386,0.000015,0.0014,0.3232,1,1434.020630,58.9081,-1,1,1
1443.020508,0.000015,0.0014,0.3335,0,,,,,
1444.020386,0.000015,0.0014,0.3336,0,,,,,
1445.020142,0.000015,0.0014,0.3197,0,,,,,
1446.020142,0.000015,0.0014,0.3233,0,,,,,
1447.019897,0.000015,0.0014,0.3293,0,,,,,
1448.019653,0.000015,0.0014,0.3234,0,,,,,
1449.019531,0.000015,0.0014,0.3215,0,,,,,
1450.020630,0.000015,0.0014,0.3295,0,,,,,
1451.020386,0.001132,0.1038,24.5799,0,,,,,
1452.020264,0.002854,0.2619,61.9995,0,,,,,
1453.020020,0.002845,0.2610,61.8002,0,,,,,
1454.019897,0.002842,0.2607,61.7299,0,,,,,
1455.019775,0.002842,0.2608,61.7403,0,,,,,
1456.019531,0.002837,0.2603,61.6248,0,,,,,
1457.020508,0.002837,0.2603,61.6250,0,,,,,
1458.020386,0.002833,0.2599,61.5335,0,,,,,
1459.020142,0.002833,0.2599,61.5397,0,,,,,
1460.020142,0.002825,0.2592,61.3544,1,1452.020264,53.3465,1,1,1
1461.020264,0.002828,0.2594,61.4195,0,,,,,
1462.020142,0.002833,0.2600,61.5448,0,,,,,
1463.019897,0.002830,0.2597,61.4734,0,,,,,
1464.019653,0.002831,0.2597,61.4836,0,,,,,
1465.019531,0.002824,0.2591,61.3324,0,,,,,
1466.020630,0.002826,0.2593,61.3836,0,,,,,
1467.020386,0.002819,0.2586,61.2281,0,,,,,
1468.020264,0.002824,0.2591,61.3367,0,,,,,
1469.020020,0.002822,0.2589,61.2989,0,,,,,
1470.019897,0.001345,0.1234,29.2142,0,,,,,
1471.019775,0.000016,0.0014,0.3382,0,,,,,
1472.019531,0.000015,0.0013,0.3189,0,,,,,
1473.020508,0.000015,0.0014,0.3225,0,,,,,
1474.020386,0.000015,0.0014,0.3299,0,,,,,
1475.020142,0.000016,0.0014,0.3408,0,,,,,
1476.020142,0.000015,0.0014,0.3355,0,,,,,
1477.019897,0.000015,0.0014,0.3292,0,,,,,
1478.019653,0.000015,0.0014,0.3310,0,,,,,
1479.019531,0.000015,0.0014,0.3290,1,1470.019897,60.9614,-1,1,1
1480.019653,0.000015,0.0014,0.3356,0,,,,,
1481.019531,0.000015,0.0014,0.3295,0,,,,,
1482.020630,0.000015,0.0013,0.3152,0,,,,,
1483.020386,0.000015,0.0014,0.3271,0,,,,,
1484.020264,0.000015,0.0014,0.3292,0,,,,,
1485.020020,0.000015,0.0014,0.3357,0,,,,,
1486.019897,0.000015,0.0014,0.3231,0,,,,,
1487.019775,0.000015,0.0014,0.3296,0,,,,,
1488.019531,0.000015,0.0014,0.3204,0,,,,,
1489.020508,0.001398,0.1282,30.3621,0,,,,,
1490.020386,0.002846,0.2611,61.8176,0,,,,,
1491.020142,0.002840,0.2606,61.6950,0,,,,,
1492.020142,0.002838,0.2604,61.6500,0,,,,,
1493.019897,0.002833,0.2599,61.5422,0,,,,,
1494.019653,0.002831,0.2597,61.4822,0,,,,,
1495.019531,0.002830,0.2596,61.4669,0,,,,,
1496.020630,0.002825,0.2592,61.3625,0,,,,,
1497.020386,0.002822,0.2589,61.2937,1,1489.020508,61.3965,1,1,1
1498.020630,0.002821,0.2588,61.2660,0,,,,,
1499.020386,0.002816,0.2584,61.1732,0,,,,,
1500.020264,0.002820,0.2587,61.2561,0,,,,,
1501.020020,0.002815,0.2583,61.1508,0,,,,,
1502.019897,0.002817,0.2585,61.1953,0,,,,,
1503.019775,0.002817,0.2584,61.1797,0,,,,,
1504.019531,0.002817,0.2585,61.1918,0,,,,,
1505.020508,0.002822,0.2589,61.2944,0,,,,,
1506.020386,0.002822,0.2589,61.2854,0,,,,,
1507.020142,0.002827,0.2594,61.4150,0,,,,,
1508.020142,0.000779,0.0715,16.9254,0,,,,,
1509.019897,0.000015,0.0014,0.3265,0,,,,,
1510.019653,0.000015,0.0014,0.3217,0,,,,,
1511.019531,0.000015,0.0014,0.3365,0,,,,,
1512.020630,0.000016,0.0014,0.3428,0,,,,,
1513.020386,0.000015,0.0014,0.3353,0,,,,,
1514.020264,0.000015,0.0014,0.3293,0,,,,,
1515.020020,0.000015,0.0014,0.3296,0,,,,,
1516.019897,0.000015,0.0014,0.3259,1,1508.020142,61.0034,-1,1,1
1517.020020,0.000015,0.0014,0.3326,0,,,,,
1518.019897,0.000015,0.0014,0.3297,0,,,,,
1519.019775,0.000015,0.0014,0.3230,0,,,,,
1520.019531,0.000015,0.0014,0.3255,0,,,,,
1521.020508,0.000015,0.0014,0.3326,0,,,,,
1522.020386,0.000015,0.0014,0.3360,0,,,,,
1523.020142,0.000015,0.0014,0.3355,0,,,,,
1524.020142,0.000015,0.0013,0.3187,0,,,,,
1525.019897,0.000015,0.0014,0.3303,0,,,,,
1526.019653,0.000015,0.0014,0.3217,0,,,,,
1527.019531,0.000015,0.0014,0.3222,0,,,,,
1528.020630,0.000015,0.0014,0.3265,0,,,,,
1529.020386,0.000015,0.0014,0.3270,0,,,,,
1530.020264,0.000015,0.0014,0.3318,0,,,,,
1531.020020,0.000015,0.0014,0.3218,0,,,,,
1532.019897,0.000015,0.0014,0.3303,0,,,,,
1533.019775,0.000015,0.0014,0.3252,0,,,,,
1535.020508,0.000015,0.0014,0.3289,0,,,,,
1536.020386,0.000015,0.0014,0.3292,0,,,,,
1537.020142,0.000015,0.0014,0.3208,0,,,,,
1538.020142,0.000015,0.0014,0.3219,0,,,,,
1539.019897,0.000015,0.0014,0.3243,0,,,,,
1540.019653,0.000015,0.0014,0.3347,0,,,,,
1541.019531,0.000015,0.0014,0.3252,0,,,,,
1542.020630,0.000015,0.0014,0.3210,0,,,,,
1543.020386,0.000015,0.0014,0.3336,0,,,,,
1544.020264,0.000015,0.0014,0.3363,0,,,,,
1545.020020,0.000015,0.0014,0.3341,0,,,,,
1546.019897,0.000016,0.0014,0.3376,0,,,,,
1547.019775,0.000016,0.0014,0.3380,0,,,,,
1548.019531,0.000015,0.0014,0.3249,0,,,,,
1549.020508,0.000015,0.0014,0.3331,0,,,,,
1550.020386,0.000015,0.0014,0.3267,0,,,,,
1551.020142,0.000015,0.0014,0.3265,0,,,,,
1552.020142,0.000015,0.0014,0.3230,0,,,,,
1553.019897,0.000015,0.0014,0.3350,0,,,,,
1554.019653,0.000015,0.0014,0.3316,0,,,,,
1555.019531,0.000016,0.0014,0.3390,0,,,,,
1556.020630,0.000015,0.0014,0.3299,0,,,,,
1557.020386,0.000015,0.0014,0.3240,0,,,,,
1558.020264,0.000015,0.0014,0.3323,0,,,,,
1559.020020,0.000016,0.0015,0.3435,0,,,,,
1560.019897,0.000015,0.0014,0.3290,0,,,,,
1561.019775,0.000016,0.0014,0.3413,0,,,,,
1562.019531,0.000015,0.0014,0.3261,0,,,,,
1563.020508,0.000015,0.0014,0.3264,0,,,,,
1564.020386,0.000015,0.0014,0.3293,0,,,,,
1565.020142,0.000015,0.0014,0.3298,0,,,,,
1566.020142,0.000016,0.0014,0.3392,0,,,,,
1567.019897,0.000015,0.0013,0.3191,0,,,,,
1568.019653,0.000015,0.0014,0.3276,0,,,,,
1569.019531,0.000015,0.0014,0.3284,0,,,,,
1570.020630,0.000015,0.0014,0.3236,0,,,,,
1571.020386,0.000015,0.0014,0.3308,0,,,,,
1572.020264,0.000015,0.0014,0.3233,0,,,,,
1573.020020,0.000015,0.0014,0.3364,0,,,,,
1574.019897,0.000016,0.0014,0.3390,0,,,,,
1575.019775,0.000015,0.0014,0.3268,0,,,,,
1576.019531,0.000015,0.0014,0.3245,0,,,,,
1577.020508,0.000015,0.0014,0.3267,0,,,,,
1578.020386,0.000015,0.0014,0.3253,0,,,,,
1579.020142,0.000015,0.0014,0.3250,0,,,,,
1580.020142,0.000015,0.0014,0.3298,0,,,,,
1581.019897,0.000014,0.0013,0.3116,0,,,,,
1582.019653,0.000015,0.0014,0.3250,0,,,,,
1583.019531,0.000015,0.0014,0.3309,0,,,,,
1584.020630,0.000016,0.0014,0.3386,0,,,,,
1585.020386,0.000015,0.0014,0.3287,0,,,,,
1586.020264,0.000015,0.0013,0.3159,0,,,,,
1587.020020,0.000016,0.0014,0.3401,0,,,,,
1588.019897,0.000015,0.0014,0.3333,0,,,,,
1589.019775,0.000015,0.0014,0.3239,0,,,,,
1590.019531,0.000016,0.0014,0.3403,0,,,,,
1591.020508,0.000015,0.0014,0.3313,0,,,,,
1592.020386,0.000015,0.0014,0.3303,0,,,,,
1593.020142,0.000016,0.0014,0.3368,0,,,,,
1594.020142,0.000016,0.0014,0.3405,0,,,,,
1595.019897,0.000015,0.0014,0.3298,0,,,,,
1596.019653,0.000015,0.0014,0.3282,0,,,,,
1597.019531,0.000016,0.0014,0.3418,0,,,,,
1598.020630,0.000015,0.0014,0.3292,0,,,,,
1599.020386,0.000016,0.0014,0.3374,0,,,,,
1600.020264,0.000016,0.0014,0.3380,0,,,,,
1601.020020,0.000015,0.0014,0.3260,0,,,,,
1602.019897,0.000015,0.0013,0.3184,0,,,,,
1603.019775,0.000015,0.0014,0.3274,0,,,,,
1604.019531,0.000015,0.0014,0.3216,0,,,,,
1605.020508,0.000015,0.0014,0.3314,0,,,,,
1606.020386,0.000015,0.0014,0.3366,0,,,,,
1607.020142,0.000016,0.0014,0.3379,0,,,,,
1608.020142,0.000015,0.0014,0.3321,0,,,,,
1609.019897,0.000015,0.0014,0.3232,0,,,,,
1610.019653,0.000016,0.0014,0.3378,0,,,,,
1611.019531,0.000024,0.0022,0.5129,0,,,,,
1612.020630,0.000440,0.0404,9.5560,0,,,,,
1613.020386,0.000016,0.0015,0.3483,0,,,,,
1614.020264,0.000015,0.0014,0.3241,0,,,,,
1615.020020,0.000015,0.0014,0.3251,0,,,,,
1616.019897,0.000015,0.0013,0.3181,0,,,,,
1617.019653,0.000015,0.0014,0.3273,0,,,,,
1618.019531,0.000015,0.0013,0.3186,0,,,,,
1619.020508,0.000016,0.0015,0.3443,0,,,,,
1620.020386,0.000015,0.0014,0.3332,0,,,,,
1621.020142,0.000015,0.0014,0.3209,0,,,,,
1622.020142,0.026796,2.4584,582.0222,0,,,,,
1623.019897,0.036229,3.3239,786.9253,0,,,,,
1624.019653,0.036210,3.3221,786.4992,0,,,,,
1625.019531,0.036154,3.3170,785.2938,0,,,,,
1626.020630,0.036196,3.3208,786.1964,0,,,,,
1627.020386,0.036153,3.3169,785.2703,0,,,,,
1628.020264,0.036119,3.3138,784.5323,0,,,,,
1629.020020,0.036103,3.3123,784.1907,0,,,,,
1630.019897,0.036133,3.3151,784.8405,1,1622.020142,785.9066,1,-1,1
1631.020142,0.036140,3.3157,784.9927,0,,,,,
1632.020142,0.036138,3.3155,784.9418,0,,,,,
1633.019897,0.036113,3.3132,784.3994,0,,,,,
1634.019653,0.036179,3.3192,785.8288,0,,,,,
1635.019531,0.036173,3.3187,785.6948,0,,,,,
1636.020630,0.036162,3.3177,785.4738,0,,,,,
1637.020386,0.036108,3.3127,784.2841,0,,,,,
1638.020264,0.036153,3.3169,785.2678,0,,,,,
1639.020020,0.023818,2.1852,517.3543,0,,,,,
1640.019897,0.000016,0.0014,0.3380,0,,,,,
1641.019775,0.000015,0.0014,0.3332,0,,,,,
1642.019531,0.000015,0.0014,0.3349,0,,,,,
1643.020508,0.000015,0.0014,0.3304,0,,,,,
1644.020386,0.000015,0.0014,0.3279,0,,,,,
1645.020264,0.000015,0.0014,0.3292,0,,,,,
1646.020142,0.000015,0.0014,0.3240,0,,,,,
1647.019897,0.000016,0.0015,0.3496,1,1639.020020,784.6732,-1,-1,1
1648.020142,0.000016,0.0014,0.3375,0,,,,,
1649.019897,0.000017,0.0015,0.3606,0,,,,,
1650.019653,0.000016,0.0015,0.3502,0,,,,,
1651.019531,0.000079,0.0072,1.7131,0,,,,,
1652.020630,0.000016,0.0014,0.3426,0,,,,,
1653.020508,0.000469,0.0430,10.1829,0,,,,,
1654.020386,0.000029,0.0027,0.6348,0,,,,,
1655.020142,0.000018,0.0017,0.4010,0,,,,,
1656.020142,0.000015,0.0014,0.3305,0,,,,,
1657.019897,0.000016,0.0014,0.3427,0,,,,,
1658.019653,0.000016,0.0014,0.3416,0,,,,,
1659.019531,0.000015,0.0014,0.3310,0,,,,,
1660.020630,0.000015,0.0014,0.3262,0,,,,,
1661.020386,0.000015,0.0014,0.3199,0,,,,,
1662.020264,0.000015,0.0014,0.3196,0,,,,,
1663.020020,0.028736,2.6364,624.1582,0,,,,,
1664.019897,0.036096,3.3117,784.0415,0,,,,,
1665.019775,0.036092,3.3113,783.9475,0,,,,,
1666.019531,0.036141,3.3158,785.0090,0,,,,,
1667.020508,0.036142,3.3159,785.0331,0,,,,,
1668.020386,0.036092,3.3113,783.9410,0,,,,,
1669.020264,0.036135,3.3153,784.8873,0,,,,,
1670.020142,0.036099,3.3120,784.1057,0,,,,,
1671.019897,0.036072,3.3095,783.5177,1,1663.020020,784.0108,1,3,1
1672.020142,0.036082,3.3104,783.7378,0,,,,,
1673.019897,0.036087,3.3109,783.8470,0,,,,,
1674.019897,0.036095,3.3115,784.0005,0,,,,,
1675.019653,0.036074,3.3096,783.5543,0,,,,,
1676.019531,0.036062,3.3086,783.3033,0,,,,,
1677.020508,0.036108,3.3127,784.2864,0,,,,,
1678.020386,0.036022,3.3049,782.4267,0,,,,,
1679.020142,0.036038,3.3063,782.7744,0,,,,,
1680.020142,0.026667,2.4466,579.2240,0,,,,,
1681.019897,0.000022,0.0020,0.4840,0,,,,,
1682.019653,0.000016,0.0015,0.3528,0,,,,,
1683.019531,0.000015,0.0014,0.3361,0,,,,,
1684.020630,0.000015,0.0014,0.3240,0,,,,,
1685.020386,0.000016,0.0015,0.3503,0,,,,,
1686.020264,0.000015,0.0014,0.3274,0,,,,,
1687.020020,0.000015,0.0014,0.3298,0,,,,,
1688.019897,0.000015,0.0014,0.3307,1,1680.020142,782.7715,-1,3,1
1689.020020,0.000015,0.0013,0.3195,0,,,,,
1690.019897,0.000015,0.0014,0.3214,0,,,,,
1691.019775,0.000015,0.0013,0.3169,0,,,,,
1692.019531,0.000015,0.0014,0.3219,0,,,,,
1693.020508,0.000015,0.0014,0.3198,0,,,,,
1694.020386,0.000015,0.0014,0.3347,0,,,,,
1695.020142,0.000015,0.0014,0.3254,0,,,,,
1696.020142,0.000015,0.0014,0.3221,0,,,,,
1697.019897,0.000015,0.0014,0.3202,0,,,,,
1698.019653,0.000015,0.0014,0.3240,0,,,,,
1699.019531,0.000015,0.0013,0.3179,0,,,,,
1700.020630,0.000014,0.0013,0.3132,0,,,,,
1701.020386,0.000015,0.0014,0.3251,0,,,,,
1702.020264,0.000015,0.0014,0.3272,0,,,,,
1703.020020,0.000015,0.0014,0.3305,0,,,,,
1704.019897,0.020101,1.8442,436.6156,0,,,,,
1705.019775,0.036024,3.3051,782.4742,0,,,,,
1706.019531,0.036045,3.3070,782.9243,0,,,,,
1707.020508,0.036024,3.3051,782.4710,0,,,,,
1708.020386,0.035969,3.3000,781.2659,0,,,,,
1709.020142,0.035948,3.2981,780.8203,0,,,,,
1710.020142,0.035932,3.2966,780.4739,0,,,,,
1711.019897,0.035945,3.2978,780.7504,0,,,,,
1712.019653,0.035935,3.2969,780.5375,0,,,,,
1713.019531,0.035893,3.2930,779.6183,1,1704.019897,782.2957,1,3,1
1714.019653,0.035916,3.2951,780.1241,0,,,,,
1715.019531,0.035871,3.2910,779.1539,0,,,,,
1716.020630,0.035847,3.2888,778.6284,0,,,,,
1717.020386,0.035863,3.2903,778.9772,0,,,,,
1718.020386,0.035848,3.2889,778.6460,0,,,,,
1719.020142,0.035813,3.2856,777.8748,0,,,,,
1720.020020,0.035865,3.2904,779.0040,0,,,,,
1721.019775,0.035798,3.2843,777.5666,0,,,,,
1722.019653,0.008256,0.7575,179.3280,0,,,,,
1723.019531,0.000020,0.0018,0.4244,0,,,,,
1724.020630,0.000016,0.0015,0.3480,0,,,,,
1725.020386,0.000015,0.0014,0.3292,0,,,,,
1726.020264,0.000015,0.0014,0.3252,0,,,,,
1727.020020,0.000015,0.0014,0.3299,0,,,,,
1728.019897,0.000015,0.0014,0.3272,0,,,,,
1729.019775,0.000014,0.0013,0.3132,0,,,,,
1730.019531,0.000015,0.0014,0.3223,0,,,,,
1731.020508,0.000015,0.0014,0.3224,1,1722.019653,777.7814,-1,3,1
1732.019531,0.000015,0.0014,0.3270,0,,,,,
1733.020508,0.000015,0.0014,0.3299,0,,,,,
1734.020508,0.000015,0.0014,0.3276,0,,,,,
1735.020264,0.000015,0.0014,0.3314,0,,,,,
1736.020142,0.000016,0.0014,0.3432,0,,,,,
1737.019897,0.000015,0.0014,0.3309,0,,,,,
1738.019897,0.000015,0.0014,0.3328,0,,,,,
1739.019653,0.000016,0.0014,0.3390,0,,,,,
1740.019531,0.000015,0.0014,0.3281,0,,,,,
1741.020508,0.000015,0.0014,0.3294,0,,,,,
1742.020386,0.000015,0.0014,0.3251,0,,,,,
1743.020142,0.000015,0.0014,0.3217,0,,,,,
1744.020142,0.000015,0.0014,0.3252,0,,,,,
1745.019897,0.029683,2.7232,644.7260,0,,,,,
1746.019653,0.036067,3.3090,783.4044,0,,,,,
1747.019531,0.036053,3.3077,783.0997,0,,,,,
1748.020630,0.036011,3.3039,782.1885,0,,,,,
1749.020386,0.035991,3.3020,781.7448,0,,,,,
1750.020264,0.035960,3.2992,781.0858,0,,,,,
1751.020020,0.035915,3.2951,780.1075,0,,,,,
1752.019897,0.035890,3.2928,779.5609,0,,,,,
1753.019775,0.035873,3.2912,779.1934,0,,,,,
1754.019531,0.035861,3.2901,778.9344,1,1745.019897,782.5735,1,3,1
1755.019775,0.035824,3.2867,778.1281,0,,,,,
1756.019531,0.035868,3.2907,779.0810,0,,,,,
1757.020508,0.035826,3.2868,778.1603,0,,,,,
1758.020508,0.035844,3.2885,778.5527,0,,,,,
1759.020264,0.035824,3.2867,778.1165,0,,,,,
1760.020142,0.035835,3.2877,778.3630,0,,,,,
1761.020020,0.035804,3.2848,777.6856,0,,,,,
1762.019897,0.020359,1.8678,442.2022,0,,,,,
1763.019775,0.000016,0.0015,0.3454,0,,,,,
1764.019531,0.000015,0.0014,0.3353,0,,,,,
1765.020508,0.000016,0.0014,0.3405,0,,,,,
1766.020386,0.000015,0.0014,0.3257,0,,,,,
1767.020142,0.000016,0.0014,0.3404,0,,,,,
1768.020142,0.000015,0.0014,0.3330,0,,,,,
1769.019897,0.000015,0.0014,0.3347,0,,,,,
1770.019653,0.000015,0.0014,0.3269,0,,,,,
1771.019531,0.000015,0.0014,0.3260,1,1762.019897,777.7145,-1,3,1
1772.019653,0.000015,0.0014,0.3204,0,,,,,
1773.019653,0.000015,0.0014,0.3337,0,,,,,
1774.020630,0.000015,0.0014,0.3203,0,,,,,
1775.020386,0.000016,0.0014,0.3405,0,,,,,
1776.020264,0.000016,0.0015,0.3458,0,,,,,
1777.020142,0.000015,0.0014,0.3306,0,,,,,
1778.020020,0.000015,0.0014,0.3345,0,,,,,
1779.019775,0.000016,0.0015,0.3510,0,,,,,
1780.019653,0.000016,0.0014,0.3405,0,,,,,
1781.019531,0.000015,0.0014,0.3262,0,,,,,
1782.020630,0.000015,0.0014,0.3305,0,,,,,
1783.020386,0.000016,0.0014,0.3414,0,,,,,
1784.020264,0.000016,0.0014,0.3402,0,,,,,
1785.020020,0.000016,0.0014,0.3399,0,,,,,
1786.019897,0.000016,0.0015,0.3437,0,,,,,
1787.019775,0.022987,2.1090,499.2996,0,,,,,
1788.019531,0.036377,3.3374,790.1339,0,,,,,
1789.020508,0.036332,3.3333,789.1492,0,,,,,
1790.020386,0.036359,3.3358,789.7543,0,,,,,
1791.020142,0.036372,3.3369,790.0191,0,,,,,
1792.020142,0.036328,3.3329,789.0738,0,,,,,
1793.019897,0.036308,3.3311,788.6455,0,,,,,
1794.019653,0.036328,3.3330,789.0817,0,,,,,
1795.019531,0.036358,3.3357,789.7295,0,,,,,
1796.020630,0.036316,3.3318,788.8104,1,1787.019775,789.3379,1,3,1
1797.019653,0.036280,3.3286,788.0355,0,,,,,
1798.020630,0.036254,3.3262,787.4735,0,,,,,
1799.020386,0.036273,3.3279,787.8869,0,,,,,
1800.020264,0.036274,3.3280,787.8959,0,,,,,
1801.020020,0.036314,3.3316,788.7668,0,,,,,
1802.020020,0.036302,3.3306,788.5114,0,,,,,
1803.019775,0.036289,3.3294,788.2257,0,,,,,
1804.019531,0.036305,3.3308,788.5716,0,,,,,
1805.020508,0.036249,3.3257,787.3629,0,,,,,
1806.020508,0.019197,1.7612,416.9663,0,,,,,
1807.020264,0.000016,0.0015,0.3568,0,,,,,
1808.020142,0.000015,0.0014,0.3294,0,,,,,
1809.019897,0.000015,0.0014,0.3358,0,,,,,
1810.019653,0.000062,0.0057,1.3454,0,,,,,
1811.019653,0.000016,0.0014,0.3382,0,,,,,
1812.020630,0.000016,0.0015,0.3515,0,,,,,
1813.020386,0.000016,0.0014,0.3381,0,,,,,
1814.020386,0.000016,0.0014,0.3376,1,1806.020508,787.7128,-1,3,1
1815.020508,0.000015,0.0014,0.3342,0,,,,,
1816.020386,0.000016,0.0014,0.3375,0,,,,,
1817.020142,0.000015,0.0014,0.3364,0,,,,,
1818.020142,0.000016,0.0014,0.3369,0,,,,,
1819.019897,0.000015,0.0014,0.3358,0,,,,,
1820.019653,0.000015,0.0014,0.3290,0,,,,,
1821.019531,0.000016,0.0014,0.3371,0,,,,,
1822.020630,0.000016,0.0014,0.3393,0,,,,,
1823.020386,0.000015,0.0014,0.3314,0,,,,,
1824.020264,0.000015,0.0014,0.3204,0,,,,,
1825.020020,0.000015,0.0014,0.3236,0,,,,,
1826.019897,0.000016,0.0014,0.3415,0,,,,,
1827.019775,0.000015,0.0014,0.3262,0,,,,,
1828.019531,0.000015,0.0014,0.3351,0,,,,,
1829.020508,0.000016,0.0015,0.3462,0,,,,,
1830.020386,0.000016,0.0014,0.3393,0,,,,,
1831.020142,0.000015,0.0014,0.3308,0,,,,,
1832.020142,0.000015,0.0014,0.3344,0,,,,,
1833.019897,0.000016,0.0014,0.3416,0,,,,,
1834.019653,0.000015,0.0014,0.3275,0,,,,,
1835.019531,0.000015,0.0014,0.3226,0,,,,,
1836.020630,0.000016,0.0014,0.3383,0,,,,,
1837.020386,0.000016,0.0014,0.3378,0,,,,,
1838.020264,0.000016,0.0014,0.3421,0,,,,,
1839.020020,0.000016,0.0015,0.3535,0,,,,,
1840.019897,0.000015,0.0014,0.3318,0,,,,,
1841.019775,0.000015,0.0014,0.3365,0,,,,,
1842.019531,0.000015,0.0014,0.3320,0,,,,,
1843.020508,0.000016,0.0014,0.3382,0,,,,,
1844.020386,0.000016,0.0014,0.3381,0,,,,,
1845.020142,0.000015,0.0014,0.3360,0,,,,,
1846.020142,0.000015,0.0014,0.3295,0,,,,,
1847.019897,0.000016,0.0015,0.3437,0,,,,,
1848.019653,0.000016,0.0014,0.3392,0,,,,,
1849.019531,0.000015,0.0014,0.3342,0,,,,,
1850.020630,0.000015,0.0014,0.3217,0,,,,,
1851.020386,0.000015,0.0013,0.3180,0,,,,,
1852.020264,0.000015,0.0014,0.3267,0,,,,,
1853.020020,0.000016,0.0014,0.3423,0,,,,,
1854.019897,0.000015,0.0014,0.3356,0,,,,,
1855.019775,0.000015,0.0014,0.3289,0,,,,,
1856.019531,0.000016,0.0014,0.3396,0,,,,,
1857.020508,0.000015,0.0014,0.3265,0,,,,,
1858.020386,0.000016,0.0015,0.3433,0,,,,,
1859.020142,0.000015,0.0014,0.3336,0,,,,,
1860.020142,0.000016,0.0015,0.3492,0,,,,,
1861.019897,0.000015,0.0014,0.3286,0,,,,,
1862.019653,0.000015,0.0014,0.3363,0,,,,,
1863.019531,0.000016,0.0014,0.3398,0,,,,,
1864.020630,0.000016,0.0014,0.3377,0,,,,,
1865.020386,0.000016,0.0014,0.3430,0,,,,,
1866.020264,0.000015,0.0014,0.3310,0,,,,,
1867.020020,0.000015,0.0014,0.3329,0,,,,,
1868.019897,0.000015,0.0014,0.3363,0,,,,,
1869.019653,0.000015,0.0014,0.3239,0,,,,,
1870.019531,0.000016,0.0015,0.3493,0,,,,,
1871.020508,0.000016,0.0014,0.3422,0,,,,,
1872.020386,0.000016,0.0015,0.3460,0,,,,,
1873.020142,0.025414,2.3316,552.0115,0,,,,,
1874.020142,0.036438,3.3430,791.4645,0,,,,,
1875.019897,0.036389,3.3386,790.4029,0,,,,,
1876.019653,0.036383,3.3379,790.2575,0,,,,,
1877.019531,0.036366,3.3364,789.8982,0,,,,,
1878.020630,0.036356,3.3355,789.6794,0,,,,,
1879.020386,0.036360,3.3358,789.7609,0,,,,,
1880.020264,0.036320,3.3322,788.8890,0,,,,,
1881.020020,0.036266,3.3272,787.7253,1,1873.020142,790.3625,1,3,1
1882.020386,0.036223,3.3233,786.7809,0,,,,,
1883.020142,0.036231,3.3241,786.9705,0,,,,,
1884.020142,0.036243,3.3251,787.2283,0,,,,,
1885.019897,0.036200,3.3212,786.2917,0,,,,,
1886.019653,0.036213,3.3223,786.5631,0,,,,,
1887.019531,0.036205,3.3216,786.3895,0,,,,,
1888.020630,0.036178,3.3191,785.8044,0,,,,,
1889.020386,0.036179,3.3193,785.8453,0,,,,,
1890.020264,0.036164,3.3179,785.5147,0,,,,,
1891.020020,0.036187,3.3200,785.9997,0,,,,,
1892.019897,0.036181,3.3195,785.8843,0,,,,,
1893.019775,0.036226,3.3235,786.8481,0,,,,,
1894.019531,0.036191,3.3204,786.0997,0,,,,,
1895.020508,0.036192,3.3205,786.1199,0,,,,,
1896.020386,0.036153,3.3169,785.2770,0,,,,,
1897.020142,0.036135,3.3152,784.8833,0,,,,,
1898.020142,0.036112,3.3131,784.3748,0,,,,,
1899.019897,0.036118,3.3137,784.5105,0,,,,,
1900.019653,0.036048,3.3073,782.9968,0,,,,,
1901.019531,0.036053,3.3077,783.1070,0,,,,,
1902.020630,0.036035,3.3061,782.7092,0,,,,,
1903.020386,0.035967,3.2998,781.2294,0,,,,,
1904.020264,0.035987,3.3017,781.6708,0,,,,,
1905.020020,0.035945,3.2978,780.7531,0,,,,,
1906.019897,0.035928,3.2962,780.3839,0,,,,,
1907.019775,0.035961,3.2992,781.0950,0,,,,,
1908.019531,0.035945,3.2978,780.7502,0,,,,,
1909.020508,0.035973,3.3004,781.3610,0,,,,,
1910.020386,0.036007,3.3034,782.0901,0,,,,,
1911.020142,0.035965,3.2996,781.1893,0,,,,,
1912.020142,0.035906,3.2942,779.8942,0,,,,,
1913.019897,0.035904,3.2941,779.8697,0,,,,,
1914.019653,0.035860,3.2900,778.8975,0,,,,,
1915.019531,0.035794,3.2839,777.4717,0,,,,,
1916.020630,0.035748,3.2797,776.4677,0,,,,,
1917.020386,0.035759,3.2807,776.7139,0,,,,,
1918.020264,0.035313,3.2398,767.0229,0,,,,,
1919.020020,0.035863,3.2903,778.9775,0,,,,,
1920.019897,0.027315,2.5061,593.3090,0,,,,,
1921.019775,0.032413,2.9737,704.0342,0,,,,,
1922.019531,0.035943,3.2976,780.6996,0,,,,,
1923.020508,0.011065,1.0152,240.3377,0,,,,,
1924.020386,0.000041,0.0038,0.8894,0,,,,,
1925.020142,0.000041,0.0037,0.8839,0,,,,,
1926.020142,0.000040,0.0037,0.8787,0,,,,,
1927.019897,0.000041,0.0037,0.8844,0,,,,,
1928.019653,0.000041,0.0038,0.8891,0,,,,,
1929.019531,0.000041,0.0038,0.9005,0,,,,,
1930.020630,0.000041,0.0037,0.8821,0,,,,,
1931.020386,0.000040,0.0037,0.8717,0,,,,,
1932.020264,0.000041,0.0037,0.8876,1,1920.019897,773.3560,-1,3,2
1933.020386,0.000041,0.0037,0.8870,0,,,,,
1934.020386,0.000041,0.0037,0.8846,0,,,,,
1935.020142,0.000041,0.0038,0.8932,0,,,,,
1936.020142,0.000041,0.0037,0.8875,0,,,,,
1937.019897,0.000040,0.0037,0.8688,0,,,,,
1938.019653,0.000041,0.0038,0.8880,0,,,,,
1939.019531,0.000041,0.0037,0.8830,0,,,,,
1940.020630,0.000041,0.0038,0.8919,0,,,,,
1941.020386,0.000041,0.0038,0.8923,0,,,,,
1942.020264,0.000041,0.0038,0.8949,0,,,,,
1943.020020,0.000041,0.0038,0.8915,0,,,,,
1944.019897,0.000041,0.0038,0.8918,0,,,,,
1945.019775,0.000041,0.0038,0.8971,0,,,,,
1946.019531,0.000041,0.0038,0.8905,0,,,,,
1947.020508,0.000040,0.0037,0.8686,0,,,,,
1948.020386,0.000041,0.0037,0.8831,0,,,,,
1949.020142,0.000041,0.0038,0.8946,0,,,,,
1950.020142,0.000042,0.0038,0.9070,0,,,,,
1951.019897,0.000042,0.0038,0.9038,0,,,,,
1952.019653,0.000041,0.0038,0.8975,0,,,,,
1953.019531,0.000042,0.0038,0.9059,0,,,,,
1954.020630,0.000041,0.0038,0.8959,0,,,,,
1955.020386,0.000041,0.0038,0.8902,0,,,,,
1956.020264,0.000041,0.0038,0.8941,0,,,,,
1957.020020,0.000041,0.0038,0.8963,0,,,,,
1958.019897,0.000041,0.0037,0.8833,0,,,,,
1959.019775,0.000041,0.0037,0.8847,0,,,,,
1960.019531,0.000041,0.0038,0.8961,0,,,,,
1961.020508,0.000041,0.0038,0.8970,0,,,,,
1962.020386,0.000041,0.0038,0.8888,0,,,,,
1963.020142,0.000042,0.0038,0.9017,0,,,,,
1964.020142,0.000041,0.0038,0.8988,0,,,,,
1965.019897,0.000041,0.0038,0.8948,0,,,,,
1966.019653,0.000041,0.0038,0.9005,0,,,,,
1967.019531,0.000041,0.0038,0.8906,0,,,,,
1968.020630,0.000042,0.0038,0.9066,0,,,,,
1969.020386,0.000041,0.0037,0.8816,0,,,,,
1970.020264,0.000042,0.0039,0.9138,0,,,,,
1971.020020,0.000042,0.0038,0.9057,0,,,,,
1972.019897,0.000041,0.0038,0.8962,0,,,,,
1973.019653,0.000041,0.0038,0.8888,0,,,,,
1974.019531,0.000041,0.0038,0.8901,0,,,,,
1975.020508,0.000041,0.0038,0.8978,0,,,,,
1976.020386,0.000042,0.0038,0.9059,0,,,,,
1977.020142,0.000041,0.0038,0.8959,0,,,,,
1978.020142,0.000041,0.0037,0.8870,0,,,,,
1979.019897,0.000042,0.0038,0.9039,0,,,,,
1980.019653,0.000042,0.0038,0.9088,0,,,,,
1981.019531,0.000042,0.0038,0.9071,0,,,,,
1982.020630,0.000041,0.0038,0.8904,0,,,,,
1983.020386,0.000041,0.0038,0.8932,0,,,,,
1984.020264,0.000041,0.0038,0.8962,0,,,,,
1985.020020,0.000042,0.0038,0.9069,0,,,,,
1986.019897,0.000041,0.0038,0.8981,0,,,,,
1987.019775,0.000041,0.0037,0.8817,0,,,,,
1988.019531,0.000042,0.0038,0.9092,0,,,,,
1989.020508,0.000041,0.0038,0.8905,0,,,,,
1990.020386,0.000041,0.0037,0.8864,0,,,,,
1991.020142,0.000041,0.0038,0.8999,0,,,,,
1992.020142,0.000042,0.0038,0.9091,0,,,,,
1993.019897,0.000042,0.0038,0.9017,0,,,,,
1994.019653,0.000041,0.0038,0.9006,0,,,,,
1995.019531,0.000042,0.0038,0.9058,0,,,,,
1996.020630,0.000041,0.0038,0.8928,0,,,,,
1997.020386,0.000042,0.0038,0.9074,0,,,,,
1998.020264,0.000042,0.0038,0.9044,0,,,,,
1999.020020,0.000041,0.0038,0.8962,0,,,,,
2000.019897,0.000042,0.0038,0.9110,0,,,,,
2001.019775,0.000042,0.0038,0.9063,0,,,,,
2002.019531,0.000042,0.0038,0.9015,0,,,,,
2003.020508,0.000041,0.0038,0.8962,0,,,,,
2004.020386,0.000042,0.0038,0.9039,0,,,,,
2005.020142,0.000042,0.0038,0.9029,0,,,,,
2006.020142,0.000041,0.0038,0.8944,0,,,,,
2007.019897,0.000042,0.0039,0.9190,0,,,,,
2008.019653,0.000041,0.0038,0.8908,0,,,,,
2009.019531,0.000041,0.0038,0.8888,0,,,,,
2010.020630,0.000041,0.0038,0.9014,0,,,,,
2011.020386,0.000042,0.0038,0.9015,0,,,,,
2012.020264,0.000041,0.0038,0.9003,0,,,,,
2013.020020,0.000042,0.0038,0.9037,0,,,,,
2014.019897,0.000041,0.0037,0.8869,0,,,,,
2015.019775,0.000042,0.0038,0.9095,0,,,,,
2016.019531,0.000043,0.0039,0.9339,0,,,,,
2017.020508,0.000042,0.0038,0.9075,0,,,,,
2018.020386,0.000042,0.0038,0.9024,0,,,,,
2019.020142,0.000042,0.0038,0.9023,0,,,,,
2020.020142,0.000042,0.0038,0.9076,0,,,,,
2021.019897,0.000042,0.0038,0.9069,0,,,,,
2022.019653,0.000042,0.0039,0.9138,0,,,,,
2023.019531,0.000041,0.0038,0.8962,0,,,,,
2024.020630,0.000041,0.0038,0.8988,0,,,,,
2025.020386,0.000042,0.0038,0.9015,0,,,,,
2026.020264,0.000042,0.0038,0.9050,0,,,,,
2027.020020,0.000041,0.0038,0.8965,0,,,,,
2028.019897,0.000041,0.0038,0.8943,0,,,,,
2029.019775,0.000042,0.0039,0.9132,0,,,,,
2030.019531,0.000041,0.0038,0.9001,0,,,,,
2031.020508,0.000041,0.0038,0.8919,0,,,,,
2032.020386,0.000041,0.0038,0.8884,0,,,,,
2033.020142,0.000042,0.0038,0.9035,0,,,,,
2034.020142,0.000041,0.0038,0.8893,0,,,,,
2035.019897,0.000042,0.0038,0.9040,0,,,,,
2036.019653,0.000041,0.0038,0.9011,0,,,,,
2037.019531,0.000042,0.0039,0.9116,0,,,,,
2038.020630,0.000042,0.0038,0.9087,0,,,,,
2039.020386,0.000042,0.0038,0.9082,0,,,,,
2040.020264,0.000041,0.0038,0.9009,0,,,,,
2041.020020,0.000041,0.0038,0.8983,0,,,,,
2042.019897,0.000041,0.0038,0.8968,0,,,,,
2043.019775,0.000042,0.0038,0.9077,0,,,,,
2044.019531,0.000042,0.0038,0.9033,0,,,,,
2045.020508,0.000041,0.0038,0.8946,0,,,,,
2046.020386,0.000041,0.0038,0.8955,0,,,,,
2047.020142,0.000042,0.0038,0.9062,0,,,,,
2048.020020,0.000041,0.0038,0.8959,0,,,,,
2049.020020,0.000042,0.0038,0.9048,0,,,,,
2050.019775,0.000041,0.0038,0.8966,0,,,,,
2051.019531,0.000042,0.0039,0.9147,0,,,,,
2052.020508,0.000041,0.0038,0.8958,0,,,,,
2053.020508,0.000042,0.0038,0.9093,0,,,,,
2054.020264,0.000042,0.0038,0.9060,0,,,,,
2055.020020,0.000042,0.0039,0.9216,0,,,,,
2056.019775,0.000042,0.0038,0.9074,0,,,,,
2057.019775,0.000042,0.0039,0.9185,0,,,,,
2058.019531,0.000042,0.0038,0.9107,0,,,,,
2059.020508,0.000042,0.0038,0.9035,0,,,,,
2060.020264,0.000042,0.0039,0.9178,0,,,,,
2061.020264,0.000041,0.0038,0.9009,0,,,,,
2062.020020,0.000043,0.0039,0.9232,0,,,,,
2063.020020,0.000042,0.0038,0.9043,0,,,,,
2064.019775,0.000043,0.0039,0.9295,0,,,,,
2065.019531,0.000042,0.0038,0.9045,0,,,,,
2066.020508,0.000041,0.0038,0.8976,0,,,,,
2067.020508,0.000042,0.0039,0.9179,0,,,,,
2068.020264,0.000042,0.0039,0.9226,0,,,,,
2069.020020,0.000042,0.0038,0.9057,0,,,,,
2070.019775,0.000042,0.0038,0.9030,0,,,,,
2071.019775,0.000042,0.0038,0.9082,0,,,,,
2072.019531,0.000042,0.0039,0.9117,0,,,,,
2073.020508,0.000042,0.0039,0.9116,0,,,,,
2074.020264,0.000042,0.0039,0.9122,0,,,,,
2075.020264,0.000042,0.0038,0.9077,0,,,,,
2076.020020,0.000042,0.0039,0.9139,0,,,,,
2077.020020,0.000042,0.0039,0.9125,0,,,,,
2078.019775,0.000042,0.0038,0.9084,0,,,,,
2079.019531,0.000042,0.0038,0.9091,0,,,,,
2080.020508,0.000042,0.0039,0.9149,0,,,,,
2081.020508,0.000042,0.0038,0.9073,0,,,,,
2082.020264,0.000042,0.0038,0.9082,0,,,,,
2083.020020,0.000042,0.0039,0.9127,0,,,,,
2084.019775,0.000042,0.0039,0.9181,0,,,,,
2085.019775,0.000042,0.0038,0.9072,0,,,,,
2086.019531,0.000042,0.0039,0.9152,0,,,,,
2087.020508,0.000042,0.0038,0.9024,0,,,,,
2088.020264,0.000042,0.0039,0.9131,0,,,,,
2089.020264,0.000042,0.0038,0.9071,0,,,,,
2090.020020,0.000042,0.0038,0.9094,0,,,,,
2091.020020,0.000042,0.0039,0.9198,0,,,,,
2092.019775,0.000042,0.0039,0.9197,0,,,,,
2093.019531,0.000042,0.0039,0.9206,0,,,,,
2094.020508,0.000042,0.0039,0.9146,0,,,,,
2095.020508,0.000042,0.0038,0.9052,0,,,,,
2096.020264,0.000042,0.0038,0.9050,0,,,,,
2097.020020,0.000042,0.0039,0.9129,0,,,,,
2098.019775,0.000042,0.0038,0.9107,0,,,,,
2099.019775,0.000041,0.0038,0.8997,0,,,,,
2100.019531,0.000042,0.0038,0.9057,0,,,,,
2101.020508,0.000042,0.0039,0.9133,0,,,,,
2102.020264,0.000042,0.0038,0.9110,0,,,,,
2103.020264,0.000042,0.0039,0.9166,0,,,,,
2104.020020,0.000042,0.0039,0.9189,0,,,,,
2105.020020,0.000042,0.0038,0.9071,0,,,,,
2106.019775,0.000042,0.0039,0.9128,0,,,,,
2107.019531,0.000043,0.0039,0.9317,0,,,,,
2108.020508,0.000042,0.0038,0.9103,0,,,,,
2109.020508,0.000042,0.0039,0.9205,0,,,,,
2110.020264,0.000042,0.0038,0.9103,0,,,,,
2111.020020,0.000042,0.0039,0.9143,0,,,,,
2112.019775,0.000042,0.0039,0.9151,0,,,,,
2113.019775,0.000042,0.0038,0.9024,0,,,,,
2114.019531,0.000042,0.0039,0.9160,0,,,,,
2115.020508,0.000042,0.0039,0.9176,0,,,,,
2116.020264,0.000042,0.0038,0.9087,0,,,,,
2117.020264,0.000042,0.0039,0.9133,0,,,,,
2118.020020,0.000042,0.0038,0.9044,0,,,,,
2119.020020,0.000042,0.0038,0.9107,0,,,,,
2120.019775,0.000042,0.0038,0.9095,0,,,,,
2121.019531,0.000042,0.0038,0.9079,0,,,,,
2122.020508,0.000042,0.0038,0.9063,0,,,,,
2123.020508,0.000042,0.0039,0.9135,0,,,,,
2124.020264,0.000042,0.0038,0.9070,0,,,,,
2125.020020,0.000042,0.0038,0.9061,0,,,,,
2126.019775,0.000042,0.0038,0.9035,0,,,,,
2127.019775,0.000041,0.0038,0.9003,0,,,,,
2128.019531,0.000042,0.0039,0.9147,0,,,,,
2129.020508,0.000042,0.0039,0.9164,0,,,,,
2130.020264,0.000042,0.0039,0.9122,0,,,,,
2131.020264,0.000042,0.0039,0.9187,0,,,,,
2132.020020,0.000042,0.0038,0.9093,0,,,,,
2133.020020,0.000042,0.0039,0.9138,0,,,,,
2134.019775,0.000042,0.0038,0.9066,0,,,,,
2135.019531,0.000041,0.0038,0.8882,0,,,,,
2136.020508,0.000042,0.0039,0.9159,0,,,,,
2137.020508,0.000042,0.0039,0.9154,0,,,,,
2138.020264,0.000042,0.0038,0.9017,0,,,,,
2139.020020,0.000042,0.0039,0.9122,0,,,,,
2140.019775,0.000042,0.0038,0.9097,0,,,,,
2141.019775,0.000041,0.0038,0.8995,0,,,,,
2142.019531,0.000042,0.0038,0.9072,0,,,,,
2143.020508,0.000042,0.0038,0.9057,0,,,,,
2144.020264,0.000042,0.0039,0.9164,0,,,,,
2145.020264,0.000042,0.0038,0.9091,0,,,,,
2146.020020,0.000042,0.0039,0.9161,0,,,,,
2147.020020,0.000042,0.0039,0.9184,0,,,,,
2148.019775,0.000043,0.0039,0.9275,0,,,,,
2149.019531,0.000043,0.0039,0.9286,0,,,,,
2150.020508,0.000042,0.0039,0.9196,0,,,,,
2151.020264,0.000042,0.0038,0.9092,0,,,,,
2152.020264,0.000043,0.0039,0.9233,0,,,,,
2153.020264,0.000042,0.0038,0.9062,0,,,,,
2154.019775,0.000041,0.0038,0.9004,0,,,,,
2155.019775,0.000042,0.0038,0.9110,0,,,,,
2156.019531,0.000042,0.0039,0.9134,0,,,,,
2157.020752,0.000042,0.0038,0.9096,0,,,,,
2158.020264,0.000042,0.0038,0.9031,0,,,,,
2159.020264,0.000041,0.0038,0.8977,0,,,,,
2160.020020,0.000042,0.0038,0.9047,0,,,,,
2161.020020,0.000042,0.0039,0.9127,0,,,,,
2162.019775,0.000042,0.0039,0.9126,0,,,,,
2163.019531,0.000042,0.0039,0.9147,0,,,,,
2164.020508,0.000042,0.0039,0.9165,0,,,,,
2165.020508,0.000042,0.0038,0.9077,0,,,,,
2166.020020,0.000042,0.0039,0.9116,0,,,,,
2167.020020,0.000042,0.0038,0.9067,0,,,,,
2168.020020,0.000042,0.0039,0.9190,0,,,,,
2169.019531,0.000042,0.0039,0.9150,0,,,,,
2170.019531,0.000042,0.0039,0.9129,0,,,,,
2171.020508,0.000042,0.0039,0.9135,0,,,,,
2172.020508,0.000041,0.0038,0.8993,0,,,,,
2173.020264,0.000042,0.0039,0.9117,0,,,,,
2174.020020,0.000042,0.0039,0.9149,0,,,,,
2175.019775,0.000042,0.0038,0.9097,0,,,,,
2176.019775,0.000042,0.0039,0.9167,0,,,,,
2177.019531,0.000042,0.0038,0.9031,0,,,,,
2178.020508,0.000042,0.0038,0.9037,0,,,,,
2179.020264,0.000042,0.0039,0.9168,0,,,,,
2180.020264,0.000042,0.0038,0.9033,0,,,,,
2181.020264,0.000042,0.0038,0.9075,0,,,,,
2182.019775,0.000042,0.0038,0.9084,0,,,,,
2183.019775,0.000042,0.0039,0.9142,0,,,,,
2184.019531,0.000042,0.0039,0.9180,0,,,,,
2185.020752,0.000042,0.0039,0.9163,0,,,,,
2186.020264,0.000042,0.0038,0.9068,0,,,,,
2187.020264,0.000042,0.0039,0.9137,0,,,,,
2188.020020,0.000042,0.0038,0.9079,0,,,,,
2189.020020,0.000042,0.0038,0.9078,0,,,,,
2190.019775,0.000042,0.0039,0.9144,0,,,,,
2191.019531,0.000043,0.0039,0.9270,0,,,,,
2192.020508,0.000042,0.0039,0.9147,0,,,,,
2193.020508,0.000041,0.0038,0.8998,0,,,,,
2194.020020,0.000042,0.0039,0.9124,0,,,,,
2195.020020,0.000042,0.0038,0.9109,0,,,,,
2196.020020,0.000042,0.0038,0.9103,0,,,,,
2197.019531,0.000042,0.0038,0.9045,0,,,,,
2198.019531,0.003059,0.2806,66.4437,0,,,,,
2199.020508,0.003666,0.3363,79.6195,0,,,,,
2200.020508,0.013357,1.2254,290.1199,0,,,,,
2201.020264,0.036569,3.3551,794.3143,0,,,,,
2202.020020,0.036508,3.3495,792.9835,0,,,,,
2203.019775,0.036475,3.3464,792.2614,0,,,,,
2204.019775,0.036380,3.3377,790.1898,0,,,,,
2205.019531,0.036429,3.3422,791.2618,0,,,,,
2206.020508,0.036419,3.3413,791.0506,0,,,,,
2207.020264,0.036405,3.3400,790.7340,0,,,,,
2208.020264,0.036453,3.3444,791.7793,0,,,,,
2209.020264,0.036460,3.3451,791.9486,0,,,,,
2210.019775,0.036445,3.3437,791.6221,1,2198.019531,790.3290,1,3,2
2211.020020,0.036437,3.3430,791.4482,0,,,,,
2212.020020,0.036422,3.3416,791.1178,0,,,,,
2213.019531,0.036388,3.3384,790.3757,0,,,,,
2214.019531,0.036393,3.3389,790.4863,0,,,,,
2215.020508,0.036322,3.3324,788.9366,0,,,,,
2216.020508,0.036311,3.3314,788.7092,0,,,,,
2217.020508,0.036300,3.3304,788.4716,0,,,,,
2218.020020,0.036304,3.3308,788.5602,0,,,,,
2219.020020,0.036275,3.3280,787.9127,0,,,,,
2220.020020,0.036289,3.3294,788.2258,0,,,,,
2221.019531,0.036233,3.3242,787.0005,0,,,,,
2222.019531,0.036284,3.3289,788.1202,0,,,,,
2223.020508,0.036268,3.3274,787.7709,0,,,,,
2224.020508,0.036280,3.3285,788.0241,0,,,,,
2225.020264,0.036235,3.3244,787.0443,0,,,,,
2226.020020,0.036209,3.3220,786.4783,0,,,,,
2227.019775,0.036174,3.3188,785.7180,0,,,,,
2228.019775,0.036224,3.3234,786.8104,0,,,,,
2229.019531,0.036252,3.3260,787.4219,0,,,,,
2230.020508,0.036273,3.3278,787.8684,0,,,,,
2231.020264,0.036243,3.3252,787.2343,0,,,,,
2233.020264,0.006335,0.5812,137.6002,0,,,,,
2234.019775,0.000042,0.0038,0.9084,0,,,,,
2235.019775,0.000041,0.0038,0.8891,0,,,,,
2236.019531,0.000041,0.0038,0.8960,0,,,,,
2237.020752,0.000042,0.0038,0.9070,0,,,,,
2238.020264,0.000041,0.0038,0.8995,0,,,,,
2239.020264,0.000041,0.0038,0.8993,0,,,,,
2240.020020,0.000042,0.0038,0.9059,0,,,,,
2241.020020,0.000041,0.0038,0.8907,1,2233.020264,786.2620,-1,3,1
2242.020020,0.000042,0.0038,0.9043,0,,,,,
2243.020020,0.000042,0.0039,0.9139,0,,,,,
2244.019775,0.000041,0.0038,0.9014,0,,,,,
2245.019531,0.000041,0.0038,0.8936,0,,,,,
2246.020508,0.000041,0.0038,0.8981,0,,,,,
2247.020508,0.000042,0.0039,0.9187,0,,,,,
2248.020264,0.000041,0.0038,0.9000,0,,,,,
2249.020264,0.000042,0.0038,0.9058,0,,,,,
2250.019775,0.000042,0.0038,0.9054,0,,,,,
2251.019775,0.000042,0.0038,0.9092,0,,,,,
2252.019775,0.000041,0.0038,0.9011,0,,,,,
2253.020752,0.000042,0.0038,0.9074,0,,,,,
2254.020264,0.000042,0.0039,0.9118,0,,,,,
2255.020264,0.000042,0.0038,0.9108,0,,,,,
2256.020264,0.000041,0.0038,0.8957,0,,,,,
2257.020020,0.000042,0.0038,0.9107,0,,,,,
2258.019775,0.000042,0.0039,0.9201,0,,,,,
2259.019531,0.000042,0.0038,0.9068,0,,,,,
2260.019531,0.000042,0.0038,0.9051,0,,,,,
2261.020752,0.000042,0.0038,0.9113,0,,,,,
2262.020264,0.000043,0.0039,0.9290,0,,,,,
2263.020264,0.000042,0.0038,0.9028,0,,,,,
2264.020020,0.000042,0.0038,0.9067,0,,,,,
2265.020020,0.000041,0.0038,0.8986,0,,,,,
2266.019775,0.000042,0.0039,0.9192,0,,,,,
2267.019531,0.000042,0.0039,0.9200,0,,,,,
2268.020508,0.000042,0.0039,0.9161,0,,,,,
2269.020508,0.000041,0.0038,0.8999,0,,,,,
2270.020020,0.000041,0.0038,0.8985,0,,,,,
2271.020020,0.000041,0.0038,0.8998,0,,,,,
2272.020020,0.000042,0.0038,0.9047,0,,,,,
2273.019531,0.000042,0.0039,0.9145,0,,,,,
2274.019531,0.000043,0.0039,0.9281,0,,,,,
2275.020508,0.000042,0.0039,0.9222,0,,,,,
2276.020508,0.000042,0.0039,0.9164,0,,,,,
2277.020264,0.000042,0.0038,0.9068,0,,,,,
2278.020020,0.000042,0.0038,0.9015,0,,,,,
2279.019775,0.000042,0.0038,0.9060,0,,,,,
2280.019775,0.000042,0.0039,0.9168,0,,,,,
2281.019531,0.000042,0.0038,0.9014,0,,,,,
2282.020508,0.000042,0.0038,0.9093,0,,,,,
2283.020264,0.000042,0.0038,0.9064,0,,,,,
2284.020264,0.000041,0.0038,0.8936,0,,,,,
2285.020264,0.000042,0.0038,0.9097,0,,,,,
2286.019775,0.000042,0.0039,0.9142,0,,,,,
2287.019775,0.000043,0.0039,0.9236,0,,,,,
2288.019531,0.000042,0.0039,0.9202,0,,,,,
2289.020752,0.000042,0.0039,0.9137,0,,,,,
2290.020264,0.000042,0.0038,0.9071,0,,,,,
2291.020264,0.000042,0.0038,0.9026,0,,,,,
2292.020020,0.000042,0.0039,0.9118,0,,,,,
2293.020020,0.000042,0.0039,0.9117,0,,,,,
2294.019775,0.000041,0.0038,0.8998,0,,,,,
2295.019531,0.000042,0.0039,0.9209,0,,,,,
2296.020508,0.000041,0.0038,0.8999,0,,,,,
2297.020508,0.000042,0.0038,0.9075,0,,,,,
2298.020020,0.000042,0.0038,0.9095,0,,,,,
2299.020020,0.000042,0.0039,0.9151,0,,,,,
2300.020020,0.000042,0.0039,0.9146,0,,,,,
2301.019531,0.000042,0.0039,0.9172,0,,,,,
2302.019531,0.000042,0.0039,0.9158,0,,,,,
2303.020508,0.000042,0.0038,0.9014,0,,,,,
2304.020508,0.000042,0.0039,0.9119,0,,,,,
2305.020264,0.000042,0.0039,0.9150,0,,,,,
2306.020020,0.000042,0.0039,0.9189,0,,,,,
2307.019775,0.000041,0.0038,0.8965,0,,,,,
2308.019775,0.000041,0.0038,0.9011,0,,,,,
2309.019531,0.000042,0.0038,0.9107,0,,,,,
2310.020508,0.000042,0.0038,0.9104,0,,,,,
2311.020264,0.000042,0.0039,0.9188,0,,,,,
2312.020264,0.000042,0.0039,0.9124,0,,,,,
2313.020264,0.000042,0.0039,0.9207,0,,,,,
2314.019775,0.000042,0.0039,0.9144,0,,,,,
2315.019775,0.000042,0.0038,0.9046,0,,,,,
2316.019531,0.000042,0.0039,0.9191,0,,,,,
2317.020752,0.000042,0.0039,0.9119,0,,,,,
2318.020264,0.000042,0.0038,0.9070,0,,,,,
2319.020264,0.000041,0.0038,0.8985,0,,,,,
2320.020020,0.000042,0.0039,0.9211,0,,,,,
2321.020020,0.000042,0.0039,0.9145,0,,,,,
2322.019775,0.000042,0.0038,0.9027,0,,,,,
2323.019531,0.000042,0.0039,0.9219,0,,,,,
2324.020508,0.000042,0.0039,0.9163,0,,,,,
2325.020508,0.000041,0.0037,0.8875,0,,,,,
2326.020020,0.000041,0.0038,0.8974,0,,,,,
2327.020020,0.000041,0.0038,0.8995,0,,,,,
2328.020020,0.000043,0.0039,0.9242,0,,,,,
2329.019531,0.000043,0.0039,0.9259,0,,,,,
2330.019531,0.000042,0.0038,0.9063,0,,,,,
2331.020508,0.000043,0.0039,0.9238,0,,,,,
2332.020508,0.000042,0.0038,0.9029,0,,,,,
2333.020264,0.000041,0.0038,0.9009,0,,,,,
2334.020020,0.000042,0.0038,0.9096,0,,,,,
2335.019775,0.000042,0.0039,0.9186,0,,,,,
2336.019775,0.000043,0.0039,0.9232,0,,,,,
2337.019531,0.000041,0.0038,0.8958,0,,,,,
2338.020508,0.000042,0.0039,0.9230,0,,,,,
2339.020264,0.000042,0.0039,0.9206,0,,,,,
2340.020264,0.000042,0.0038,0.9088,0,,,,,
2341.020264,0.000041,0.0038,0.9012,0,,,,,
2342.019775,0.000042,0.0038,0.9022,0,,,,,
2343.019775,0.000042,0.0038,0.9091,0,,,,,
2344.019531,0.000041,0.0038,0.8989,0,,,,,
2345.020752,0.000042,0.0038,0.9114,0,,,,,
2346.020264,0.000042,0.0039,0.9141,0,,,,,
2347.020264,0.000042,0.0039,0.9178,0,,,,,
2348.020020,0.000042,0.0039,0.9158,0,,,,,
2349.020020,0.000042,0.0039,0.9145,0,,,,,
2350.019775,0.000042,0.0039,0.9179,0,,,,,
2351.019531,0.000042,0.0039,0.9167,0,,,,,
2352.020508,0.000042,0.0038,0.9109,0,,,,,
2353.020508,0.000042,0.0039,0.9159,0,,,,,
2354.020020,0.000042,0.0039,0.9141,0,,,,,
2355.020020,0.000042,0.0038,0.9018,0,,,,,
2356.020020,0.000041,0.0038,0.8956,0,,,,,
2357.019531,0.000042,0.0039,0.9151,0,,,,,
2358.019531,0.000042,0.0039,0.9135,0,,,,,
2359.020508,0.000042,0.0039,0.9217,0,,,,,
2360.020508,0.000042,0.0038,0.9110,0,,,,,
2361.020264,0.000042,0.0038,0.9109,0,,,,,
2362.020020,0.000042,0.0039,0.9156,0,,,,,
2363.019775,0.000042,0.0039,0.9117,0,,,,,
2364.019775,0.000042,0.0039,0.9189,0,,,,,
2366.020508,0.000042,0.0038,0.9025,0,,,,,
2367.020264,0.000042,0.0038,0.9075,0,,,,,
2368.020264,0.000042,0.0039,0.9211,0,,,,,
2369.020264,0.000042,0.0038,0.9087,0,,,,,
2370.019775,0.000042,0.0038,0.9027,0,,,,,
2371.019775,0.000042,0.0038,0.9075,0,,,,,
2372.019531,0.000043,0.0039,0.9281,0,,,,,
2373.020752,0.000042,0.0039,0.9124,0,,,,,
2374.020264,0.000042,0.0039,0.9191,0,,,,,
2375.020264,0.000042,0.0038,0.9021,0,,,,,
2376.020020,0.000042,0.0038,0.9037,0,,,,,
2377.020020,0.000042,0.0039,0.9138,0,,,,,
2378.019775,0.000042,0.0038,0.9107,0,,,,,
2379.019531,0.000042,0.0038,0.9114,0,,,,,
2380.020508,0.000042,0.0038,0.9063,0,,,,,
2381.020508,0.000041,0.0038,0.8950,0,,,,,
2382.020020,0.000041,0.0038,0.9008,0,,,,,
2383.020020,0.000042,0.0038,0.9097,0,,,,,
2384.020020,0.000042,0.0038,0.9106,0,,,,,
2385.019531,0.000041,0.0038,0.8993,0,,,,,
2386.019531,0.000042,0.0038,0.9074,0,,,,,
2387.020508,0.000042,0.0038,0.9048,0,,,,,
2388.020508,0.000042,0.0038,0.9036,0,,,,,
2389.020264,0.000042,0.0039,0.9134,0,,,,,
2390.020020,0.000042,0.0038,0.9111,0,,,,,
2391.019775,0.000041,0.0038,0.8963,0,,,,,
2392.019775,0.000042,0.0039,0.9121,0,,,,,
2393.019531,0.000042,0.0039,0.9138,0,,,,,
2394.020508,0.000042,0.0039,0.9138,0,,,,,
2395.020264,0.000042,0.0039,0.9204,0,,,,,
2396.020264,0.000041,0.0038,0.8987,0,,,,,
2397.020264,0.000042,0.0038,0.9075,0,,,,,
2398.019775,0.000041,0.0038,0.8997,0,,,,,
2399.019775,0.000042,0.0039,0.9217,0,,,,,
2400.019531,0.000042,0.0038,0.9067,0,,,,,
2401.020752,0.000041,0.0038,0.8985,0,,,,,
2402.020264,0.000042,0.0038,0.9083,0,,,,,
2403.020264,0.000042,0.0038,0.9113,0,,,,,
2404.020020,0.000042,0.0039,0.9146,0,,,,,
2405.020020,0.000042,0.0039,0.9120,0,,,,,
2406.019775,0.000042,0.0039,0.9194,0,,,,,
2407.019531,0.000042,0.0038,0.9073,0,,,,,
2408.020508,0.000042,0.0039,0.9191,0,,,,,
2409.020508,0.000042,0.0039,0.9161,0,,,,,
2410.020020,0.000042,0.0038,0.9091,0,,,,,
2411.020020,0.000041,0.0038,0.8978,0,,,,,
2412.020020,0.000042,0.0038,0.9071,0,,,,,
2413.019531,0.000042,0.0038,0.9055,0,,,,,
2414.019531,0.000042,0.0038,0.9071,0,,,,,
2415.020508,0.000042,0.0038,0.9067,0,,,,,
2416.020508,0.000042,0.0038,0.9104,0,,,,,
2417.020264,0.000042,0.0038,0.9089,0,,,,,
2418.020020,0.000042,0.0038,0.9095,0,,,,,
2419.019775,0.000042,0.0039,0.9165,0,,,,,
2420.019775,0.000042,0.0038,0.9087,0,,,,,
2421.019531,0.000042,0.0038,0.9079,0,,,,,
2422.020508,0.000042,0.0039,0.9211,0,,,,,
2423.020264,0.000042,0.0039,0.9143,0,,,,,
2424.020264,0.000042,0.0039,0.9178,0,,,,,
2425.020264,0.000042,0.0039,0.9145,0,,,,,
2426.019775,0.000042,0.0039,0.9138,0,,,,,
2427.019775,0.000042,0.0038,0.9090,0,,,,,
2428.019531,0.000042,0.0039,0.9130,0,,,,,
2429.020752,0.000042,0.0039,0.9143,0,,,,,
2430.020264,0.000042,0.0038,0.9092,0,,,,,
2431.020264,0.000042,0.0038,0.9096,0,,,,,
2432.020020,0.000042,0.0039,0.9115,0,,,,,
2433.020020,0.000042,0.0038,0.9022,0,,,,,
2434.019775,0.000042,0.0038,0.9068,0,,,,,
2435.019531,0.000042,0.0039,0.9119,0,,,,,
2436.020508,0.000042,0.0038,0.9113,0,,,,,
2437.020508,0.000042,0.0039,0.9170,0,,,,,
2438.020020,0.000041,0.0038,0.8987,0,,,,,
2439.020020,0.000042,0.0039,0.9142,0,,,,,
2440.020020,0.000042,0.0038,0.9015,0,,,,,
2441.019531,0.000042,0.0039,0.9192,0,,,,,
2442.019531,0.000042,0.0039,0.9137,0,,,,,
2443.020508,0.000042,0.0039,0.9143,0,,,,,
2444.020508,0.000041,0.0038,0.8997,0,,,,,
2445.020264,0.000042,0.0038,0.9088,0,,,,,
2446.020020,0.000042,0.0038,0.9071,0,,,,,
2447.019775,0.000041,0.0038,0.8989,0,,,,,
2448.019775,0.000042,0.0039,0.9149,0,,,,,
2449.019531,0.000042,0.0039,0.9156,0,,,,,
2450.020508,0.000043,0.0039,0.9283,0,,,,,
2451.020264,0.000042,0.0038,0.9078,0,,,,,
2452.020264,0.000042,0.0039,0.9145,0,,,,,
2453.020264,0.000042,0.0038,0.9073,0,,,,,
2454.019775,0.000042,0.0039,0.9171,0,,,,,
2455.019775,0.000043,0.0039,0.9282,0,,,,,
2456.019531,0.000042,0.0039,0.9158,0,,,,,
2457.020752,0.000041,0.0038,0.9011,0,,,,,
2458.020264,0.000042,0.0039,0.9170,0,,,,,
2459.020264,0.000042,0.0039,0.9186,0,,,,,
2460.020020,0.000042,0.0039,0.9177,0,,,,,
2461.020020,0.000042,0.0039,0.9206,0,,,,,
2462.019775,0.000042,0.0039,0.9211,0,,,,,
2463.019531,0.000043,0.0039,0.9242,0,,,,,
2464.020508,0.000043,0.0039,0.9272,0,,,,,
2465.020508,0.000042,0.0039,0.9153,0,,,,,
2466.020020,0.000042,0.0038,0.9048,0,,,,,
2467.020020,0.000042,0.0038,0.9055,0,,,,,
2468.020020,0.000042,0.0038,0.9079,0,,,,,
2469.019531,0.000043,0.0039,0.9236,0,,,,,
2470.019531,0.000042,0.0039,0.9230,0,,,,,
2471.020508,0.000042,0.0039,0.9206,0,,,,,
2472.020508,0.000042,0.0039,0.9166,0,,,,,
2473.020264,0.000042,0.0039,0.9221,0,,,,,
2474.020020,0.008976,0.8235,194.9693,0,,,,,
2475.019775,0.006194,0.5683,134.5417,0,,,,,
2476.019775,0.003347,0.3071,72.6989,0,,,,,
2477.019531,0.004562,0.4185,99.0871,0,,,,,
2478.020508,0.008185,0.7510,177.7908,0,,,,,
2479.020264,0.009154,0.8398,198.8253,0,,,,,
2480.020264,0.007406,0.6794,160.8551,0,,,,,
2481.020264,0.006252,0.5736,135.7970,0,,,,,
2482.019775,0.009306,0.8538,202.1387,0,,,,,
2483.019775,0.009240,0.8478,200.7086,0,,,,,
2484.019531,0.008685,0.7968,188.6353,0,,,,,
2485.020752,0.007114,0.6527,154.5187,0,,,,,
2486.020264,0.012995,1.1923,282.2704,1,2474.020020,164.2394,1,-1,2
2487.020508,0.009867,0.9052,214.3085,0,,,,,
2488.020508,0.008322,0.7635,180.7566,0,,,,,
2489.020508,0.006435,0.5904,139.7757,0,,,,,
2490.020020,0.002742,0.2516,59.5643,0,,,,,
2491.020020,0.002728,0.2503,59.2585,0,,,,,
2492.020020,0.001968,0.1805,42.7372,0,,,,,
2493.019531,0.002685,0.2463,58.3159,0,,,,,
2494.019531,0.000045,0.0041,0.9727,0,,,,,
2495.020508,0.006109,0.5605,132.6922,0,,,,,
2496.020508,0.010397,0.9538,225.8204,0,,,,,
2497.020264,0.008567,0.7860,186.0868,1,2490.020020,124.8431,-1,-1,1
2498.020508,0.009060,0.8312,196.7803,0,,,,,
2499.020264,0.010241,0.9395,222.4366,0,,,,,
2500.020264,0.009315,0.8546,202.3327,0,,,,,
2501.020264,0.011461,1.0515,248.9494,0,,,,,
2502.019775,0.012130,1.1129,263.4817,0,,,,,
2503.019775,0.008835,0.8105,191.8960,1,2494.019531,128.0959,1,-1,1
2504.020020,0.007769,0.7128,168.7492,0,,,,,
2505.020020,0.004620,0.4239,100.3560,0,,,,,
2506.019775,0.005946,0.5455,129.1501,0,,,,,
2507.019531,0.003419,0.3137,74.2577,0,,,,,
2508.020508,0.000269,0.0247,5.8411,0,,,,,
2509.020508,0.003475,0.3189,75.4898,0,,,,,
2510.020020,0.009789,0.8981,212.6196,0,,,,,
2511.020020,0.008827,0.8098,191.7197,0,,,,,
2512.020020,0.007759,0.7118,168.5221,0,,,,,
2513.019531,0.009764,0.8958,212.0868,1,2505.020020,138.2927,-1,-1,1
2514.020020,0.005819,0.5339,126.3952,0,,,,,
2515.019775,0.009870,0.9055,214.3797,0,,,,,
2516.019775,0.009947,0.9126,216.0642,0,,,,,
2517.019531,0.011241,1.0313,244.1604,0,,,,,
2518.020508,0.006329,0.5806,137.4657,0,,,,,
2519.020264,0.006936,0.6364,150.6607,0,,,,,
2520.020264,0.008098,0.7429,175.8922,0,,,,,
2521.020264,0.020433,1.8747,443.8291,0,,,,,
2522.019775,0.037485,3.4391,814.1956,0,,,,,
2523.019775,0.036642,3.3617,795.8939,0,,,,,
2524.019531,0.036346,3.3346,789.4700,0,,,,,
2525.020752,0.036509,3.3496,793.0062,0,,,,,
2526.020264,0.036567,3.3549,794.2675,0,,,,,
2527.020264,0.036300,3.3303,788.4527,0,,,,,
2528.020020,0.036471,3.3460,792.1766,0,,,,,
2529.020020,0.036610,3.3588,795.1868,0,,,,,
2530.019775,0.036323,3.3325,788.9615,0,,,,,
2531.019531,0.036302,3.3306,788.5093,1,2510.020020,740.9272,1,-1,4
2532.019775,0.036229,3.3239,786.9246,0,,,,,
2533.019531,0.036477,3.3466,792.2974,0,,,,,
2534.019531,0.036445,3.3437,791.6148,0,,,,,
2535.020508,0.036192,3.3205,786.1216,0,,,,,
2536.020508,0.036389,3.3385,790.3890,0,,,,,
2537.020264,0.036490,3.3478,792.5938,0,,,,,
2538.020020,0.036207,3.3218,786.4479,0,,,,,
2539.020020,0.036289,3.3293,788.2156,0,,,,,
2540.019775,0.036512,3.3498,793.0599,0,,,,,
2541.019531,0.036177,3.3190,785.7825,0,,,,,
2542.020508,0.036263,3.3270,787.6669,0,,,,,
2543.020508,0.036481,3.3470,792.3982,0,,,,,
2544.020264,0.036139,3.3156,784.9701,0,,,,,
2545.020264,0.036181,3.3194,785.8788,0,,,,,
2546.020020,0.036398,3.3394,790.5932,0,,,,,
2547.019775,0.036236,3.3245,787.0752,0,,,,,
2548.019775,0.036030,3.3056,782.5945,0,,,,,
2549.019531,0.036297,3.3301,788.4050,0,,,,,
2550.020508,0.036299,3.3302,788.4338,0,,,,,
2551.020264,0.031992,2.9351,694.8810,0,,,,,
2552.020264,0.036265,3.3272,787.7133,0,,,,,
2553.020264,0.036280,3.3285,788.0203,0,,,,,
2554.019775,0.036024,3.3050,782.4622,0,,,,,
2555.019775,0.026426,2.4245,573.9933,0,,,,,
2556.019531,0.000041,0.0038,0.8885,0,,,,,
2557.020752,0.000041,0.0038,0.9007,0,,,,,
2558.020264,0.000042,0.0038,0.9058,0,,,,,
2559.020264,0.000042,0.0038,0.9038,0,,,,,
2560.020020,0.000041,0.0037,0.8852,0,,,,,
2561.020020,0.000041,0.0038,0.8949,0,,,,,
2562.019775,0.000042,0.0039,0.9131,0,,,,,
2563.019531,0.000041,0.0038,0.8999,0,,,,,
2564.020508,0.000041,0.0038,0.8991,1,2555.019775,785.1669,-1,3,1
2565.019531,0.000041,0.0038,0.8997,0,,,,,
2566.019531,0.000041,0.0038,0.8909,0,,,,,
2567.020508,0.000041,0.0037,0.8821,0,,,,,
2568.020508,0.000042,0.0038,0.9092,0,,,,,
2569.020264,0.000042,0.0038,0.9065,0,,,,,
2570.020020,0.000041,0.0038,0.8963,0,,,,,
2571.019775,0.000041,0.0038,0.9001,0,,,,,
2572.019775,0.000041,0.0038,0.8958,0,,,,,
2573.019531,0.000041,0.0038,0.8929,0,,,,,
2574.020508,0.000041,0.0038,0.8996,0,,,,,
2575.020264,0.000041,0.0038,0.8986,0,,,,,
2576.020264,0.000041,0.0038,0.8897,0,,,,,
2577.020264,0.000042,0.0038,0.9079,0,,,,,
2578.019775,0.000042,0.0038,0.9068,0,,,,,
2579.019775,0.000041,0.0038,0.8908,0,,,,,
2580.019531,0.000041,0.0038,0.8985,0,,,,,
2581.020752,0.000041,0.0038,0.8902,0,,,,,
2582.020264,0.000041,0.0037,0.8864,0,,,,,
2583.020264,0.000042,0.0038,0.9024,0,,,,,
2584.020020,0.000041,0.0038,0.9013,0,,,,,
2585.020020,0.000041,0.0038,0.9000,0,,,,,
2586.019775,0.000042,0.0039,0.9127,0,,,,,
2587.019531,0.000042,0.0039,0.9152,0,,,,,
2588.020508,0.000042,0.0038,0.9021,0,,,,,
2589.020508,0.000042,0.0038,0.9075,0,,,,,
2590.020264,0.000041,0.0038,0.8967,0,,,,,
2591.020020,0.000042,0.0038,0.9093,0,,,,,
2592.020020,0.000042,0.0039,0.9132,0,,,,,
2593.019531,0.000042,0.0038,0.9068,0,,,,,
2594.019531,0.000042,0.0038,0.9021,0,,,,,
2595.020508,0.000042,0.0039,0.9161,0,,,,,
2596.020508,0.000042,0.0038,0.9095,0,,,,,
2597.020264,0.000042,0.0038,0.9047,0,,,,,
2598.020020,0.000041,0.0038,0.9011,0,,,,,
2599.019775,0.000042,0.0038,0.9080,0,,,,,
2600.019775,0.000042,0.0038,0.9047,0,,,,,
2601.019531,0.000043,0.0039,0.9249,0,,,,,
2602.020508,0.000041,0.0038,0.8921,0,,,,,
2603.020264,0.000042,0.0039,0.9150,0,,,,,
2604.020264,0.000042,0.0038,0.9041,0,,,,,
2605.020264,0.000042,0.0038,0.9026,0,,,,,
2606.019775,0.000042,0.0038,0.9084,0,,,,,
2607.019775,0.000042,0.0039,0.9181,0,,,,,
2608.019531,0.000041,0.0038,0.8939,0,,,,,
2609.020752,0.000042,0.0039,0.9120,0,,,,,
2610.020264,0.000042,0.0038,0.9026,0,,,,,
2611.020264,0.000041,0.0038,0.9001,0,,,,,
2612.020020,0.000042,0.0038,0.9112,0,,,,,
2613.020020,0.000042,0.0039,0.9124,0,,,,,
2614.019775,0.000042,0.0038,0.9018,0,,,,,
2615.019531,0.000042,0.0039,0.9131,0,,,,,
2616.020508,0.000042,0.0038,0.9014,0,,,,,
2617.020508,0.000042,0.0039,0.9157,0,,,,,
2618.020020,0.000041,0.0038,0.8973,0,,,,,
2619.020020,0.000042,0.0038,0.9049,0,,,,,
2620.020020,0.000042,0.0038,0.9046,0,,,,,
2621.019531,0.000041,0.0038,0.8968,0,,,,,
2622.019531,0.000042,0.0039,0.9117,0,,,,,
2623.020508,0.000042,0.0039,0.9164,0,,,,,
2624.020508,0.000042,0.0038,0.9023,0,,,,,
2625.020264,0.000042,0.0038,0.9101,0,,,,,
2626.020020,0.000042,0.0039,0.9124,0,,,,,
2627.019775,0.000042,0.0038,0.9106,0,,,,,
2628.019775,0.000042,0.0039,0.9139,0,,,,,
2629.019531,0.000041,0.0038,0.8891,0,,,,,
2630.020508,0.000042,0.0039,0.9163,0,,,,,
2631.020264,0.000042,0.0038,0.9054,0,,,,,
2632.020264,0.000042,0.0038,0.9016,0,,,,,
2633.020264,0.000042,0.0039,0.9199,0,,,,,
2634.019775,0.000042,0.0039,0.9139,0,,,,,
2635.019775,0.000042,0.0038,0.9034,0,,,,,
2636.019531,0.000042,0.0038,0.9110,0,,,,,
2637.020752,0.000041,0.0038,0.8932,0,,,,,
2638.020264,0.000042,0.0038,0.9067,0,,,,,
2639.020264,0.000042,0.0039,0.9116,0,,,,,
2640.020020,0.000041,0.0038,0.8991,0,,,,,
2641.020020,0.000042,0.0038,0.9029,0,,,,,
2642.019775,0.000041,0.0038,0.8896,0,,,,,
2643.019531,0.000042,0.0039,0.9120,0,,,,,
2644.020508,0.000042,0.0039,0.9231,0,,,,,
2645.020508,0.000042,0.0039,0.9218,0,,,,,
2646.020020,0.000042,0.0038,0.9055,0,,,,,
2647.020020,0.000041,0.0038,0.8980,0,,,,,
2648.020020,0.000042,0.0039,0.9191,0,,,,,
2649.019531,0.000042,0.0039,0.9135,0,,,,,
2650.019531,0.000041,0.0038,0.8948,0,,,,,
2651.020508,0.000042,0.0038,0.9068,0,,,,,
2652.020508,0.000041,0.0038,0.8928,0,,,,,
2653.020264,0.000041,0.0038,0.8969,0,,,,,
2654.020020,0.000043,0.0039,0.9233,0,,,,,
2655.019775,0.000042,0.0038,0.9074,0,,,,,
2656.019775,0.000043,0.0039,0.9251,0,,,,,
2657.019531,0.000042,0.0039,0.9185,0,,,,,
2658.020508,0.000042,0.0039,0.9152,0,,,,,
2659.020264,0.000042,0.0039,0.9125,0,,,,,
2660.020264,0.000042,0.0038,0.9101,0,,,,,
2661.020264,0.000042,0.0038,0.9043,0,,,,,
2662.019775,0.000042,0.0038,0.9080,0,,,,,
2663.019775,0.000042,0.0038,0.9059,0,,,,,
2664.019531,0.000042,0.0039,0.9118,0,,,,,
2665.020752,0.000042,0.0039,0.9161,0,,,,,
2666.020264,0.000042,0.0038,0.9092,0,,,,,
2667.020264,0.000042,0.0038,0.9093,0,,,,,
2668.020020,0.000042,0.0039,0.9132,0,,,,,
2669.020020,0.000042,0.0038,0.9106,0,,,,,
2670.019775,0.000042,0.0038,0.9047,0,,,,,
2671.019531,0.000042,0.0038,0.9041,0,,,,,
2672.020508,0.000042,0.0039,0.9213,0,,,,,
2673.020508,0.000042,0.0038,0.9020,0,,,,,
2674.020020,0.000042,0.0038,0.9094,0,,,,,
2675.020020,0.000041,0.0038,0.8942,0,,,,,
2676.020020,0.000042,0.0038,0.9041,0,,,,,
2677.019531,0.000042,0.0038,0.9084,0,,,,,
2678.019531,0.000041,0.0038,0.8998,0,,,,,
2679.020508,0.000042,0.0038,0.9089,0,,,,,
2680.020508,0.000042,0.0039,0.9221,0,,,,,
2681.020264,0.000041,0.0038,0.8960,0,,,,,
2682.020020,0.000042,0.0039,0.9126,0,,,,,
2683.019775,0.000041,0.0038,0.8988,0,,,,,
2684.019775,0.000042,0.0038,0.9069,0,,,,,
2685.019531,0.000042,0.0038,0.9114,0,,,,,
2686.020508,0.000042,0.0039,0.9162,0,,,,,
2687.020264,0.000041,0.0038,0.8999,0,,,,,
2688.020264,0.000041,0.0038,0.8921,0,,,,,
2689.020264,0.000041,0.0038,0.8995,0,,,,,
2690.019775,0.000041,0.0038,0.8997,0,,,,,
2691.019775,0.000042,0.0038,0.9035,0,,,,,
2692.019531,0.000042,0.0039,0.9116,0,,,,,
2693.020752,0.000042,0.0038,0.9105,0,,,,,
2694.020264,0.000042,0.0039,0.9195,0,,,,,
2695.020264,0.000041,0.0038,0.8924,0,,,,,
2696.020020,0.000043,0.0039,0.9306,0,,,,,
2697.020020,0.000041,0.0037,0.8868,0,,,,,
2698.019775,0.000042,0.0038,0.9094,0,,,,,
2699.019531,0.000041,0.0038,0.8967,0,,,,,
2700.020508,0.000041,0.0038,0.9006,0,,,,,
2701.020508,0.000041,0.0038,0.9000,0,,,,,
2702.020020,0.000042,0.0038,0.9062,0,,,,,
2703.020020,0.000042,0.0038,0.9066,0,,,,,
2704.020020,0.000042,0.0038,0.9035,0,,,,,
2705.019531,0.000041,0.0038,0.9004,0,,,,,
2706.019531,0.000041,0.0038,0.9010,0,,,,,
2707.020508,0.000042,0.0038,0.9104,0,,,,,
2708.020508,0.000041,0.0038,0.8987,0,,,,,
2709.020264,0.000041,0.0038,0.8901,0,,,,,
2710.020020,0.000042,0.0038,0.9049,0,,,,,
2711.019775,0.000041,0.0038,0.9011,0,,,,,
2712.019775,0.000042,0.0038,0.9063,0,,,,,
2713.019531,0.000042,0.0038,0.9060,0,,,,,
2714.020508,0.000042,0.0038,0.9093,0,,,,,
2715.020264,0.000042,0.0038,0.9081,0,,,,,
2716.020264,0.000043,0.0039,0.9303,0,,,,,
2717.020264,0.000042,0.0038,0.9079,0,,,,,
2718.019775,0.000042,0.0039,0.9179,0,,,,,
2719.019775,0.000042,0.0038,0.9066,0,,,,,
2720.019531,0.000042,0.0039,0.9122,0,,,,,
2721.020752,0.000042,0.0039,0.9171,0,,,,,
2722.020264,0.000042,0.0039,0.9119,0,,,,,
2723.020264,0.000042,0.0038,0.9024,0,,,,,
2724.020020,0.000042,0.0039,0.9116,0,,,,,
2725.020020,0.000041,0.0038,0.8890,0,,,,,
2726.019531,0.000042,0.0039,0.9186,0,,,,,
2727.019531,0.000041,0.0038,0.8925,0,,,,,
2728.020508,0.000042,0.0039,0.9126,0,,,,,
2729.020508,0.000041,0.0038,0.8976,0,,,,,
2730.020020,0.000043,0.0039,0.9301,0,,,,,
2731.020020,0.000042,0.0039,0.9130,0,,,,,
2732.020020,0.000042,0.0038,0.9097,0,,,,,
2733.019531,0.000042,0.0038,0.9114,0,,,,,
2734.019531,0.000042,0.0038,0.9021,0,,,,,
2735.020508,0.000042,0.0038,0.9111,0,,,,,
2736.020508,0.000042,0.0039,0.9188,0,,,,,
2737.020264,0.000043,0.0039,0.9238,0,,,,,
2738.020020,0.000042,0.0038,0.9094,0,,,,,
2739.019775,0.000043,0.0039,0.9285,0,,,,,
2740.019775,0.000041,0.0038,0.8967,0,,,,,
2741.019531,0.000042,0.0039,0.9152,0,,,,,
2742.020508,0.000041,0.0038,0.8964,0,,,,,
2743.020264,0.000041,0.0038,0.8985,0,,,,,
2744.020264,0.000043,0.0039,0.9319,0,,,,,
2745.020264,0.000043,0.0039,0.9265,0,,,,,
2746.019775,0.000042,0.0039,0.9122,0,,,,,
2747.019775,0.000042,0.0038,0.9054,0,,,,,
2748.019531,0.000043,0.0039,0.9282,0,,,,,
2749.020752,0.000042,0.0038,0.9112,0,,,,,
2750.020264,0.000043,0.0039,0.9328,0,,,,,
2751.020264,0.000042,0.0038,0.9072,0,,,,,
2752.020020,0.000042,0.0039,0.9158,0,,,,,
2753.020020,0.000042,0.0039,0.9168,0,,,,,
2754.019775,0.000042,0.0038,0.9031,0,,,,,
2755.019531,0.000042,0.0039,0.9122,0,,,,,
2756.020508,0.000042,0.0038,0.9082,0,,,,,
2757.020508,0.000043,0.0039,0.9266,0,,,,,
2758.020020,0.000041,0.0038,0.9009,0,,,,,
2759.020020,0.000042,0.0039,0.9165,0,,,,,
2760.020020,0.000042,0.0038,0.9104,0,,,,,
2761.019531,0.000043,0.0039,0.9252,0,,,,,
2762.019531,0.000042,0.0038,0.9102,0,,,,,
2763.020508,0.000042,0.0038,0.9055,0,,,,,
2764.020508,0.000042,0.0038,0.9092,0,,,,,
2765.020264,0.000041,0.0038,0.8973,0,,,,,
2766.020020,0.000042,0.0038,0.9101,0,,,,,
2767.019775,0.000042,0.0038,0.9112,0,,,,,
2768.019775,0.000042,0.0038,0.9040,0,,,,,
2769.019531,0.000041,0.0038,0.9001,0,,,,,
2770.020508,0.000041,0.0038,0.8991,0,,,,,
2771.020264,0.000042,0.0038,0.9045,0,,,,,
2772.020264,0.000042,0.0038,0.9050,0,,,,,
2773.020264,0.000042,0.0038,0.9040,0,,,,,
2774.019775,0.000042,0.0038,0.9036,0,,,,,
2775.019775,0.000042,0.0039,0.9226,0,,,,,
2776.019531,0.000042,0.0038,0.9075,0,,,,,
2777.020752,0.000042,0.0039,0.9127,0,,,,,
2778.020264,0.000042,0.0038,0.9019,0,,,,,
2779.020264,0.000041,0.0038,0.8975,0,,,,,
2780.020020,0.000042,0.0039,0.9136,0,,,,,
2781.020020,0.000042,0.0039,0.9197,0,,,,,
2782.019531,0.000041,0.0038,0.8900,0,,,,,
2783.019531,0.000042,0.0039,0.9119,0,,,,,
2784.020508,0.000041,0.0038,0.8950,0,,,,,
2785.020508,0.000042,0.0039,0.9166,0,,,,,
2786.020020,0.000041,0.0038,0.8934,0,,,,,
2787.020020,0.000042,0.0039,0.9157,0,,,,,
2788.020020,0.000041,0.0038,0.8932,0,,,,,
2789.019531,0.000042,0.0039,0.9222,0,,,,,
2790.019531,0.000041,0.0038,0.8995,0,,,,,
2791.020508,0.000042,0.0039,0.9147,0,,,,,
2792.020508,0.000041,0.0038,0.8944,0,,,,,
2793.020264,0.000042,0.0039,0.9191,0,,,,,
2794.020020,0.000042,0.0039,0.9123,0,,,,,
2795.019775,0.000042,0.0039,0.9171,0,,,,,
2796.019775,0.000041,0.0038,0.8942,0,,,,,
2797.019531,0.000042,0.0038,0.9062,0,,,,,
2798.020508,0.000042,0.0038,0.9081,0,,,,,
2799.020264,0.000042,0.0038,0.9037,0,,,,,
2800.020264,0.000042,0.0038,0.9111,0,,,,,
2801.020264,0.000041,0.0038,0.8964,0,,,,,
2802.019775,0.000043,0.0039,0.9329,0,,,,,
2803.019775,0.000041,0.0038,0.8948,0,,,,,
2804.019531,0.000043,0.0039,0.9258,0,,,,,
2805.020752,0.000042,0.0039,0.9138,0,,,,,
2806.020264,0.000042,0.0038,0.9104,0,,,,,
2807.020264,0.000042,0.0038,0.9059,0,,,,,
2808.020020,0.000042,0.0039,0.9162,0,,,,,
2809.020020,0.000041,0.0038,0.9011,0,,,,,
2810.019775,0.000042,0.0039,0.9211,0,,,,,
2811.019531,0.000042,0.0038,0.9060,0,,,,,
2812.020508,0.000042,0.0039,0.9199,0,,,,,
2813.020508,0.000042,0.0039,0.9117,0,,,,,
2814.020020,0.000042,0.0039,0.9177,0,,,,,
2815.020020,0.000042,0.0039,0.9135,0,,,,,
2816.020020,0.000042,0.0038,0.9051,0,,,,,
2817.019531,0.000041,0.0038,0.8977,0,,,,,
2818.019531,0.000041,0.0038,0.8947,0,,,,,
2819.020508,0.000041,0.0038,0.8955,0,,,,,
2820.020508,0.000042,0.0038,0.9058,0,,,,,
2821.020264,0.000042,0.0038,0.9033,0,,,,,
2822.020020,0.000042,0.0038,0.9097,0,,,,,
2823.019775,0.003534,0.3242,76.7661,0,,,,,
2824.019775,0.007732,0.7094,167.9485,0,,,,,
2825.019531,0.009709,0.8908,210.8893,0,,,,,
2826.020508,0.009011,0.8267,195.7192,0,,,,,
2827.020264,0.008398,0.7705,182.4191,0,,,,,
2828.020264,0.010404,0.9546,225.9927,0,,,,,
2829.020264,0.026221,2.4057,569.5397,0,,,,,
2830.019775,0.036822,3.3782,799.7958,0,,,,,
2831.019775,0.036470,3.3460,792.1567,0,,,,,
2832.019531,0.036837,3.3796,800.1274,1,2823.019775,190.6127,1,-1,1
2833.020020,0.036877,3.3833,801.0043,0,,,,,
2834.019775,0.036452,3.3443,791.7648,0,,,,,
2835.019531,0.036869,3.3826,800.8257,0,,,,,
2836.020508,0.036449,3.3440,791.7023,0,,,,,
2837.020508,0.036825,3.3785,799.8626,1,2829.020264,595.9830,1,-1,1
2838.020508,0.036749,3.3715,798.2047,0,,,,,
2839.020508,0.036480,3.3469,792.3804,0,,,,,
2840.020508,0.036767,3.3732,798.5983,0,,,,,
2841.020264,0.036432,3.3425,791.3257,0,,,,,
2842.020020,0.036681,3.3653,796.7320,0,,,,,
2843.019775,0.036389,3.3385,790.3981,0,,,,,
2844.019775,0.036660,3.3634,796.2760,0,,,,,
2845.019531,0.036443,3.3435,791.5712,0,,,,,
2846.020508,0.036611,3.3589,795.2202,0,,,,,
2847.020264,0.036466,3.3456,792.0788,0,,,,,
2848.020264,0.036469,3.3459,792.1399,0,,,,,
2849.020264,0.036518,3.3504,793.2030,0,,,,,
2850.019775,0.036459,3.3449,791.9156,0,,,,,
2851.019775,0.036536,3.3520,793.5916,0,,,,,
2852.019531,0.036325,3.3326,788.9971,0,,,,,
2853.020752,0.036571,3.3552,794.3541,0,,,,,
2854.020264,0.036246,3.3254,787.2952,0,,,,,
2855.020264,0.036486,3.3474,792.5072,0,,,,,
2856.020020,0.036205,3.3216,786.3987,0,,,,,
2857.020020,0.036568,3.3549,794.2758,0,,,,,
2858.019775,0.036182,3.3195,785.8981,0,,,,,
2859.019531,0.036556,3.3539,794.0278,0,,,,,
2860.020508,0.036121,3.3139,784.5663,0,,,,,
2861.020508,0.036497,3.3484,792.7324,0,,,,,
2862.020020,0.036035,3.3060,782.7073,0,,,,,
2863.020020,0.036465,3.3455,792.0560,0,,,,,
2864.020020,0.031360,2.8771,681.1621,0,,,,,
2865.019531,0.000079,0.0073,1.7225,0,,,,,
2866.019531,0.000041,0.0038,0.8913,0,,,,,
2867.020508,0.000041,0.0038,0.9001,0,,,,,
2868.020508,0.000041,0.0038,0.8901,0,,,,,
2869.020264,0.000041,0.0038,0.8884,0,,,,,
2870.020020,0.000043,0.0039,0.9235,0,,,,,
2871.019775,0.000041,0.0037,0.8841,0,,,,,
2872.019775,0.000042,0.0038,0.9042,0,,,,,
2873.019531,0.000041,0.0037,0.8868,1,2864.020020,787.9939,-1,3,1
2874.019775,0.000042,0.0038,0.9034,0,,,,,
2875.019775,0.000041,0.0038,0.8933,0,,,,,
2876.019531,0.000042,0.0039,0.9154,0,,,,,
2877.020752,0.000042,0.0038,0.9037,0,,,,,
2878.020264,0.000041,0.0038,0.9003,0,,,,,
2879.020264,0.000041,0.0038,0.8966,0,,,,,
2880.020020,0.000042,0.0038,0.9104,0,,,,,
2881.020020,0.000042,0.0038,0.9046,0,,,,,
2882.019775,0.000043,0.0039,0.9254,0,,,,,
2883.019531,0.000042,0.0038,0.9093,0,,,,,
2884.020508,0.000042,0.0039,0.9128,0,,,,,
2885.020508,0.000042,0.0038,0.9019,0,,,,,
2886.020020,0.000042,0.0038,0.9089,0,,,,,
2887.020020,0.000042,0.0038,0.9040,0,,,,,
2888.020020,0.000041,0.0038,0.8967,0,,,,,
2889.019531,0.000041,0.0038,0.8917,0,,,,,
2890.019531,0.000042,0.0038,0.9107,0,,,,,
2891.020508,0.000042,0.0038,0.9031,0,,,,,
2892.020508,0.000041,0.0038,0.8905,0,,,,,
2893.020264,0.000042,0.0038,0.9023,0,,,,,
2894.020020,0.000042,0.0038,0.9096,0,,,,,
2895.019775,0.000042,0.0038,0.9069,0,,,,,
2896.019775,0.000042,0.0039,0.9169,0,,,,,
2897.019531,0.000041,0.0038,0.8966,0,,,,,
2898.020508,0.000042,0.0038,0.9018,0,,,,,
2899.020264,0.000041,0.0038,0.8964,0,,,,,
2900.020264,0.000042,0.0038,0.9060,0,,,,,
2901.020264,0.000042,0.0039,0.9185,0,,,,,
2902.019775,0.000041,0.0038,0.8912,0,,,,,
2903.019775,0.000041,0.0038,0.8933,0,,,,,
2904.019531,0.000042,0.0039,0.9137,0,,,,,
2905.020752,0.000043,0.0039,0.9237,0,,,,,
2906.020264,0.000041,0.0038,0.8993,0,,,,,
2907.020264,0.000043,0.0039,0.9235,0,,,,,
2908.020020,0.000041,0.0038,0.8987,0,,,,,
2909.020020,0.000042,0.0038,0.9114,0,,,,,
2910.019775,0.000041,0.0038,0.9012,0,,,,,
2911.019531,0.000041,0.0038,0.8894,0,,,,,
2912.020508,0.000041,0.0038,0.8963,0,,,,,
2913.020508,0.000042,0.0039,0.9170,0,,,,,
2914.020020,0.000041,0.0038,0.8994,0,,,,,
2915.020020,0.000042,0.0038,0.9098,0,,,,,
2916.020020,0.000042,0.0039,0.9147,0,,,,,
2917.019531,0.000041,0.0038,0.8943,0,,,,,
2918.019531,0.000042,0.0038,0.9024,0,,,,,
2919.020508,0.000042,0.0039,0.9124,0,,,,,
2920.020508,0.000041,0.0038,0.8981,0,,,,,
2921.020264,0.000041,0.0038,0.8916,0,,,,,
2922.020020,0.000041,0.0038,0.9000,0,,,,,
2923.019775,0.000042,0.0038,0.9103,0,,,,,
2924.019775,0.000042,0.0038,0.9064,0,,,,,
2925.019531,0.000042,0.0038,0.9039,0,,,,,
2926.020508,0.000042,0.0039,0.9154,0,,,,,
2927.020264,0.000042,0.0039,0.9178,0,,,,,
2928.020264,0.000042,0.0038,0.9114,0,,,,,
2929.020264,0.000042,0.0038,0.9081,0,,,,,
2930.019775,0.000041,0.0038,0.8939,0,,,,,
2931.019775,0.000042,0.0039,0.9146,0,,,,,
2932.019531,0.000042,0.0038,0.9022,0,,,,,
2933.020752,0.000042,0.0039,0.9159,0,,,,,
2934.020264,0.000041,0.0038,0.8998,0,,,,,
2935.020264,0.000042,0.0039,0.9141,0,,,,,
2936.020020,0.000042,0.0038,0.9052,0,,,,,
2937.020020,0.000041,0.0038,0.8998,0,,,,,
2938.019775,0.000042,0.0039,0.9153,0,,,,,
2939.019531,0.000042,0.0038,0.9106,0,,,,,
2940.020508,0.000042,0.0038,0.9033,0,,,,,
2941.020508,0.000042,0.0039,0.9133,0,,,,,
2942.020264,0.000042,0.0038,0.9042,0,,,,,
2943.020020,0.000043,0.0039,0.9263,0,,,,,
2944.020020,0.000042,0.0038,0.9098,0,,,,,
2945.019531,0.000042,0.0039,0.9143,0,,,,,
2946.019531,0.000042,0.0038,0.9110,0,,,,,
2947.020508,0.000041,0.0038,0.8984,0,,,,,
2948.020508,0.000043,0.0039,0.9298,0,,,,,
2949.020264,0.000042,0.0039,0.9124,0,,,,,
2950.020020,0.000042,0.0039,0.9168,0,,,,,
2951.019775,0.000042,0.0039,0.9216,0,,,,,
2952.019775,0.000042,0.0039,0.9158,0,,,,,
2953.019531,0.000042,0.0039,0.9161,0,,,,,
2954.020508,0.000042,0.0038,0.9043,0,,,,,
2955.020264,0.000042,0.0038,0.9084,0,,,,,
2956.020264,0.000042,0.0039,0.9169,0,,,,,
2957.020264,0.000042,0.0039,0.9125,0,,,,,
2958.019775,0.000042,0.0038,0.9092,0,,,,,
2959.019775,0.000041,0.0038,0.8999,0,,,,,
2960.019531,0.000043,0.0039,0.9279,0,,,,,
2961.020752,0.000042,0.0038,0.9102,0,,,,,
2962.020264,0.000042,0.0039,0.9184,0,,,,,
2963.020264,0.000042,0.0039,0.9224,0,,,,,
2964.020020,0.000042,0.0039,0.9151,0,,,,,
2965.020020,0.000042,0.0038,0.9066,0,,,,,
2966.019775,0.000042,0.0038,0.9062,0,,,,,
2967.019531,0.000042,0.0039,0.9229,0,,,,,
2968.020508,0.000042,0.0039,0.9128,0,,,,,
2969.020508,0.000042,0.0038,0.9069,0,,,,,
2970.020020,0.000042,0.0038,0.9062,0,,,,,
2971.020020,0.000042,0.0039,0.9129,0,,,,,
2972.020020,0.000043,0.0039,0.9256,0,,,,,
2973.019531,0.000042,0.0038,0.9028,0,,,,,
2974.019531,0.000042,0.0039,0.9195,0,,,,,
2975.020508,0.000042,0.0038,0.9046,0,,,,,
2976.020508,0.000042,0.0038,0.9107,0,,,,,
2977.020264,0.000043,0.0039,0.9267,0,,,,,
2978.020020,0.000041,0.0038,0.8994,0,,,,,
2979.019775,0.000042,0.0039,0.9227,0,,,,,
2980.019775,0.000042,0.0038,0.9029,0,,,,,
2981.019531,0.000042,0.0039,0.9154,0,,,,,
2982.020508,0.000042,0.0039,0.9152,0,,,,,
2983.020264,0.000042,0.0038,0.9097,0,,,,,
2984.020264,0.000042,0.0038,0.9067,0,,,,,
2985.020264,0.000042,0.0039,0.9220,0,,,,,
2986.020020,0.000041,0.0038,0.8896,0,,,,,
2987.019775,0.000042,0.0039,0.9185,0,,,,,
2988.019775,0.000043,0.0039,0.9257,0,,,,,
2989.019531,0.000042,0.0038,0.9100,0,,,,,
2990.020508,0.000041,0.0038,0.9010,0,,,,,
2991.020264,0.000042,0.0038,0.9063,0,,,,,
2992.020264,0.000042,0.0039,0.9208,0,,,,,
2993.020264,0.000041,0.0038,0.8992,0,,,,,
2994.019775,0.000042,0.0039,0.9165,0,,,,,
2995.019775,0.000042,0.0038,0.9034,0,,,,,
2996.019531,0.000042,0.0039,0.9190,0,,,,,
2997.020752,0.000043,0.0039,0.9251,0,,,,,
2998.020264,0.000042,0.0038,0.9075,0,,,,,
2999.020264,0.000042,0.0039,0.9222,0,,,,,
3000.020020,0.000041,0.0038,0.8986,0,,,,,
3001.020020,0.000042,0.0039,0.9228,0,,,,,
3002.019775,0.000041,0.0038,0.8964,0,,,,,
3003.019531,0.000041,0.0038,0.8939,0,,,,,
3004.020508,0.000042,0.0038,0.9076,0,,,,,
3005.020508,0.000042,0.0039,0.9211,0,,,,,
3006.020264,0.000042,0.0039,0.9202,0,,,,,
3007.020020,0.000042,0.0039,0.9191,0,,,,,
3008.020020,0.000041,0.0038,0.8993,0,,,,,
3009.019531,0.000042,0.0039,0.9226,0,,,,,
3010.019531,0.000042,0.0038,0.9025,0,,,,,
3011.020508,0.000041,0.0038,0.8953,0,,,,,
3012.020508,0.000042,0.0038,0.9091,0,,,,,
3013.020264,0.000043,0.0039,0.9239,0,,,,,
3014.020020,0.000042,0.0039,0.9137,0,,,,,
3015.019775,0.000041,0.0038,0.8952,0,,,,,
3016.019775,0.000042,0.0038,0.9106,0,,,,,
3017.020264,0.000042,0.0039,0.9155,0,,,,,
3018.020020,0.000041,0.0038,0.8977,0,,,,,
3019.019775,0.000042,0.0039,0.9203,0,,,,,
3020.019775,0.000042,0.0038,0.9053,0,,,,,
3021.019531,0.000042,0.0038,0.9081,0,,,,,
3022.020508,0.000043,0.0039,0.9309,0,,,,,
3023.020264,0.000042,0.0038,0.9035,0,,,,,
3024.020264,0.000043,0.0039,0.9257,0,,,,,
3025.020264,0.000042,0.0038,0.9046,0,,,,,
3026.019775,0.000042,0.0038,0.9026,0,,,,,
3027.019775,0.000041,0.0038,0.8999,0,,,,,
3028.019531,0.000041,0.0038,0.8982,0,,,,,
3029.020752,0.000042,0.0039,0.9120,0,,,,,
3030.020264,0.000041,0.0038,0.8938,0,,,,,
3031.020264,0.000041,0.0038,0.9001,0,,,,,
3032.020020,0.000042,0.0039,0.9142,0,,,,,
3033.020020,0.000042,0.0038,0.9050,0,,,,,
3034.019775,0.000042,0.0038,0.9114,0,,,,,
3035.019531,0.000042,0.0039,0.9119,0,,,,,
3036.020508,0.000041,0.0038,0.8949,0,,,,,
3037.020508,0.000041,0.0038,0.8997,0,,,,,
3038.020264,0.000042,0.0038,0.9051,0,,,,,
3039.020020,0.000042,0.0038,0.9110,0,,,,,
3040.020020,0.000042,0.0038,0.9103,0,,,,,
3041.019531,0.000041,0.0038,0.8978,0,,,,,
3042.019531,0.000042,0.0039,0.9131,0,,,,,
3043.020508,0.000042,0.0038,0.9107,0,,,,,
3044.020508,0.000042,0.0039,0.9135,0,,,,,
3045.020264,0.000042,0.0038,0.9075,0,,,,,
3046.020020,0.000042,0.0039,0.9120,0,,,,,
3047.019775,0.000042,0.0038,0.9055,0,,,,,
3048.019775,0.000041,0.0038,0.8977,0,,,,,
3049.019531,0.000042,0.0039,0.9122,0,,,,,
3050.020508,0.000041,0.0038,0.9005,0,,,,,
3051.020264,0.000042,0.0039,0.9161,0,,,,,
3052.020264,0.000041,0.0038,0.8960,0,,,,,
3053.020264,0.000042,0.0039,0.9165,0,,,,,
3054.019775,0.000043,0.0039,0.9295,0,,,,,
3055.019775,0.000042,0.0039,0.9130,0,,,,,
3056.019531,0.000042,0.0039,0.9197,0,,,,,
3057.020752,0.000042,0.0038,0.9111,0,,,,,
3058.020264,0.000042,0.0039,0.9186,0,,,,,
3059.020264,0.000042,0.0039,0.9145,0,,,,,
3060.020020,0.000041,0.0038,0.8967,0,,,,,
3061.020020,0.000042,0.0039,0.9215,0,,,,,
3062.019775,0.000042,0.0039,0.9203,0,,,,,
3063.019531,0.000042,0.0038,0.9019,0,,,,,
3064.020508,0.000042,0.0039,0.9176,0,,,,,
3065.020508,0.000042,0.0039,0.9206,0,,,,,
3066.020264,0.000042,0.0039,0.9214,0,,,,,
3067.020020,0.000042,0.0038,0.9105,0,,,,,
3068.020020,0.000042,0.0039,0.9161,0,,,,,
3069.019531,0.000042,0.0038,0.9089,0,,,,,
3070.019531,0.000042,0.0038,0.9105,0,,,,,
3071.020508,0.000042,0.0039,0.9173,0,,,,,
3072.020508,0.000042,0.0039,0.9119,0,,,,,
3073.020264,0.000042,0.0038,0.9068,0,,,,,
3074.020020,0.000042,0.0039,0.9231,0,,,,,
3075.019775,0.000042,0.0038,0.9111,0,,,,,
3076.019775,0.000041,0.0038,0.8973,0,,,,,
3077.019531,0.000042,0.0038,0.9052,0,,,,,
3078.020508,0.000042,0.0038,0.9086,0,,,,,
3079.020264,0.000043,0.0039,0.9258,0,,,,,
3080.020264,0.000042,0.0038,0.9110,0,,,,,
3081.020264,0.000041,0.0038,0.8908,0,,,,,
3082.019775,0.000042,0.0039,0.9136,0,,,,,
3083.019775,0.000042,0.0038,0.9081,0,,,,,
3084.019531,0.000042,0.0039,0.9208,0,,,,,
3085.020752,0.000043,0.0040,0.9359,0,,,,,
3086.020264,0.000042,0.0038,0.9091,0,,,,,
3087.020264,0.000042,0.0039,0.9154,0,,,,,
3088.020020,0.000042,0.0039,0.9122,0,,,,,
3089.020020,0.000042,0.0038,0.9059,0,,,,,
3090.019775,0.000043,0.0039,0.9303,0,,,,,
3091.019531,0.000041,0.0038,0.8964,0,,,,,
3092.020508,0.000042,0.0039,0.9156,0,,,,,
3093.020508,0.000042,0.0039,0.9206,0,,,,,
3094.020020,0.000041,0.0038,0.8964,0,,,,,
3095.020020,0.000042,0.0038,0.9068,0,,,,,
3096.020020,0.000042,0.0039,0.9145,0,,,,,
3097.019531,0.000042,0.0038,0.9107,0,,,,,
3098.019531,0.000043,0.0039,0.9239,0,,,,,
3099.020508,0.000041,0.0038,0.8988,0,,,,,
3100.020508,0.000042,0.0038,0.9091,0,,,,,
3101.020264,0.000042,0.0039,0.9187,0,,,,,
3102.020020,0.000042,0.0039,0.9188,0,,,,,
3103.019775,0.000042,0.0038,0.9068,0,,,,,
3104.019775,0.000042,0.0039,0.9125,0,,,,,
3105.019531,0.000042,0.0038,0.9041,0,,,,,
3106.020508,0.000042,0.0039,0.9174,0,,,,,
3107.020264,0.000042,0.0038,0.9093,0,,,,,
3108.020264,0.000042,0.0038,0.9102,0,,,,,
3109.020264,0.000042,0.0039,0.9183,0,,,,,
3110.019775,0.000042,0.0038,0.9090,0,,,,,
3111.019775,0.000042,0.0038,0.9111,0,,,,,
3112.019531,0.000042,0.0038,0.9098,0,,,,,
3113.020752,0.000042,0.0039,0.9225,0,,,,,
3114.020264,0.000042,0.0038,0.9066,0,,,,,
3115.020264,0.000042,0.0038,0.9016,0,,,,,
3116.020020,0.000042,0.0039,0.9196,0,,,,,
3117.020020,0.000042,0.0038,0.9032,0,,,,,
3118.019531,0.000042,0.0039,0.9141,0,,,,,
3119.019531,0.000042,0.0038,0.9061,0,,,,,
3120.020508,0.000042,0.0038,0.9072,0,,,,,
3121.020508,0.000042,0.0039,0.9222,0,,,,,
3122.020020,0.000042,0.0038,0.9083,0,,,,,
3123.020020,0.000042,0.0038,0.9058,0,,,,,
3124.020020,0.000042,0.0038,0.9051,0,,,,,
3125.019531,0.000042,0.0038,0.9094,0,,,,,
3126.019531,0.000042,0.0038,0.9063,0,,,,,
3127.020508,0.000041,0.0038,0.8928,0,,,,,
3128.020508,0.000041,0.0038,0.8881,0,,,,,
3129.020264,0.000043,0.0039,0.9232,0,,,,,
3130.020020,0.000041,0.0038,0.8939,0,,,,,
3131.019775,0.000042,0.0038,0.9105,0,,,,,
3132.019775,0.000042,0.0038,0.9058,0,,,,,
3133.019531,0.000042,0.0039,0.9160,0,,,,,
3134.020508,0.000042,0.0038,0.9015,0,,,,,
3135.020264,0.000041,0.0037,0.8860,0,,,,,
3136.020264,0.007381,0.6772,160.3165,0,,,,,
3137.020264,0.009434,0.8655,204.9185,0,,,,,
3138.019775,0.008016,0.7354,174.1119,0,,,,,
3139.019775,0.008032,0.7369,174.4610,0,,,,,
3140.019531,0.008376,0.7685,181.9435,0,,,,,
3141.020752,0.009228,0.8467,200.4467,0,,,,,
3142.020264,0.009520,0.8735,206.7909,0,,,,,
3143.020264,0.007143,0.6553,155.1502,0,,,,,
3144.020020,0.005873,0.5388,127.5628,1,3136.020264,183.5959,1,-1,1
3145.020508,0.007096,0.6511,154.1374,0,,,,,
3146.020020,0.009836,0.9024,213.6360,0,,,,,
3147.020020,0.009052,0.8305,196.6161,0,,,,,
3148.020020,0.007722,0.7085,167.7320,0,,,,,
3149.019531,0.007585,0.6959,164.7464,0,,,,,
3150.019531,0.024383,2.2370,529.6113,1,3143.020264,31.2816,-1,1,1
3151.019775,0.036307,3.3310,788.6133,0,,,,,
3152.019775,0.036654,3.3628,796.1489,0,,,,,
3153.019531,0.036402,3.3397,790.6736,0,,,,,
3154.020508,0.030093,2.7609,653.6335,0,,,,,
3155.020264,0.035997,3.3026,781.8860,0,,,,,
3156.020264,0.036302,3.3305,788.5004,0,,,,,
3157.020264,0.036619,3.3596,795.3931,0,,,,,
3158.019775,0.036461,3.3451,791.9616,0,,,,,
3159.019775,0.036377,3.3375,790.1422,0,,,,,
3160.019531,0.036391,3.3387,790.4349,0,,,,,
3161.020752,0.034682,3.1819,753.3121,0,,,,,
3162.020264,0.036563,3.3545,794.1738,0,,,,,
3163.020264,0.036504,3.3491,792.8940,1,3147.020020,626.8397,1,-1,3
3164.020508,0.036591,3.3571,794.7829,0,,,,,
3165.020508,0.036258,3.3266,787.5610,0,,,,,
3166.020020,0.036455,3.3446,791.8307,0,,,,,
3167.020020,0.036445,3.3436,791.6080,0,,,,,
3168.020020,0.036147,3.3163,785.1388,0,,,,,
3169.019531,0.036558,3.3541,794.0727,0,,,,,
3170.019531,0.036198,3.3210,786.2549,0,,,,,
3171.020508,0.036369,3.3367,789.9575,0,,,,,
3172.020508,0.036425,3.3419,791.1836,0,,,,,
3173.020264,0.036086,3.3107,783.8091,0,,,,,
3174.020020,0.036518,3.3504,793.2014,0,,,,,
3175.019775,0.036177,3.3190,785.7806,0,,,,,
3176.019775,0.036219,3.3229,786.6946,0,,,,,
3177.019531,0.035062,3.2168,761.5742,0,,,,,
3178.020508,0.004386,0.4024,95.2759,0,,,,,
3179.020264,0.000045,0.0041,0.9680,0,,,,,
3180.020264,0.000041,0.0038,0.8920,0,,,,,
3181.020264,0.000041,0.0037,0.8838,0,,,,,
3182.019775,0.000042,0.0038,0.9027,0,,,,,
3183.019775,0.000041,0.0038,0.8928,0,,,,,
3184.019531,0.000041,0.0038,0.8946,0,,,,,
3185.020752,0.000042,0.0039,0.9121,0,,,,,
3186.020264,0.000041,0.0038,0.8914,1,3178.020508,777.1016,-1,3,1
3187.020508,0.000042,0.0038,0.9045,0,,,,,
3188.020508,0.000042,0.0038,0.9034,0,,,,,
3189.020508,0.000042,0.0038,0.9084,0,,,,,
3190.020264,0.000042,0.0039,0.9183,0,,,,,
3191.020020,0.000041,0.0038,0.8975,0,,,,,
3192.020020,0.000042,0.0038,0.9110,0,,,,,
3193.019531,0.000042,0.0038,0.9089,0,,,,,
3194.019531,0.000042,0.0038,0.9114,0,,,,,
3195.020508,0.000042,0.0038,0.9042,0,,,,,
3196.020508,0.000042,0.0038,0.9018,0,,,,,
3197.020264,0.000042,0.0038,0.9105,0,,,,,
3198.020020,0.000042,0.0039,0.9120,0,,,,,
3199.019775,0.000042,0.0038,0.9024,0,,,,,
3200.019775,0.000041,0.0038,0.8972,0,,,,,
3201.019531,0.000042,0.0038,0.9043,0,,,,,
3202.020508,0.000042,0.0039,0.9139,0,,,,,
3203.020264,0.000041,0.0038,0.8914,0,,,,,
3204.020264,0.000042,0.0039,0.9121,0,,,,,
3205.020264,0.000041,0.0038,0.8931,0,,,,,
3206.019775,0.000041,0.0038,0.8977,0,,,,,
3207.019775,0.000042,0.0039,0.9151,0,,,,,
3208.019531,0.000042,0.0038,0.9041,0,,,,,
3209.020752,0.000042,0.0039,0.9133,0,,,,,
3210.020264,0.000042,0.0038,0.9028,0,,,,,
3211.020264,0.000042,0.0038,0.9064,0,,,,,
3212.020020,0.000042,0.0039,0.9227,0,,,,,
3213.020020,0.000042,0.0038,0.9107,0,,,,,
3214.019775,0.000041,0.0038,0.8973,0,,,,,
3215.019531,0.000041,0.0038,0.8993,0,,,,,
3216.020508,0.000041,0.0038,0.8992,0,,,,,
3217.020508,0.000041,0.0038,0.8971,0,,,,,
3218.020020,0.000041,0.0038,0.8955,0,,,,,
3219.020020,0.000042,0.0039,0.9158,0,,,,,
3220.020020,0.000041,0.0038,0.8993,0,,,,,
3221.019531,0.000042,0.0038,0.9044,0,,,,,
3222.019531,0.000042,0.0039,0.9136,0,,,,,
3223.020508,0.000041,0.0038,0.8890,0,,,,,
3224.020508,0.000042,0.0038,0.9016,0,,,,,
3225.020264,0.000042,0.0039,0.9150,0,,,,,
3226.020020,0.000042,0.0039,0.9213,0,,,,,
3227.019775,0.000041,0.0038,0.9005,0,,,,,
3229.019531,0.000042,0.0038,0.9096,0,,,,,
3230.020508,0.000041,0.0038,0.9008,0,,,,,
3231.020264,0.000043,0.0039,0.9288,0,,,,,
3232.020264,0.000042,0.0038,0.9046,0,,,,,
3233.020264,0.000042,0.0038,0.9063,0,,,,,
3234.019775,0.000042,0.0038,0.9048,0,,,,,
3235.019775,0.000042,0.0038,0.9056,0,,,,,
3236.019531,0.000042,0.0038,0.9062,0,,,,,
3237.020752,0.000043,0.0039,0.9248,0,,,,,
3238.020264,0.000042,0.0038,0.9073,0,,,,,
3239.020264,0.000042,0.0038,0.9026,0,,,,,
3240.020020,0.000042,0.0039,0.9168,0,,,,,
3241.020020,0.000042,0.0038,0.9054,0,,,,,
3242.019775,0.000042,0.0039,0.9188,0,,,,,
3243.019531,0.000041,0.0038,0.8996,0,,,,,
3244.020508,0.000042,0.0039,0.9190,0,,,,,
3245.020508,0.000042,0.0039,0.9141,0,,,,,
3246.020020,0.000041,0.0038,0.8997,0,,,,,
3247.020020,0.000042,0.0038,0.9022,0,,,,,
3248.020020,0.000042,0.0039,0.9172,0,,,,,
3249.019531,0.000041,0.0038,0.8910,0,,,,,
3250.019531,0.000041,0.0038,0.9005,0,,,,,
3251.020508,0.000042,0.0039,0.9173,0,,,,,
3252.020508,0.000041,0.0038,0.8964,0,,,,,
3253.020264,0.000042,0.0039,0.9154,0,,,,,
3254.020020,0.000042,0.0038,0.9044,0,,,,,
3255.019775,0.000041,0.0038,0.8955,0,,,,,
3256.019775,0.000042,0.0039,0.9189,0,,,,,
