t_s,vrms,irms,power,event,event_t_s,delta_va,direction
3.020413,0.000008,0.0008,0.1789,0,,,
4.020163,0.000009,0.0009,0.2056,0,,,
5.019912,0.000010,0.0009,0.2080,0,,,
6.019674,0.000009,0.0009,0.2046,0,,,
7.020586,0.000009,0.0009,0.2059,0,,,
8.020335,0.000010,0.0009,0.2156,0,,,
9.020083,0.000009,0.0009,0.2024,0,,,
10.019837,0.000009,0.0009,0.2032,0,,,
11.019607,0.000010,0.0009,0.2088,0,,,
12.020542,0.000009,0.0008,0.1876,0,,,
13.020282,0.000009,0.0008,0.2001,0,,,
14.020053,0.000009,0.0008,0.1986,0,,,
15.019815,0.000010,0.0009,0.2074,0,,,
16.019564,0.000009,0.0009,0.2050,0,,,
17.020489,0.000009,0.0008,0.2007,0,,,
18.020248,0.000009,0.0008,0.1986,0,,,
19.020021,0.000009,0.0008,0.1976,0,,,
20.019779,0.000010,0.0009,0.2176,0,,,
21.019531,0.000009,0.0009,0.2027,0,,,
22.020432,0.000010,0.0009,0.2099,0,,,
23.020184,0.000009,0.0009,0.2049,0,,,
24.019943,0.000010,0.0009,0.2160,0,,,
25.019718,0.000010,0.0009,0.2093,0,,,
26.019487,0.000010,0.0009,0.2153,0,,,
27.020399,0.000009,0.0008,0.1983,0,,,
28.020163,0.000009,0.0008,0.1987,0,,,
29.019913,0.000010,0.0009,0.2081,0,,,
30.019674,0.000010,0.0009,0.2089,0,,,
31.020586,0.000009,0.0008,0.2006,0,,,
32.020336,0.000010,0.0009,0.2075,0,,,
33.020103,0.000010,0.0009,0.2095,0,,,
34.019855,0.000009,0.0009,0.2019,0,,,
35.019630,0.000009,0.0009,0.2057,0,,,
36.020554,0.000009,0.0009,0.2063,0,,,
37.020313,0.000009,0.0009,0.2027,0,,,
38.020065,0.000010,0.0009,0.2065,0,,,
39.019798,0.000010,0.0009,0.2122,0,,,
40.019554,0.000009,0.0008,0.1994,0,,,
41.020477,0.000009,0.0008,0.2009,0,,,
42.020229,0.000009,0.0008,0.1944,0,,,
43.019978,0.000009,0.0008,0.1957,0,,,
44.019749,0.000009,0.0009,0.2032,0,,,
45.019497,0.000010,0.0009,0.2164,0,,,
46.020412,0.000009,0.0009,0.2031,0,,,
47.020161,0.000010,0.0009,0.2112,0,,,
48.019913,0.000010,0.0009,0.2097,0,,,
49.019672,0.000009,0.0009,0.2051,0,,,
50.020584,0.000010,0.0009,0.2109,0,,,
51.020336,0.000009,0.0008,0.1964,0,,,
52.020084,0.000009,0.0009,0.2031,0,,,
53.019836,0.000009,0.0009,0.2017,0,,,
54.019592,0.000010,0.0009,0.2105,0,,,
55.020512,0.000009,0.0008,0.1982,0,,,
56.020248,0.000009,0.0008,0.1895,0,,,
57.020020,0.000009,0.0008,0.1952,0,,,
58.019779,0.000009,0.0008,0.1982,0,,,
59.019531,0.000009,0.0008,0.1961,0,,,
60.020454,0.000009,0.0008,0.1856,0,,,
61.020206,0.000010,0.0009,0.2069,0,,,
62.019962,0.000009,0.0008,0.1952,0,,,
63.019741,0.000009,0.0008,0.1965,0,,,
64.019485,0.000009,0.0008,0.1979,0,,,
65.020416,0.000009,0.0009,0.2029,0,,,
66.020164,0.000009,0.0008,0.1932,0,,,
67.019913,0.000009,0.0009,0.2021,0,,,
68.019669,0.000009,0.0008,0.1971,0,,,
69.020592,0.000009,0.0008,0.1971,0,,,
70.020348,0.000009,0.0009,0.2031,0,,,
71.020119,0.000009,0.0008,0.1990,0,,,
72.019882,0.000009,0.0008,0.1937,0,,,
73.019630,0.000010,0.0009,0.2128,0,,,
74.020546,0.000009,0.0008,0.1993,0,,,
75.020279,0.000009,0.0008,0.1989,0,,,
76.020050,0.000008,0.0008,0.1829,0,,,
77.019814,0.000009,0.0008,0.1862,0,,,
78.019577,0.000009,0.0008,0.1979,0,,,
79.020515,0.000009,0.0008,0.1960,0,,,
80.020248,0.000009,0.0009,0.2026,0,,,
81.019997,0.000009,0.0008,0.1897,0,,,
82.019753,0.000009,0.0008,0.1903,0,,,
83.019508,0.020221,1.8552,439.2167,0,,,
84.020424,0.036529,3.3514,793.4341,0,,,
85.020210,0.036867,3.3824,800.7808,1,83.019508,677.6163,1
86.019562,0.036818,3.3779,799.7233,0,,,
87.020485,0.036478,3.3467,792.3359,0,,,
88.020248,0.036685,3.3656,796.8149,1,86.019562,118.4808,1
89.019585,0.036562,3.3544,794.1591,0,,,
90.020493,0.036797,3.3760,799.2686,0,,,
91.020271,0.036448,3.3439,791.6733,0,,,
92.020042,0.036706,3.3676,797.2776,0,,,
93.019821,0.036734,3.3701,797.8829,0,,,
94.019592,0.036461,3.3452,791.9698,0,,,
95.020546,0.036676,3.3648,796.6222,0,,,
96.020302,0.036480,3.3469,792.3680,0,,,
97.020081,0.036585,3.3565,794.6487,0,,,
98.019859,0.024724,2.2683,537.0204,0,,,
99.019615,0.000012,0.0011,0.2645,0,,,
100.020538,0.000010,0.0009,0.2087,1,98.019859,615.3817,-1
101.019875,0.000009,0.0008,0.1968,0,,,
102.019615,0.000010,0.0009,0.2176,0,,,
103.020554,0.000009,0.0008,0.1985,1,101.019875,178.9603,-1
104.019882,0.000009,0.0008,0.1892,0,,,
105.019630,0.000009,0.0008,0.1997,0,,,
106.020546,0.000009,0.0008,0.1961,0,,,
107.020271,0.000009,0.0008,0.1992,0,,,
108.020035,0.000009,0.0009,0.2031,0,,,
109.019775,0.000009,0.0009,0.2056,0,,,
110.019539,0.000009,0.0009,0.2017,0,,,
111.020432,0.000009,0.0008,0.2011,0,,,
112.020187,0.000009,0.0009,0.2022,0,,,
113.019943,0.000010,0.0009,0.2144,0,,,
114.019699,0.000009,0.0009,0.2050,0,,,
115.019455,0.000009,0.0008,0.2010,0,,,
116.020370,0.000009,0.0008,0.1952,0,,,
117.020126,0.000010,0.0009,0.2089,0,,,
118.019882,0.000009,0.0008,0.1953,0,,,
119.019638,0.000009,0.0008,0.1945,0,,,
120.020554,0.000009,0.0008,0.1965,0,,,
121.020309,0.000009,0.0009,0.2040,0,,,
122.020065,0.000009,0.0008,0.1973,0,,,
123.019821,0.000009,0.0008,0.1984,0,,,
124.019577,0.000009,0.0008,0.1925,0,,,
125.020515,0.000009,0.0008,0.1953,0,,,
126.020271,0.000009,0.0008,0.1884,0,,,
127.020042,0.000009,0.0008,0.1947,0,,,
128.019806,0.000009,0.0008,0.1972,0,,,
129.019577,0.000010,0.0009,0.2138,0,,,
130.020508,0.000009,0.0008,0.1936,0,,,
131.020279,0.000010,0.0009,0.2075,0,,,
132.020035,0.000009,0.0009,0.2054,0,,,
133.019775,0.000009,0.0009,0.2041,0,,,
134.019531,0.000009,0.0009,0.2021,0,,,
135.020447,0.000010,0.0009,0.2070,0,,,
136.020203,0.000009,0.0008,0.1954,0,,,
137.019974,0.000010,0.0009,0.2067,0,,,
138.019730,0.000009,0.0009,0.2028,0,,,
139.019485,0.000009,0.0008,0.1986,0,,,
140.020386,0.000009,0.0009,0.2035,0,,,
141.020142,0.000009,0.0008,0.2003,0,,,
142.019897,0.000009,0.0008,0.1941,0,,,
143.019669,0.000009,0.0008,0.2000,0,,,
144.020599,0.000009,0.0008,0.2007,0,,,
145.020340,0.000009,0.0008,0.1975,0,,,
146.020096,0.000009,0.0009,0.2035,0,,,
147.019852,0.000009,0.0008,0.2007,0,,,
148.019608,0.000009,0.0008,0.1999,0,,,
149.020538,0.000009,0.0009,0.2019,0,,,
150.020294,0.000009,0.0008,0.1978,0,,,
151.020050,0.000009,0.0008,0.1935,0,,,
152.019806,0.000009,0.0009,0.2030,0,,,
153.019562,0.000009,0.0008,0.1980,0,,,
154.020477,0.000009,0.0008,0.1958,0,,,
155.020218,0.000010,0.0009,0.2085,0,,,
156.019989,0.000009,0.0008,0.1948,0,,,
157.019745,0.000009,0.0009,0.2058,0,,,
158.019516,0.000009,0.0008,0.2007,0,,,
159.020416,0.000009,0.0009,0.2049,0,,,
160.020187,0.000009,0.0009,0.2017,0,,,
161.019943,0.000009,0.0008,0.2006,0,,,
162.019699,0.000009,0.0009,0.2054,0,,,
163.019440,0.000009,0.0009,0.2044,0,,,
164.020355,0.000009,0.0008,0.1920,0,,,
165.020126,0.000009,0.0009,0.2051,0,,,
166.019867,0.000009,0.0009,0.2023,0,,,
167.019653,0.000009,0.0008,0.1916,0,,,
168.020554,0.000009,0.0008,0.1970,0,,,
169.020325,0.000009,0.0009,0.2038,0,,,
170.020081,0.000010,0.0009,0.2088,0,,,
171.019852,0.000009,0.0009,0.2014,0,,,
172.019623,0.000009,0.0009,0.2034,0,,,
173.020538,0.000009,0.0009,0.2026,0,,,
174.020325,0.000010,0.0009,0.2163,0,,,
175.020065,0.000009,0.0008,0.1992,0,,,
176.019821,0.000010,0.0009,0.2086,0,,,
177.019608,0.000009,0.0008,0.1912,0,,,
178.020508,0.000010,0.0009,0.2092,0,,,
179.020279,0.000009,0.0008,0.1954,0,,,
180.020050,0.000009,0.0008,0.1958,0,,,
181.019806,0.000009,0.0008,0.1920,0,,,
182.019562,0.000009,0.0008,0.1968,0,,,
183.020477,0.000009,0.0008,0.1967,0,,,
184.020233,0.000009,0.0009,0.2015,0,,,
185.019989,0.000009,0.0008,0.1996,0,,,
186.019745,0.000009,0.0009,0.2021,0,,,
187.019485,0.000009,0.0009,0.2019,0,,,
188.020401,0.000009,0.0008,0.1946,0,,,
189.020142,0.000009,0.0008,0.1954,0,,,
190.019897,0.000009,0.0008,0.1935,0,,,
191.019669,0.000009,0.0008,0.1992,0,,,
192.020599,0.000009,0.0009,0.2026,0,,,
193.020355,0.000009,0.0008,0.1898,0,,,
194.020096,0.000009,0.0008,0.2009,0,,,
195.019852,0.000009,0.0008,0.1978,0,,,
196.019638,0.000009,0.0008,0.1957,0,,,
197.020554,0.000009,0.0008,0.1957,0,,,
198.020325,0.000009,0.0008,0.1952,0,,,
199.020065,0.000009,0.0008,0.1874,0,,,
200.019836,0.000009,0.0008,0.1948,0,,,
201.019608,0.000009,0.0009,0.2053,0,,,
202.020523,0.000009,0.0008,0.2000,0,,,
203.020294,0.000010,0.0009,0.2083,0,,,
204.020050,0.000009,0.0008,0.1903,0,,,
205.019806,0.000009,0.0008,0.1912,0,,,
206.019577,0.000009,0.0008,0.1982,0,,,
207.020477,0.000009,0.0008,0.1909,0,,,
208.020233,0.000009,0.0008,0.1919,0,,,
209.020004,0.000009,0.0008,0.1993,0,,,
210.019745,0.000009,0.0008,0.1996,0,,,
211.019501,0.000009,0.0008,0.1983,0,,,
212.020416,0.000009,0.0008,0.1975,0,,,
213.020187,0.000009,0.0008,0.1941,0,,,
214.019958,0.000009,0.0008,0.1937,0,,,
215.019745,0.000009,0.0009,0.2026,0,,,
216.019501,0.000010,0.0009,0.2096,0,,,
217.020416,0.000010,0.0009,0.2119,0,,,
218.020142,0.000009,0.0008,0.1969,0,,,
219.019913,0.000010,0.0009,0.2067,0,,,
220.019684,0.000009,0.0009,0.2033,0,,,
221.020599,0.000010,0.0009,0.2089,0,,,
222.020340,0.000009,0.0008,0.1997,0,,,
223.020081,0.000009,0.0008,0.1960,0,,,
224.019836,0.000009,0.0008,0.1934,0,,,
225.019577,0.000009,0.0009,0.2044,0,,,
226.020493,0.000009,0.0008,0.2005,0,,,
227.020233,0.000009,0.0008,0.1870,0,,,
228.020004,0.000009,0.0008,0.1979,0,,,
229.019745,0.000009,0.0008,0.1965,0,,,
230.019501,0.000009,0.0008,0.1966,0,,,
231.020416,0.000009,0.0008,0.1975,0,,,
232.020187,0.000009,0.0009,0.2014,0,,,
233.019958,0.000009,0.0008,0.1974,0,,,
234.019714,0.000009,0.0008,0.2004,0,,,
235.019470,0.000010,0.0009,0.2071,0,,,
236.020386,0.000010,0.0009,0.2092,0,,,
237.020142,0.000009,0.0008,0.1983,0,,,
238.019897,0.000009,0.0008,0.2011,0,,,
239.019684,0.000010,0.0009,0.2070,0,,,
240.020599,0.000009,0.0009,0.2026,0,,,
241.020355,0.009678,0.8879,210.2194,0,,,
242.020111,0.036638,3.3614,795.8053,0,,,
243.019867,0.036742,3.3709,798.0580,1,241.020355,601.1573,1
244.020355,0.036680,3.3652,796.7108,0,,,
245.020111,0.036600,3.3579,794.9894,0,,,
246.019867,0.036624,3.3601,795.5007,1,244.020355,194.3727,1
247.020370,0.036636,3.3612,795.7599,0,,,
248.020142,0.036634,3.3610,795.7075,0,,,
249.019897,0.036524,3.3510,793.3379,0,,,
250.019684,0.036693,3.3664,797.0032,0,,,
251.020599,0.036506,3.3493,792.9437,0,,,
252.020355,0.036666,3.3639,796.4133,0,,,
253.020111,0.036463,3.3453,791.9965,0,,,
254.019852,0.036686,3.3658,796.8436,0,,,
255.019623,0.036501,3.3488,792.8221,0,,,
256.020538,0.036621,3.3598,795.4332,0,,,
257.020294,0.036448,3.3439,791.6709,0,,,
258.020050,0.029622,2.7177,643.4054,0,,,
259.019806,0.000010,0.0009,0.2171,0,,,
260.019562,0.000009,0.0008,0.1988,1,258.020050,578.7015,-1
261.020050,0.000009,0.0008,0.1985,0,,,
262.019806,0.000009,0.0008,0.2005,0,,,
263.019592,0.000009,0.0008,0.1977,1,261.020050,214.4082,-1
264.020081,0.000009,0.0008,0.1988,0,,,
265.019836,0.000009,0.0008,0.2002,0,,,
266.019592,0.000010,0.0009,0.2087,0,,,
267.020508,0.000009,0.0008,0.1958,0,,,
268.020264,0.000009,0.0009,0.2062,0,,,
269.019989,0.000009,0.0008,0.1955,0,,,
270.019775,0.000009,0.0008,0.1978,0,,,
271.019562,0.000009,0.0008,0.1899,0,,,
272.020477,0.000009,0.0008,0.1957,0,,,
273.020233,0.000009,0.0009,0.2050,0,,,
274.019958,0.000009,0.0008,0.1900,0,,,
275.019745,0.000009,0.0009,0.2038,0,,,
276.019501,0.000009,0.0008,0.1901,0,,,
277.020416,0.000009,0.0008,0.1967,0,,,
278.020203,0.000009,0.0008,0.1939,0,,,
279.019958,0.000009,0.0008,0.1966,0,,,
280.019714,0.000009,0.0009,0.2047,0,,,
281.019501,0.000009,0.0009,0.2032,0,,,
282.020386,0.000009,0.0008,0.1919,0,,,
283.020172,0.000009,0.0009,0.2062,0,,,
284.019928,0.000010,0.0009,0.2064,0,,,
285.019714,0.000009,0.0008,0.1925,0,,,
286.019470,0.000009,0.0008,0.1998,0,,,
287.020386,0.000009,0.0008,0.1983,0,,,
288.020142,0.000009,0.0008,0.1988,0,,,
289.019867,0.000009,0.0008,0.1997,0,,,
290.019653,0.000009,0.0008,0.1943,0,,,
291.020569,0.000009,0.0008,0.1943,0,,,
292.020325,0.000010,0.0009,0.2160,0,,,
293.020111,0.000009,0.0009,0.2022,0,,,
294.019836,0.000009,0.0008,0.1972,0,,,
295.019592,0.000009,0.0008,0.1980,0,,,
296.020508,0.000009,0.0008,0.1905,0,,,
297.020264,0.000009,0.0009,0.2014,0,,,
298.020020,0.000009,0.0008,0.1945,0,,,
299.019775,0.000009,0.0008,0.1992,0,,,
300.019531,0.000009,0.0008,0.1908,0,,,
301.020447,0.000009,0.0009,0.2017,0,,,
302.020233,0.000009,0.0008,0.1934,0,,,
303.019958,0.000009,0.0008,0.1990,0,,,
304.019745,0.000009,0.0008,0.1974,0,,,
305.019531,0.000009,0.0008,0.1988,0,,,
306.020416,0.000009,0.0009,0.2013,0,,,
307.020172,0.000010,0.0009,0.2106,0,,,
308.019897,0.000009,0.0009,0.2017,0,,,
309.019684,0.000009,0.0008,0.1921,0,,,
310.020599,0.000010,0.0009,0.2100,0,,,
311.020386,0.000009,0.0008,0.1961,0,,,
312.020142,0.000009,0.0009,0.2016,0,,,
313.019897,0.000009,0.0009,0.2026,0,,,
314.019684,0.000009,0.0008,0.1938,0,,,
315.020599,0.000009,0.0008,0.1983,0,,,
316.020355,0.000009,0.0008,0.1933,0,,,
317.020142,0.000009,0.0008,0.1989,0,,,
318.019897,0.000009,0.0009,0.2047,0,,,
319.019653,0.000009,0.0008,0.1938,0,,,
320.020569,0.000009,0.0008,0.1856,0,,,
321.020325,0.000009,0.0008,0.1985,0,,,
322.020111,0.000009,0.0009,0.2030,0,,,
323.019836,0.000009,0.0008,0.1962,0,,,
324.019623,0.000009,0.0008,0.1994,0,,,
325.020538,0.000009,0.0008,0.1943,0,,,
326.020294,0.000010,0.0009,0.2113,0,,,
327.020050,0.000009,0.0008,0.1972,0,,,
328.019806,0.000009,0.0009,0.2060,0,,,
329.019592,0.000009,0.0008,0.1868,0,,,
330.020508,0.000010,0.0009,0.2094,0,,,
331.020264,0.000009,0.0009,0.2032,0,,,
332.019989,0.000009,0.0009,0.2018,0,,,
333.019745,0.000009,0.0009,0.2050,0,,,
334.019531,0.000010,0.0009,0.2111,0,,,
335.020416,0.000009,0.0008,0.1927,0,,,
336.020203,0.000009,0.0009,0.2057,0,,,
337.019928,0.000009,0.0008,0.1979,0,,,
338.019714,0.000009,0.0008,0.1997,0,,,
339.019470,0.000009,0.0008,0.1986,0,,,
340.020386,0.000009,0.0008,0.1950,0,,,
341.020172,0.000009,0.0008,0.1933,0,,,
342.019897,0.000009,0.0009,0.2024,0,,,
343.019653,0.000009,0.0008,0.1896,0,,,
344.020569,0.000009,0.0009,0.2033,0,,,
345.020325,0.000009,0.0008,0.1993,0,,,
346.020111,0.000009,0.0008,0.1999,0,,,
347.019836,0.000009,0.0008,0.1874,0,,,
348.019592,0.000009,0.0008,0.1954,0,,,
349.020538,0.000009,0.0009,0.2037,0,,,
350.020264,0.000010,0.0009,0.2070,0,,,
351.020020,0.000009,0.0008,0.1954,0,,,
352.019806,0.000009,0.0009,0.2025,0,,,
353.019592,0.000009,0.0008,0.1991,0,,,
354.020477,0.000009,0.0008,0.1951,0,,,
355.020233,0.000009,0.0008,0.1988,0,,,
356.019958,0.000009,0.0008,0.1926,0,,,
357.019745,0.000009,0.0008,0.1851,0,,,
358.019531,0.000010,0.0009,0.2125,0,,,
359.020447,0.000009,0.0009,0.2018,0,,,
360.020203,0.000010,0.0009,0.2144,0,,,
361.019958,0.000009,0.0008,0.1877,0,,,
362.019714,0.000009,0.0008,0.1935,0,,,
363.019501,0.000009,0.0008,0.2005,0,,,
364.020416,0.000010,0.0009,0.2086,0,,,
365.020203,0.000009,0.0008,0.1964,0,,,
366.019928,0.000009,0.0008,0.1997,0,,,
367.019714,0.000010,0.0009,0.2064,0,,,
368.019470,0.000009,0.0009,0.2045,0,,,
369.020386,0.000010,0.0009,0.2076,0,,,
370.020172,0.000010,0.0009,0.2077,0,,,
371.019897,0.000009,0.0009,0.2053,0,,,
372.019714,0.000009,0.0009,0.2019,0,,,
373.019470,0.000010,0.0009,0.2113,0,,,
374.020386,0.000009,0.0008,0.2005,0,,,
375.020142,0.000009,0.0008,0.1928,0,,,
376.019897,0.000009,0.0009,0.2024,0,,,
377.019684,0.000009,0.0008,0.1977,0,,,
378.020599,0.000010,0.0009,0.2090,0,,,
379.020386,0.000009,0.0009,0.2028,0,,,
380.020142,0.000009,0.0008,0.1984,0,,,
381.019867,0.000010,0.0009,0.2109,0,,,
382.019653,0.000009,0.0009,0.2034,0,,,
383.020538,0.000009,0.0009,0.2063,0,,,
384.020325,0.000009,0.0008,0.1928,0,,,
385.020111,0.000009,0.0008,0.1972,0,,,
386.019836,0.000009,0.0009,0.2022,0,,,
387.019592,0.000009,0.0008,0.1939,0,,,
388.020508,0.000010,0.0009,0.2074,0,,,
389.020264,0.000009,0.0009,0.2026,0,,,
390.020020,0.000009,0.0009,0.2056,0,,,
391.019775,0.000010,0.0009,0.2118,0,,,
392.019562,0.000009,0.0008,0.1903,0,,,
393.020477,0.000009,0.0009,0.2039,0,,,
394.020233,0.000009,0.0009,0.2016,0,,,
395.019958,0.000009,0.0009,0.2052,0,,,
396.019745,0.000009,0.0008,0.1897,0,,,
397.019501,0.000009,0.0008,0.1931,0,,,
398.020416,0.000009,0.0008,0.1964,0,,,
399.020172,0.000009,0.0008,0.1958,0,,,
400.019897,0.000009,0.0008,0.1948,0,,,
401.019714,0.000009,0.0008,0.2003,0,,,
402.019470,0.000009,0.0009,0.2049,0,,,
403.020355,0.000009,0.0008,0.2006,0,,,
404.020142,0.000009,0.0009,0.2041,0,,,
405.019867,0.000008,0.0008,0.1827,0,,,
406.019653,0.000009,0.0008,0.1988,0,,,
407.020569,0.000009,0.0009,0.2038,0,,,
408.020355,0.000009,0.0009,0.2045,0,,,
409.020111,0.000010,0.0009,0.2077,0,,,
410.019867,0.000009,0.0008,0.1945,0,,,
411.019623,0.000009,0.0008,0.1984,0,,,
412.020538,0.000009,0.0008,0.1975,0,,,
413.020264,0.000009,0.0008,0.1948,0,,,
414.020020,0.000009,0.0008,0.2011,0,,,
415.019806,0.000010,0.0009,0.2077,0,,,
416.019562,0.000009,0.0008,0.1976,0,,,
417.020477,0.000009,0.0008,0.1919,0,,,
418.020233,0.000009,0.0008,0.1972,0,,,
419.019958,0.000009,0.0009,0.2024,0,,,
420.019745,0.000010,0.0009,0.2099,0,,,
421.019501,0.000009,0.0008,0.1974,0,,,
422.020416,0.000009,0.0009,0.2027,0,,,
423.020172,0.000009,0.0008,0.1940,0,,,
424.019897,0.000009,0.0009,0.2032,0,,,
425.019684,0.000009,0.0009,0.2044,0,,,
426.020569,0.000009,0.0008,0.2009,0,,,
427.020325,0.000009,0.0009,0.2054,0,,,
428.020111,0.000010,0.0009,0.2085,0,,,
429.019867,0.000009,0.0008,0.1952,0,,,
430.019623,0.000009,0.0009,0.2034,0,,,
431.020538,0.000010,0.0009,0.2116,0,,,
432.020264,0.000009,0.0008,0.1986,0,,,
433.020020,0.000010,0.0009,0.2098,0,,,
434.019775,0.000009,0.0008,0.2007,0,,,
435.019562,0.000009,0.0009,0.2041,0,,,
436.020447,0.000009,0.0008,0.1952,0,,,
437.020233,0.000009,0.0009,0.2023,0,,,
438.019958,0.000009,0.0008,0.1981,0,,,
439.019745,0.000009,0.0008,0.2012,0,,,
440.019501,0.000009,0.0009,0.2018,0,,,
441.020386,0.000009,0.0008,0.2004,0,,,
442.020172,0.000009,0.0008,0.1915,0,,,
443.019897,0.000010,0.0009,0.2204,0,,,
444.019653,0.000009,0.0008,0.1990,0,,,
445.020569,0.000010,0.0009,0.2103,0,,,
446.020325,0.000009,0.0009,0.2029,0,,,
447.020111,0.000009,0.0009,0.2042,0,,,
448.019867,0.000009,0.0008,0.1997,0,,,
449.019623,0.000009,0.0008,0.1980,0,,,
450.020508,0.000010,0.0009,0.2111,0,,,
451.020264,0.000009,0.0008,0.1919,0,,,
452.020020,0.000009,0.0008,0.1969,0,,,
453.019806,0.000009,0.0008,0.1947,0,,,
454.019562,0.000009,0.0009,0.2038,0,,,
455.020447,0.000009,0.0008,0.1987,0,,,
456.020203,0.000009,0.0008,0.1956,0,,,
457.019958,0.000010,0.0009,0.2168,0,,,
458.019714,0.000009,0.0009,0.2018,0,,,
459.019501,0.000009,0.0008,0.1918,0,,,
460.020386,0.000009,0.0009,0.2020,0,,,
461.020172,0.000010,0.0009,0.2119,0,,,
462.019928,0.000009,0.0008,0.1994,0,,,
463.019714,0.000009,0.0009,0.2024,0,,,
464.019470,0.000009,0.0009,0.2057,0,,,
465.020386,0.000009,0.0009,0.2017,0,,,
466.020142,0.000009,0.0008,0.1946,0,,,
467.019897,0.000010,0.0009,0.2076,0,,,
468.019684,0.000009,0.0009,0.2025,0,,,
469.020599,0.000009,0.0009,0.2013,0,,,
470.020355,0.000009,0.0008,0.1963,0,,,
471.020142,0.000009,0.0009,0.2049,0,,,
472.019867,0.000009,0.0008,0.1995,0,,,
473.019653,0.000009,0.0009,0.2043,0,,,
474.020538,0.000009,0.0009,0.2047,0,,,
475.020294,0.000009,0.0009,0.2022,0,,,
476.020050,0.000009,0.0008,0.1959,0,,,
477.019806,0.000009,0.0009,0.2028,0,,,
478.019592,0.000010,0.0009,0.2068,0,,,
479.020477,0.000009,0.0008,0.1994,0,,,
480.020264,0.000009,0.0008,0.1944,0,,,
481.019989,0.000009,0.0009,0.2042,0,,,
482.019745,0.000009,0.0008,0.1906,0,,,
483.019531,0.000010,0.0009,0.2067,0,,,
484.020416,0.000010,0.0009,0.2122,0,,,
485.020172,0.000009,0.0008,0.1942,0,,,
486.019897,0.000009,0.0008,0.1960,0,,,
487.019714,0.000010,0.0009,0.2090,0,,,
488.019470,0.000009,0.0009,0.2021,0,,,
489.020386,0.000009,0.0008,0.1993,0,,,
490.020142,0.000009,0.0008,0.1976,0,,,
491.019897,0.000009,0.0008,0.1989,0,,,
492.019653,0.000009,0.0009,0.2023,0,,,
493.020599,0.000009,0.0008,0.1998,0,,,
494.020386,0.000009,0.0009,0.2042,0,,,
495.020142,0.000009,0.0008,0.1906,0,,,
496.019897,0.000009,0.0009,0.2052,0,,,
497.019684,0.000009,0.0009,0.2033,0,,,
498.020599,0.000009,0.0008,0.1968,0,,,
499.020386,0.000009,0.0008,0.1988,0,,,
500.020142,0.000009,0.0008,0.1930,0,,,
501.019897,0.000009,0.0009,0.2047,0,,,
502.019684,0.000009,0.0008,0.1995,0,,,
503.020569,0.000010,0.0009,0.2101,0,,,
504.020355,0.000009,0.0009,0.2055,0,,,
505.020111,0.000009,0.0009,0.2041,0,,,
506.019867,0.032200,2.9542,699.4135,0,,,
507.019653,0.036528,3.3513,793.4120,0,,,
508.020569,0.036537,3.3521,793.6114,1,506.019867,761.9390,1
509.019897,0.036560,3.3542,794.1078,0,,,
510.019684,0.036509,3.3495,792.9932,0,,,
511.019470,0.036521,3.3506,793.2629,1,509.019897,31.3090,1
512.019958,0.036509,3.3495,792.9994,0,,,
513.019714,0.036545,3.3528,793.7828,0,,,
514.019470,0.036458,3.3449,791.9052,0,,,
515.020386,0.036468,3.3458,792.1141,0,,,
516.020203,0.036579,3.3559,794.5156,0,,,
517.019958,0.036430,3.3423,791.2830,0,,,
518.019714,0.036421,3.3415,791.0893,0,,,
519.019531,0.036552,3.3535,793.9458,0,,,
520.020386,0.036364,3.3362,789.8550,0,,,
521.020203,0.036430,3.3423,791.2831,0,,,
522.020020,0.034465,3.1620,748.5990,0,,,
523.019714,0.000041,0.0037,0.8808,0,,,
524.019470,0.000010,0.0010,0.2265,1,522.020020,541.7925,-1
525.019958,0.000009,0.0008,0.1976,0,,,
526.019714,0.000009,0.0008,0.1862,0,,,
527.019470,0.000009,0.0009,0.2027,1,525.019958,249.7066,-1
528.020020,0.000009,0.0009,0.2019,0,,,
529.019714,0.000009,0.0009,0.2017,0,,,
530.019470,0.000009,0.0009,0.2031,0,,,
531.020386,0.000009,0.0008,0.1984,0,,,
532.020142,0.000010,0.0009,0.2078,0,,,
533.019958,0.000009,0.0008,0.1948,0,,,
534.019714,0.000009,0.0009,0.2026,0,,,
535.019470,0.000009,0.0009,0.2039,0,,,
536.020386,0.000010,0.0009,0.2091,0,,,
537.020142,0.000009,0.0008,0.1966,0,,,
538.019897,0.000009,0.0009,0.2038,0,,,
539.019653,0.000009,0.0008,0.1974,0,,,
540.020630,0.000009,0.0008,0.1962,0,,,
541.020325,0.000010,0.0009,0.2066,0,,,
542.020081,0.000009,0.0009,0.2027,0,,,
543.019836,0.000009,0.0009,0.2014,0,,,
544.019592,0.000010,0.0009,0.2087,0,,,
545.020569,0.000010,0.0009,0.2090,0,,,
546.020264,0.000010,0.0009,0.2105,0,,,
547.020081,0.000010,0.0009,0.2077,0,,,
548.019836,0.000010,0.0009,0.2130,0,,,
549.019592,0.000010,0.0009,0.2123,0,,,
550.020508,0.000009,0.0008,0.2005,0,,,
551.020203,0.000009,0.0009,0.2053,0,,,
552.020020,0.000009,0.0009,0.2038,0,,,
553.019775,0.000010,0.0009,0.2145,0,,,
554.019592,0.000009,0.0009,0.2045,0,,,
555.020508,0.000010,0.0009,0.2096,0,,,
556.020203,0.000010,0.0009,0.2073,0,,,
557.020020,0.000009,0.0008,0.1981,0,,,
558.019775,0.000009,0.0008,0.1957,0,,,
559.019531,0.000009,0.0009,0.2056,0,,,
560.020386,0.000010,0.0009,0.2170,0,,,
561.020142,0.000009,0.0009,0.2062,0,,,
562.019897,0.000010,0.0009,0.2123,0,,,
563.019653,0.000009,0.0008,0.1939,0,,,
564.020630,0.000009,0.0008,0.2002,0,,,
565.020325,0.000009,0.0008,0.1987,0,,,
566.020081,0.000009,0.0008,0.1883,0,,,
567.019897,0.000010,0.0009,0.2064,0,,,
568.019653,0.000009,0.0008,0.1912,0,,,
569.020569,0.000009,0.0008,0.1944,0,,,
570.020264,0.000009,0.0008,0.1979,0,,,
571.020081,0.000010,0.0009,0.2091,0,,,
572.019836,0.000009,0.0008,0.1864,0,,,
573.019592,0.000009,0.0008,0.1968,0,,,
574.020508,0.000009,0.0008,0.1954,0,,,
575.020203,0.000009,0.0009,0.2057,0,,,
576.019958,0.000009,0.0008,0.1980,0,,,
577.019714,0.000009,0.0008,0.1944,0,,,
578.019531,0.000009,0.0009,0.2031,0,,,
579.020386,0.000009,0.0009,0.2027,0,,,
580.020142,0.000009,0.0008,0.2009,0,,,
581.019958,0.000010,0.0009,0.2094,0,,,
582.019714,0.000009,0.0008,0.1959,0,,,
583.019531,0.000009,0.0009,0.2035,0,,,
584.020386,0.000009,0.0008,0.2005,0,,,
585.020142,0.000009,0.0009,0.2038,0,,,
586.019897,0.000009,0.0009,0.2061,0,,,
587.019653,0.000009,0.0008,0.1939,0,,,
588.020630,0.000009,0.0008,0.1972,0,,,
589.020325,0.000010,0.0009,0.2157,0,,,
590.020081,0.000009,0.0009,0.2025,0,,,
591.019836,0.000009,0.0009,0.2038,0,,,
592.019592,0.000009,0.0008,0.2003,0,,,
593.020508,0.000009,0.0009,0.2045,0,,,
594.020264,0.000009,0.0009,0.2047,0,,,
595.020020,0.000009,0.0009,0.2041,0,,,
596.019775,0.000009,0.0008,0.1987,0,,,
597.019531,0.000009,0.0008,0.1992,0,,,
598.020386,0.000009,0.0008,0.1980,0,,,
599.020203,0.000009,0.0008,0.1987,0,,,
600.019958,0.000009,0.0008,0.1982,0,,,
601.019714,0.000009,0.0009,0.2038,0,,,
602.019470,0.000009,0.0009,0.2054,0,,,
603.020386,0.000009,0.0009,0.2051,0,,,
604.020142,0.000009,0.0008,0.1912,0,,,
605.019897,0.000009,0.0008,0.1942,0,,,
606.019714,0.000009,0.0008,0.1957,0,,,
607.019470,0.000009,0.0009,0.2037,0,,,
608.020325,0.000009,0.0009,0.2014,0,,,
609.020081,0.000010,0.0009,0.2074,0,,,
610.019836,0.000009,0.0008,0.2011,0,,,
611.019592,0.000009,0.0008,0.1999,0,,,
612.020569,0.000009,0.0008,0.1978,0,,,
613.020264,0.000009,0.0008,0.1986,0,,,
614.020020,0.000009,0.0008,0.1982,0,,,
615.019775,0.000009,0.0008,0.1953,0,,,
616.019592,0.000009,0.0008,0.1946,0,,,
617.020508,0.000010,0.0009,0.2084,0,,,
618.020203,0.000010,0.0009,0.2116,0,,,
619.019958,0.000009,0.0008,0.1998,0,,,
620.019775,0.000009,0.0008,0.1946,0,,,
621.019531,0.000009,0.0009,0.2058,0,,,
622.020386,0.000009,0.0009,0.2046,0,,,
623.020203,0.000010,0.0009,0.2070,0,,,
624.019897,0.000009,0.0008,0.1922,0,,,
625.019714,0.000009,0.0009,0.2028,0,,,
626.019470,0.000010,0.0009,0.2105,0,,,
627.020325,0.000009,0.0008,0.1953,0,,,
628.020142,0.000010,0.0009,0.2112,0,,,
629.019897,0.000009,0.0008,0.1981,0,,,
630.019653,0.000009,0.0008,0.2001,0,,,
631.019470,0.000010,0.0009,0.2064,0,,,
632.020325,0.000009,0.0008,0.1992,0,,,
633.020081,0.000009,0.0009,0.2042,0,,,
634.019836,0.000010,0.0009,0.2064,0,,,
635.019592,0.000009,0.0009,0.2016,0,,,
636.020569,0.000010,0.0009,0.2067,0,,,
637.020264,0.000009,0.0009,0.2037,0,,,
638.020020,0.000009,0.0008,0.1998,0,,,
639.019775,0.000009,0.0008,0.1995,0,,,
640.019531,0.000009,0.0008,0.2002,0,,,
641.020386,0.000009,0.0008,0.2008,0,,,
642.020142,0.000009,0.0009,0.2057,0,,,
643.019958,0.000010,0.0009,0.2068,0,,,
644.019714,0.000009,0.0008,0.1951,0,,,
645.019470,0.000009,0.0008,0.1978,0,,,
646.020325,0.000010,0.0009,0.2105,0,,,
647.020142,0.000009,0.0008,0.2011,0,,,
648.019897,0.000010,0.0009,0.2065,0,,,
649.019653,0.000009,0.0008,0.1906,0,,,
650.020630,0.000010,0.0009,0.2065,0,,,
651.020325,0.000009,0.0008,0.1991,0,,,
652.020081,0.000010,0.0009,0.2070,0,,,
653.019836,0.000009,0.0008,0.1980,0,,,
654.019592,0.000009,0.0008,0.1927,0,,,
655.020569,0.000009,0.0009,0.2059,0,,,
656.020264,0.000009,0.0008,0.1907,0,,,
657.020020,0.000009,0.0008,0.2005,0,,,
658.019775,0.000009,0.0009,0.2058,0,,,
659.019531,0.000009,0.0008,0.1959,0,,,
660.020386,0.000010,0.0009,0.2097,0,,,
661.020203,0.000009,0.0009,0.2021,0,,,
662.019958,0.000009,0.0008,0.1983,0,,,
663.019714,0.000009,0.0008,0.1949,0,,,
664.019470,0.000009,0.0009,0.2036,0,,,
665.020386,0.000009,0.0008,0.2000,0,,,
666.020142,0.000010,0.0009,0.2092,0,,,
667.019897,0.000009,0.0008,0.2003,0,,,
668.019653,0.000009,0.0009,0.2047,0,,,
669.020630,0.000009,0.0009,0.2046,0,,,
670.020325,0.000009,0.0008,0.1974,0,,,
671.020081,0.000009,0.0008,0.1974,0,,,
672.019836,0.000009,0.0009,0.2015,0,,,
673.019592,0.000009,0.0008,0.1926,0,,,
674.020569,0.000009,0.0008,0.1979,0,,,
675.020264,0.000009,0.0009,0.2060,0,,,
676.020020,0.000010,0.0009,0.2098,0,,,
677.019836,0.000009,0.0008,0.1958,0,,,
678.019592,0.000009,0.0009,0.2023,0,,,
679.020508,0.000009,0.0009,0.2059,0,,,
680.020203,0.000009,0.0009,0.2036,0,,,
681.019958,0.000009,0.0008,0.1966,0,,,
682.019714,0.000009,0.0009,0.2035,0,,,
683.019531,0.000010,0.0009,0.2084,0,,,
684.020386,0.000010,0.0009,0.2074,0,,,
685.020142,0.000010,0.0009,0.2065,0,,,
686.019897,0.000009,0.0008,0.1970,0,,,
687.019653,0.000009,0.0008,0.1983,0,,,
688.020630,0.000009,0.0008,0.1963,0,,,
689.020325,0.000009,0.0008,0.2007,0,,,
690.020142,0.000009,0.0009,0.2030,0,,,
691.019897,0.000009,0.0008,0.1995,0,,,
692.019714,0.000009,0.0009,0.2062,0,,,
693.019470,0.000009,0.0008,0.1946,0,,,
694.020325,0.000009,0.0008,0.1969,0,,,
695.020081,0.000010,0.0009,0.2070,0,,,
696.019897,0.000009,0.0009,0.2035,0,,,
697.019653,0.000009,0.0008,0.1938,0,,,
698.020630,0.000009,0.0008,0.1928,0,,,
699.020325,0.000009,0.0008,0.1995,0,,,
700.020081,0.000010,0.0009,0.2064,0,,,
701.019836,0.000009,0.0008,0.1968,0,,,
702.019592,0.000010,0.0009,0.2076,0,,,
703.020508,0.000009,0.0009,0.2047,0,,,
704.020264,0.000009,0.0009,0.2015,0,,,
705.020020,0.000009,0.0008,0.1997,0,,,
706.019775,0.000009,0.0008,0.1955,0,,,
707.019592,0.000010,0.0009,0.2117,0,,,
708.020508,0.000009,0.0009,0.2017,0,,,
709.020203,0.000009,0.0008,0.1945,0,,,
710.019958,0.000009,0.0008,0.1964,0,,,
711.019775,0.000009,0.0009,0.2046,0,,,
712.019531,0.000010,0.0009,0.2074,0,,,
713.020386,0.000009,0.0009,0.2041,0,,,
714.020142,0.000009,0.0008,0.2003,0,,,
715.019958,0.000009,0.0009,0.2035,0,,,
716.019714,0.000009,0.0008,0.1958,0,,,
717.019470,0.000009,0.0009,0.2044,0,,,
718.020386,0.000009,0.0008,0.2000,0,,,
719.020142,0.000009,0.0008,0.1891,0,,,
720.019897,0.000009,0.0009,0.2019,0,,,
721.019714,0.000010,0.0009,0.2079,0,,,
722.019470,0.000010,0.0009,0.2067,0,,,
723.020325,0.000009,0.0009,0.2037,0,,,
724.020142,0.000010,0.0009,0.2120,0,,,
725.019897,0.000009,0.0008,0.2009,0,,,
726.019714,0.000009,0.0008,0.1984,0,,,
727.019470,0.000009,0.0009,0.2053,0,,,
728.020325,0.000009,0.0008,0.1964,0,,,
729.020142,0.000009,0.0008,0.1972,0,,,
730.019897,0.000009,0.0008,0.1980,0,,,
731.019653,0.000010,0.0009,0.2115,0,,,
732.020630,0.000009,0.0008,0.1981,0,,,
733.020325,0.000009,0.0008,0.1955,0,,,
734.020142,0.000009,0.0008,0.1996,0,,,
735.019897,0.000010,0.0009,0.2070,0,,,
736.019653,0.000009,0.0009,0.2057,0,,,
737.020630,0.000009,0.0008,0.1959,0,,,
738.020325,0.000009,0.0008,0.2004,0,,,
739.020081,0.000010,0.0009,0.2089,0,,,
740.019836,0.000009,0.0008,0.2010,0,,,
741.019592,0.000009,0.0008,0.1964,0,,,
742.020569,0.000009,0.0009,0.2014,0,,,
743.020264,0.000009,0.0008,0.1934,0,,,
744.020020,0.000009,0.0009,0.2052,0,,,
745.019836,0.000009,0.0008,0.1987,0,,,
746.019592,0.000009,0.0008,0.1924,0,,,
747.020508,0.000009,0.0009,0.2023,0,,,
748.020264,0.000009,0.0008,0.1980,0,,,
749.020020,0.000010,0.0009,0.2095,0,,,
750.019775,0.000009,0.0008,0.1975,0,,,
751.019531,0.000009,0.0009,0.2055,0,,,
752.020386,0.000009,0.0008,0.1943,0,,,
753.020142,0.000009,0.0008,0.1997,0,,,
754.019958,0.000009,0.0008,0.1970,0,,,
755.019714,0.000009,0.0008,0.1992,0,,,
756.019470,0.000010,0.0009,0.2066,0,,,
757.020386,0.000010,0.0009,0.2106,0,,,
758.020142,0.000009,0.0008,0.1936,0,,,
759.019897,0.000009,0.0008,0.1944,0,,,
760.019653,0.000009,0.0009,0.2022,0,,,
761.020630,0.000009,0.0008,0.1956,0,,,
762.020325,0.000009,0.0008,0.1875,0,,,
763.020081,0.000009,0.0009,0.2017,0,,,
764.019836,0.000009,0.0009,0.2055,0,,,
765.019592,0.000009,0.0008,0.1978,0,,,
766.020569,0.000010,0.0009,0.2086,0,,,
767.020264,0.000009,0.0008,0.1989,0,,,
768.020020,0.000009,0.0008,0.1962,0,,,
769.019775,0.000009,0.0008,0.1968,0,,,
770.019592,0.000009,0.0008,0.1942,0,,,
771.020508,0.000010,0.0009,0.2081,0,,,
772.020203,0.000009,0.0008,0.1996,0,,,
773.019958,0.000009,0.0008,0.2008,0,,,
774.019714,0.000009,0.0008,0.2005,0,,,
775.019531,0.000009,0.0009,0.2041,0,,,
776.020386,0.000009,0.0008,0.1992,0,,,
777.020142,0.000009,0.0008,0.1936,0,,,
778.019897,0.000009,0.0009,0.2037,0,,,
779.019653,0.000010,0.0009,0.2081,0,,,
780.020630,0.000010,0.0009,0.2067,0,,,
781.020325,0.000009,0.0008,0.2000,0,,,
782.020081,0.000009,0.0009,0.2040,0,,,
783.019836,0.000010,0.0009,0.2069,0,,,
784.019592,0.000010,0.0009,0.2101,0,,,
785.020508,0.000009,0.0009,0.2016,0,,,
786.020203,0.000009,0.0008,0.1994,0,,,
787.020020,0.000009,0.0009,0.2042,0,,,
788.019775,0.000010,0.0009,0.2127,0,,,
789.019531,0.000009,0.0009,0.2032,0,,,
790.020386,0.000009,0.0009,0.2032,0,,,
791.020203,0.000010,0.0009,0.2132,0,,,
792.019897,0.000009,0.0008,0.1987,0,,,
793.019714,0.000009,0.0009,0.2058,0,,,
794.019470,0.000010,0.0009,0.2076,0,,,
795.020325,0.000009,0.0008,0.2005,0,,,
796.020081,0.000009,0.0008,0.1951,0,,,
797.019897,0.000009,0.0008,0.1966,0,,,
798.019653,0.000009,0.0009,0.2029,0,,,
799.020630,0.000009,0.0009,0.2049,0,,,
800.020325,0.000009,0.0008,0.1982,0,,,
801.020081,0.000009,0.0009,0.2057,0,,,
802.019897,0.000009,0.0008,0.1947,0,,,
803.019653,0.000010,0.0009,0.2116,0,,,
804.020630,0.000009,0.0008,0.1989,0,,,
805.020325,0.000009,0.0008,0.1923,0,,,
806.020081,0.000009,0.0008,0.1986,0,,,
807.019836,0.000009,0.0008,0.1969,0,,,
808.019592,0.000009,0.0009,0.2058,0,,,
809.020569,0.000009,0.0008,0.1908,0,,,
810.020264,0.000009,0.0009,0.2031,0,,,
811.020020,0.000009,0.0008,0.1929,0,,,
812.019775,0.000009,0.0009,0.2051,0,,,
813.019592,0.000009,0.0008,0.2009,0,,,
814.020386,0.000009,0.0008,0.2011,0,,,
815.020203,0.000009,0.0008,0.1991,0,,,
816.019897,0.000009,0.0008,0.1982,0,,,
817.019714,0.000009,0.0009,0.2023,0,,,
818.019470,0.000009,0.0009,0.2051,0,,,
819.020386,0.000009,0.0008,0.1974,0,,,
820.020142,0.000009,0.0008,0.2000,0,,,
821.019897,0.000009,0.0009,0.2048,0,,,
822.019653,0.000010,0.0009,0.2076,0,,,
823.020630,0.000009,0.0009,0.2035,0,,,
824.020325,0.000009,0.0008,0.1947,0,,,
825.020142,0.000009,0.0009,0.2049,0,,,
826.019897,0.000009,0.0009,0.2059,0,,,
827.019653,0.000009,0.0009,0.2054,0,,,
828.020630,0.000009,0.0009,0.2029,0,,,
829.020325,0.000009,0.0009,0.2044,0,,,
830.020081,0.000009,0.0009,0.2027,0,,,
831.019836,0.000009,0.0008,0.1991,0,,,
832.019592,0.000009,0.0009,0.2037,0,,,
833.020569,0.000009,0.0009,0.2029,0,,,
834.020264,0.000009,0.0009,0.2056,0,,,
835.020020,0.000009,0.0008,0.1985,0,,,
836.019775,0.000009,0.0008,0.1984,0,,,
837.019592,0.000009,0.0009,0.2035,0,,,
838.020508,0.000009,0.0008,0.2007,0,,,
839.020264,0.000009,0.0009,0.2026,0,,,
840.020020,0.000009,0.0009,0.2028,0,,,
841.019775,0.000009,0.0009,0.2034,0,,,
842.019531,0.000009,0.0008,0.1968,0,,,
843.020386,0.000009,0.0009,0.2025,0,,,
844.020203,0.000009,0.0009,0.2061,0,,,
845.019897,0.000009,0.0008,0.1924,0,,,
846.019714,0.000009,0.0008,0.1996,0,,,
847.019470,0.000009,0.0009,0.2058,0,,,
848.020325,0.000009,0.0009,0.2026,0,,,
849.020142,0.000009,0.0009,0.2022,0,,,
850.019897,0.000009,0.0009,0.2026,0,,,
851.019653,0.000010,0.0009,0.2066,0,,,
852.020630,0.000010,0.0009,0.2121,0,,,
853.020325,0.000009,0.0008,0.1961,0,,,
854.020081,0.000009,0.0008,0.1997,0,,,
855.019836,0.000009,0.0008,0.1960,0,,,
856.019592,0.000009,0.0008,0.2002,0,,,
857.020569,0.000009,0.0008,0.1897,0,,,
858.020264,0.000009,0.0008,0.1985,0,,,
859.020020,0.000009,0.0008,0.1961,0,,,
860.019775,0.000009,0.0009,0.2032,0,,,
861.019531,0.000009,0.0009,0.2053,0,,,
862.020386,0.000009,0.0008,0.1960,0,,,
863.020203,0.000009,0.0009,0.2036,0,,,
864.019897,0.000009,0.0009,0.2059,0,,,
865.019714,0.000010,0.0009,0.2064,0,,,
866.019470,0.000009,0.0008,0.2009,0,,,
867.020325,0.000009,0.0009,0.2012,0,,,
868.020142,0.000009,0.0009,0.2015,0,,,
869.019897,0.000009,0.0008,0.1923,0,,,
870.019653,0.000009,0.0008,0.2009,0,,,
871.019470,0.000009,0.0009,0.2043,0,,,
872.020325,0.000009,0.0008,0.1974,0,,,
873.020081,0.000009,0.0008,0.2012,0,,,
874.019836,0.000009,0.0008,0.1970,0,,,
875.019592,0.000009,0.0008,0.2010,0,,,
876.020569,0.000009,0.0009,0.2047,0,,,
877.020264,0.000009,0.0009,0.2052,0,,,
878.020020,0.000009,0.0008,0.2009,0,,,
879.019836,0.000009,0.0008,0.1964,0,,,
880.019592,0.000010,0.0009,0.2074,0,,,
881.020508,0.000009,0.0009,0.2038,0,,,
882.020203,0.000009,0.0008,0.1993,0,,,
883.020020,0.000010,0.0009,0.2111,0,,,
884.019775,0.000009,0.0008,0.1968,0,,,
885.019531,0.000010,0.0009,0.2117,0,,,
886.020386,0.000009,0.0009,0.2040,0,,,
887.020142,0.000009,0.0009,0.2063,0,,,
888.019958,0.000010,0.0009,0.2123,0,,,
889.019714,0.000010,0.0009,0.2105,0,,,
890.019470,0.000009,0.0009,0.2035,0,,,
891.020325,0.000009,0.0009,0.2031,0,,,
892.020081,0.000010,0.0009,0.2088,0,,,
893.019897,0.000010,0.0009,0.2106,0,,,
894.019653,0.000010,0.0009,0.2177,0,,,
895.020630,0.000009,0.0008,0.1932,0,,,
896.020325,0.000010,0.0009,0.2067,0,,,
897.020081,0.000009,0.0009,0.2047,0,,,
898.019836,0.000010,0.0009,0.2082,0,,,
899.019592,0.000010,0.0009,0.2143,0,,,
900.020569,0.000009,0.0009,0.2051,0,,,
901.020264,0.000009,0.0009,0.2041,0,,,
902.020020,0.000010,0.0009,0.2076,0,,,
903.019775,0.000009,0.0008,0.2008,0,,,
904.019592,0.000010,0.0009,0.2070,0,,,
905.020508,0.000009,0.0009,0.2031,0,,,
906.020203,0.000010,0.0009,0.2080,0,,,
907.019958,0.000009,0.0009,0.2054,0,,,
908.019714,0.000009,0.0009,0.2058,0,,,
909.019531,0.000009,0.0008,0.1991,0,,,
910.020386,0.000009,0.0008,0.1982,0,,,
911.020142,0.000009,0.0008,0.1967,0,,,
912.019897,0.000009,0.0008,0.2005,0,,,
913.019714,0.000010,0.0009,0.2064,0,,,
914.019470,0.000010,0.0009,0.2124,0,,,
915.020325,0.000009,0.0009,0.2018,0,,,
916.020081,0.000009,0.0009,0.2049,0,,,
917.019836,0.000010,0.0009,0.2065,0,,,
918.019592,0.000009,0.0008,0.1952,0,,,
919.020569,0.000009,0.0008,0.1973,0,,,
920.020264,0.000009,0.0009,0.2029,0,,,
921.020020,0.000009,0.0008,0.1961,0,,,
922.019775,0.000009,0.0009,0.2029,0,,,
923.019531,0.000009,0.0008,0.2003,0,,,
924.020386,0.000009,0.0009,0.2018,0,,,
925.020142,0.000009,0.0008,0.1887,0,,,
926.019958,0.000009,0.0008,0.2007,0,,,
927.019714,0.000010,0.0009,0.2081,0,,,
928.019470,0.000009,0.0009,0.2030,0,,,
929.020325,0.000009,0.0008,0.1980,0,,,
930.020142,0.000009,0.0008,0.1974,0,,,
931.019897,0.000009,0.0008,0.1951,0,,,
932.019653,0.000010,0.0009,0.2065,0,,,
933.020630,0.000009,0.0009,0.2024,0,,,
934.020325,0.000009,0.0008,0.1889,0,,,
935.020081,0.000009,0.0008,0.1991,0,,,
936.019897,0.000009,0.0008,0.1992,0,,,
937.019653,0.000009,0.0009,0.2051,0,,,
938.020630,0.000009,0.0008,0.2005,0,,,
939.020325,0.000010,0.0009,0.2078,0,,,
940.020081,0.000009,0.0008,0.1981,0,,,
941.019836,0.000009,0.0009,0.2041,0,,,
942.019592,0.000009,0.0009,0.2013,0,,,
943.020569,0.000010,0.0009,0.2095,0,,,
944.020264,0.000009,0.0009,0.2030,0,,,
945.020020,0.000009,0.0008,0.1950,0,,,
946.019836,0.000010,0.0009,0.2156,0,,,
947.019592,0.000010,0.0009,0.2084,0,,,
948.020508,0.000009,0.0008,0.1967,0,,,
949.020203,0.000009,0.0009,0.2043,0,,,
950.019958,0.000009,0.0009,0.2020,0,,,
951.019775,0.000009,0.0009,0.2063,0,,,
952.019531,0.000009,0.0008,0.1949,0,,,
953.020386,0.000009,0.0008,0.2004,0,,,
954.020142,0.000009,0.0008,0.1944,0,,,
955.019897,0.000009,0.0009,0.2062,0,,,
956.019653,0.000010,0.0009,0.2125,0,,,
957.020630,0.000009,0.0009,0.2045,0,,,
958.020325,0.000009,0.0009,0.2049,0,,,
959.020081,0.000010,0.0009,0.2073,0,,,
960.019836,0.000009,0.0008,0.2011,0,,,
961.019592,0.000009,0.0009,0.2029,0,,,
962.020569,0.000009,0.0008,0.1978,0,,,
963.020264,0.000009,0.0009,0.2026,0,,,
964.020081,0.000009,0.0009,0.2049,0,,,
965.019836,0.000010,0.0009,0.2166,0,,,
966.019592,0.000010,0.0009,0.2107,0,,,
967.020508,0.000009,0.0009,0.2045,0,,,
968.020264,0.000009,0.0009,0.2039,0,,,
969.020020,0.000009,0.0009,0.2048,0,,,
970.019775,0.000010,0.0009,0.2166,0,,,
971.019531,0.000009,0.0009,0.2051,0,,,
972.020508,0.000009,0.0008,0.1986,0,,,
973.020203,0.000010,0.0009,0.2153,0,,,
974.019958,0.000010,0.0009,0.2089,0,,,
975.019714,0.000009,0.0009,0.2021,0,,,
976.019470,0.000009,0.0008,0.1983,0,,,
977.020386,0.000009,0.0008,0.2006,0,,,
978.020142,0.000010,0.0009,0.2080,0,,,
979.019897,0.000009,0.0008,0.1943,0,,,
980.019714,0.000009,0.0009,0.2057,0,,,
981.019470,0.000009,0.0008,0.1910,0,,,
982.020325,0.000010,0.0009,0.2076,0,,,
983.020081,0.000009,0.0009,0.2017,0,,,
984.019897,0.000009,0.0008,0.1941,0,,,
985.019653,0.000010,0.0009,0.2086,0,,,
986.020630,0.000009,0.0009,0.2056,0,,,
987.020325,0.000009,0.0008,0.1978,0,,,
988.020081,0.000009,0.0009,0.2055,0,,,
989.019897,0.000009,0.0009,0.2035,0,,,
990.019653,0.000009,0.0009,0.2021,0,,,
991.020630,0.000010,0.0009,0.2075,0,,,
992.020325,0.000009,0.0008,0.2012,0,,,
993.020142,0.000009,0.0008,0.1988,0,,,
994.019897,0.000009,0.0008,0.2006,0,,,
995.019653,0.000009,0.0008,0.2006,0,,,
996.020630,0.000009,0.0008,0.1991,0,,,
997.020325,0.000009,0.0009,0.2046,0,,,
998.020142,0.000009,0.0008,0.1987,0,,,
999.019897,0.000010,0.0009,0.2102,0,,,
1000.019653,0.000010,0.0009,0.2067,0,,,
1001.019470,0.000009,0.0009,0.2051,0,,,
1002.020325,0.000009,0.0009,0.2029,0,,,
1003.020081,0.000010,0.0009,0.2103,0,,,
1004.019897,0.000010,0.0009,0.2136,0,,,
1005.019653,0.000009,0.0008,0.1970,0,,,
1006.020630,0.000009,0.0009,0.2035,0,,,
1007.020325,0.000009,0.0008,0.1876,0,,,
1008.020081,0.000009,0.0009,0.2026,0,,,
1009.019836,0.000010,0.0009,0.2068,0,,,
1010.019592,0.000009,0.0009,0.2022,0,,,
1011.020508,0.000009,0.0008,0.2011,0,,,
1012.020203,0.000009,0.0008,0.2005,0,,,
1013.020020,0.000009,0.0009,0.2026,0,,,
1014.019775,0.000009,0.0008,0.1988,0,,,
1015.019592,0.000009,0.0008,0.1923,0,,,
1016.020508,0.000009,0.0008,0.2007,0,,,
1017.020203,0.000009,0.0008,0.1986,0,,,
1018.019958,0.000009,0.0008,0.2007,0,,,
1019.019714,0.000009,0.0009,0.2014,0,,,
1020.019470,0.000009,0.0008,0.2003,0,,,
1021.020386,0.000009,0.0008,0.1963,0,,,
1022.020142,0.000009,0.0008,0.1944,0,,,
1023.019897,0.000009,0.0008,0.1995,0,,,
1024.019653,0.000009,0.0008,0.1906,0,,,
1025.020630,0.000009,0.0009,0.2018,0,,,
1026.020386,0.000009,0.0008,0.1971,0,,,
1027.020142,0.000009,0.0008,0.2011,0,,,
1028.019897,0.000009,0.0009,0.2049,0,,,
1029.019653,0.000009,0.0008,0.1977,0,,,
1030.020630,0.000009,0.0009,0.2047,0,,,
1031.020386,0.000009,0.0009,0.2055,0,,,
1032.020142,0.000009,0.0009,0.2032,0,,,
1033.019897,0.000009,0.0009,0.2017,0,,,
1034.019531,0.000009,0.0008,0.1951,0,,,
1035.020508,0.000009,0.0009,0.2054,0,,,
1036.020264,0.000010,0.0009,0.2081,0,,,
1037.020020,0.000009,0.0008,0.2008,0,,,
1038.019775,0.000009,0.0009,0.2062,0,,,
1039.019531,0.000010,0.0009,0.2127,0,,,
1040.020386,0.000010,0.0009,0.2066,0,,,
1041.020264,0.000010,0.0009,0.2091,0,,,
1042.020020,0.000009,0.0008,0.1981,0,,,
1043.019653,0.000010,0.0009,0.2085,0,,,
1044.019409,0.000009,0.0008,0.1960,0,,,
1045.020386,0.000009,0.0009,0.2037,0,,,
1046.020142,0.000010,0.0009,0.2127,0,,,
1047.019897,0.000009,0.0008,0.1972,0,,,
1048.019653,0.000009,0.0008,0.1992,0,,,
1049.020630,0.000010,0.0009,0.2075,0,,,
1050.020386,0.000009,0.0009,0.2044,0,,,
1051.020142,0.000009,0.0009,0.2023,0,,,
1052.019897,0.000010,0.0009,0.2105,0,,,
1053.019531,0.000009,0.0009,0.2039,0,,,
1054.020508,0.000009,0.0008,0.1981,0,,,
1055.020264,0.000009,0.0009,0.2030,0,,,
1056.020020,0.000010,0.0009,0.2130,0,,,
1057.019775,0.000009,0.0008,0.2010,0,,,
1058.019531,0.000009,0.0009,0.2030,0,,,
1059.020386,0.000010,0.0009,0.2084,0,,,
1060.020264,0.000009,0.0008,0.1944,0,,,
1061.019897,0.000009,0.0009,0.2042,0,,,
1062.019653,0.000010,0.0009,0.2064,0,,,
1063.019409,0.000009,0.0008,0.1945,0,,,
1064.020386,0.000009,0.0008,0.1961,0,,,
1065.020142,0.000009,0.0008,0.2011,0,,,
1066.019897,0.000009,0.0009,0.2037,0,,,
1067.019653,0.000009,0.0008,0.2012,0,,,
1068.020508,0.000009,0.0009,0.2058,0,,,
1069.020264,0.000010,0.0009,0.2124,0,,,
1070.020142,0.000010,0.0009,0.2155,0,,,
1071.019897,0.000009,0.0009,0.2042,0,,,
1072.019531,0.000009,0.0008,0.1905,0,,,
1073.020508,0.000009,0.0009,0.2041,0,,,
1074.020264,0.000009,0.0009,0.2050,0,,,
1075.020020,0.000010,0.0009,0.2134,0,,,
1076.019653,0.000009,0.0009,0.2054,0,,,
1077.019531,0.000009,0.0008,0.2008,0,,,
1078.020386,0.000009,0.0008,0.1972,0,,,
1079.020142,0.000009,0.0009,0.2044,0,,,
1080.020020,0.000010,0.0009,0.2067,0,,,
1081.019653,0.000010,0.0009,0.2074,0,,,
1082.019409,0.000009,0.0009,0.2041,0,,,
1083.020386,0.000010,0.0009,0.2073,0,,,
1084.020142,0.000010,0.0009,0.2094,0,,,
1085.019897,0.000009,0.0009,0.2040,0,,,
1086.019653,0.000009,0.0008,0.1961,0,,,
1087.019531,0.000009,0.0009,0.2017,0,,,
1088.020386,0.000009,0.0008,0.1968,0,,,
1089.020142,0.000009,0.0008,0.1991,0,,,
1090.019897,0.000009,0.0008,0.1946,0,,,
1091.019653,0.000009,0.0009,0.2025,0,,,
1092.020630,0.000009,0.0009,0.2037,0,,,
1093.020386,0.000009,0.0009,0.2026,0,,,
1094.020142,0.000010,0.0009,0.2125,0,,,
1095.019897,0.000009,0.0009,0.2045,0,,,
1096.019653,0.000009,0.0008,0.1868,0,,,
1097.020508,0.000009,0.0009,0.2050,0,,,
1098.020386,0.000009,0.0009,0.2033,0,,,
1099.020020,0.000009,0.0009,0.2023,0,,,
1100.019897,0.000009,0.0008,0.2006,0,,,
1101.019531,0.000009,0.0009,0.2013,0,,,
1102.020508,0.000009,0.0008,0.1986,0,,,
1103.020264,0.000009,0.0009,0.2036,0,,,
1104.020020,0.000009,0.0008,0.1916,0,,,
1105.019775,0.000009,0.0008,0.1994,0,,,
1106.019409,0.000009,0.0008,0.1998,0,,,
1107.020386,0.000010,0.0009,0.2117,0,,,
1108.020142,0.000009,0.0008,0.1910,0,,,
1109.019897,0.000009,0.0009,0.2035,0,,,
1110.019653,0.000009,0.0008,0.1968,0,,,
1111.020508,0.000009,0.0008,0.1941,0,,,
1112.020386,0.000009,0.0009,0.2049,0,,,
1113.020142,0.000009,0.0008,0.1946,0,,,
1114.019897,0.000010,0.0009,0.2081,0,,,
1115.019653,0.000009,0.0008,0.2003,0,,,
1116.020630,0.000009,0.0009,0.2025,0,,,
1117.020264,0.000009,0.0009,0.2019,0,,,
1118.020142,0.000009,0.0009,0.2025,0,,,
1119.019897,0.000009,0.0008,0.1942,0,,,
1120.019653,0.000009,0.0008,0.1973,0,,,
1121.020508,0.000010,0.0009,0.2068,0,,,
1122.020386,0.000009,0.0009,0.2032,0,,,
1123.020020,0.000009,0.0009,0.2028,0,,,
1124.019897,0.000010,0.0009,0.2081,0,,,
1125.019653,0.000010,0.0009,0.2128,0,,,
1126.020630,0.000009,0.0008,0.2008,0,,,
1127.020264,0.000009,0.0009,0.2017,0,,,
1128.020142,0.000009,0.0008,0.1988,0,,,
1129.019775,0.000009,0.0008,0.1985,0,,,
1130.019531,0.000010,0.0009,0.2094,0,,,
1131.020508,0.000009,0.0008,0.2001,0,,,
1132.020264,0.000009,0.0009,0.2039,0,,,
1133.020020,0.000009,0.0009,0.2032,0,,,
1134.019897,0.000010,0.0009,0.2093,0,,,
1135.019531,0.000009,0.0009,0.2043,0,,,
1136.020508,0.000009,0.0009,0.2030,0,,,
1137.020142,0.000009,0.0008,0.1984,0,,,
1138.020020,0.000009,0.0008,0.1999,0,,,
1139.019775,0.000009,0.0009,0.2046,0,,,
1140.019409,0.000009,0.0008,0.1977,0,,,
1141.020386,0.000009,0.0009,0.2043,0,,,
1142.020264,0.000009,0.0008,0.2009,0,,,
1143.019897,0.000009,0.0009,0.2033,0,,,
1144.019653,0.000009,0.0008,0.1990,0,,,
1145.019409,0.000010,0.0009,0.2122,0,,,
1146.020386,0.000009,0.0009,0.2028,0,,,
1147.020142,0.000010,0.0009,0.2079,0,,,
1148.019897,0.000010,0.0009,0.2087,0,,,
1149.019653,0.000009,0.0009,0.2024,0,,,
1150.020630,0.000009,0.0008,0.1997,0,,,
1151.020264,0.000009,0.0008,0.1854,0,,,
1152.020142,0.000009,0.0008,0.1934,0,,,
1153.019775,0.000010,0.0009,0.2100,0,,,
1154.019531,0.000009,0.0008,0.1986,0,,,
1155.020508,0.000009,0.0008,0.1984,0,,,
1156.020264,0.000009,0.0008,0.1989,0,,,
1157.020020,0.000009,0.0008,0.1985,0,,,
1158.019897,0.000009,0.0009,0.2015,0,,,
1159.019531,0.000009,0.0008,0.1969,0,,,
1160.020508,0.000009,0.0009,0.2044,0,,,
1161.020142,0.000009,0.0009,0.2049,0,,,
1162.020020,0.000009,0.0008,0.2009,0,,,
1163.019775,0.000009,0.0009,0.2062,0,,,
1164.019409,0.000009,0.0008,0.2007,0,,,
1165.020386,0.000009,0.0009,0.2056,0,,,
1166.020264,0.000009,0.0008,0.1958,0,,,
1167.019897,0.000009,0.0008,0.1956,0,,,
1168.019653,0.000009,0.0008,0.1982,0,,,
1169.019409,0.000009,0.0008,0.2007,0,,,
1170.020386,0.000009,0.0009,0.2028,0,,,
1171.020142,0.000009,0.0008,0.1941,0,,,
1172.019897,0.000009,0.0008,0.1970,0,,,
1173.019653,0.000009,0.0008,0.2009,0,,,
1174.020630,0.000009,0.0009,0.2049,0,,,
1175.020264,0.000009,0.0008,0.1996,0,,,
1176.020142,0.000009,0.0008,0.1973,0,,,
1177.019775,0.000009,0.0008,0.1965,0,,,
1178.019531,0.000009,0.0008,0.1907,0,,,
1179.020508,0.000009,0.0008,0.1895,0,,,
1180.020264,0.000009,0.0008,0.1988,0,,,
1181.020020,0.000010,0.0009,0.2123,0,,,
1182.019653,0.000009,0.0008,0.1962,0,,,
1183.019531,0.000009,0.0009,0.2040,0,,,
1184.020386,0.000009,0.0008,0.1991,0,,,
1185.020142,0.000010,0.0009,0.2095,0,,,
1186.020020,0.000009,0.0008,0.1930,0,,,
1187.019653,0.000009,0.0008,0.1918,0,,,
1188.019409,0.000010,0.0009,0.2079,0,,,
1189.020386,0.000009,0.0008,0.1946,0,,,
1190.020142,0.000009,0.0009,0.2022,0,,,
1191.019897,0.000009,0.0009,0.2043,0,,,
1192.019653,0.000009,0.0008,0.2007,0,,,
1193.020508,0.000010,0.0009,0.2065,0,,,
1194.020386,0.000009,0.0008,0.1970,0,,,
1195.020142,0.000009,0.0008,0.1957,0,,,
1196.019897,0.000009,0.0009,0.2020,0,,,
1197.019653,0.000009,0.0008,0.1983,0,,,
1198.020508,0.000009,0.0009,0.2019,0,,,
1199.020264,0.000010,0.0009,0.2076,0,,,
1200.020142,0.000009,0.0009,0.2034,0,,,
1201.019775,0.000009,0.0008,0.1972,0,,,
1202.019531,0.000009,0.0008,0.1962,0,,,
1203.020508,0.000009,0.0009,0.2037,0,,,
1204.020264,0.000009,0.0008,0.1958,0,,,
1205.020020,0.000009,0.0008,0.1869,0,,,
1206.019897,0.000009,0.0008,0.1907,0,,,
1207.019531,0.000009,0.0008,0.1969,0,,,
1208.020508,0.000009,0.0008,0.1970,0,,,
1209.020142,0.000010,0.0009,0.2125,0,,,
1210.020020,0.000010,0.0009,0.2080,0,,,
1211.019653,0.000009,0.0009,0.2019,0,,,
1212.019409,0.000009,0.0008,0.1903,0,,,
1213.020386,0.000009,0.0008,0.1964,0,,,
1214.020142,0.000009,0.0009,0.2041,0,,,
1215.019897,0.000009,0.0008,0.2003,0,,,
1216.019653,0.000010,0.0009,0.2110,0,,,
1217.020508,0.000009,0.0009,0.2062,0,,,
1218.020386,0.000009,0.0009,0.2024,0,,,
1219.020142,0.000009,0.0009,0.2034,0,,,
1220.019897,0.000010,0.0009,0.2080,0,,,
1221.019653,0.000009,0.0009,0.2024,0,,,
1222.020630,0.000009,0.0008,0.1906,0,,,
1223.020264,0.000010,0.0009,0.2120,0,,,
1224.020142,0.000009,0.0008,0.1951,0,,,
1225.019897,0.000009,0.0008,0.2008,0,,,
1226.019531,0.000009,0.0008,0.1990,0,,,
1227.020508,0.000009,0.0008,0.1990,0,,,
1228.020264,0.000010,0.0009,0.2162,0,,,
1229.020020,0.000009,0.0009,0.2049,0,,,
1230.019897,0.000010,0.0009,0.2064,0,,,
1231.019531,0.000009,0.0008,0.1947,0,,,
1232.020508,0.000009,0.0008,0.2000,0,,,
1233.020264,0.000009,0.0009,0.2042,0,,,
1234.020020,0.000009,0.0008,0.1916,0,,,
1235.019775,0.000009,0.0008,0.1936,0,,,
1236.019531,0.000009,0.0008,0.1943,0,,,
1237.020386,0.000009,0.0008,0.2004,0,,,
1238.020264,0.000009,0.0008,0.1981,0,,,
1239.019897,0.000009,0.0008,0.1978,0,,,
1240.019653,0.000009,0.0008,0.1946,0,,,
1241.019531,0.000009,0.0009,0.2023,0,,,
1242.020386,0.000009,0.0009,0.2063,0,,,
1243.020142,0.000009,0.0009,0.2054,0,,,
1244.020020,0.000009,0.0008,0.1931,0,,,
1245.019653,0.000009,0.0008,0.1959,0,,,
1246.020630,0.000009,0.0008,0.1871,0,,,
1247.020264,0.000009,0.0009,0.2020,0,,,
1248.020142,0.000009,0.0009,0.2036,0,,,
1249.019897,0.000009,0.0008,0.1938,0,,,
1250.019531,0.000010,0.0009,0.2085,0,,,
1251.020508,0.000009,0.0008,0.1989,0,,,
1252.020264,0.000010,0.0009,0.2096,0,,,
1253.020020,0.000008,0.0008,0.1828,0,,,
1254.019897,0.000009,0.0008,0.1929,0,,,
1255.019531,0.000009,0.0009,0.2030,0,,,
1256.020508,0.000009,0.0008,0.1972,0,,,
1257.020264,0.000009,0.0009,0.2026,0,,,
1258.020020,0.000009,0.0008,0.1978,0,,,
1259.019775,0.000009,0.0009,0.2032,0,,,
1260.019409,0.000009,0.0008,0.2008,0,,,
1261.020386,0.000009,0.0008,0.1880,0,,,
1262.020142,0.000009,0.0008,0.1961,0,,,
1263.019897,0.000009,0.0008,0.1944,0,,,
1264.019531,0.000009,0.0008,0.1909,0,,,
1265.020508,0.000010,0.0009,0.2066,0,,,
1266.020386,0.000010,0.0009,0.2082,0,,,
1267.020020,0.000009,0.0009,0.2028,0,,,
1268.019897,0.000009,0.0008,0.1992,0,,,
1269.019653,0.032666,2.9969,709.5259,0,,,
1270.020508,0.036618,3.3596,795.3787,0,,,
1271.020264,0.036934,3.3886,802.2401,1,1269.019653,768.8448,1
1272.019531,0.036718,3.3687,797.5490,0,,,
1273.020386,0.037068,3.4008,805.1509,0,,,
1274.020264,0.036965,3.3913,802.8981,0,,,
1275.020020,0.036652,3.3627,796.1184,0,,,
1276.019653,0.036535,3.3519,793.5698,0,,,
1277.019409,0.036850,3.3808,800.4030,0,,,
1278.020386,0.037077,3.4017,805.3480,0,,,
1279.020142,0.037121,3.4057,806.2897,0,,,
1280.019897,0.036721,3.3690,797.6084,0,,,
1281.019653,0.036348,3.3347,789.5012,0,,,
1282.020508,0.036668,3.3641,796.4599,0,,,
1283.020264,0.037060,3.4001,804.9651,0,,,
1284.020020,0.037212,3.4141,808.2808,0,,,
1285.019775,0.036843,3.3802,800.2635,0,,,
1286.019409,0.036427,3.3420,791.2196,0,,,
1287.020386,0.036413,3.3407,790.9084,0,,,
1288.020142,0.036847,3.3806,800.3523,0,,,
1289.019897,0.037230,3.4157,808.6602,0,,,
1290.019531,0.036743,3.3710,798.0762,0,,,
1291.020508,0.036635,3.3611,795.7343,0,,,
1292.020264,0.036656,3.3630,796.1934,0,,,
1293.020020,0.036305,3.3308,788.5671,0,,,
1294.019653,0.036532,3.3516,793.4911,0,,,
1295.019531,0.037103,3.4040,805.9057,0,,,
1296.020386,0.036681,3.3653,796.7434,0,,,
1297.020142,0.036710,3.3680,797.3775,0,,,
1298.019897,0.036610,3.3588,795.1922,0,,,
1299.019653,0.036142,3.3159,785.0359,0,,,
1300.020508,0.036265,3.3272,787.7094,0,,,
1301.020264,0.036765,3.3730,798.5579,0,,,
1302.020142,0.036929,3.3881,802.1229,0,,,
1303.019775,0.036601,3.3580,794.9971,0,,,
1304.019531,0.036347,3.3347,789.4788,0,,,
1305.020508,0.036373,3.3370,790.0383,0,,,
1306.020264,0.036420,3.3414,791.0776,0,,,
1307.020020,0.036510,3.3496,793.0161,0,,,
1308.019653,0.036632,3.3609,795.6841,0,,,
1309.019531,0.036855,3.3812,800.5093,0,,,
1310.020386,0.036455,3.3446,791.8307,0,,,
1311.020142,0.036262,3.3269,787.6392,0,,,
1312.020020,0.036672,3.3645,796.5536,0,,,
1313.019653,0.036829,3.3789,799.9435,0,,,
1314.020630,0.036352,3.3351,789.5872,0,,,
1315.020386,0.036398,3.3393,790.5907,0,,,
1316.020142,0.036777,3.3741,798.8144,0,,,
1317.019897,0.036468,3.3458,792.1163,0,,,
1318.019531,0.036233,3.3242,786.9978,0,,,
1319.020508,0.036682,3.3654,796.7667,0,,,
1320.020386,0.036578,3.3559,794.5043,0,,,
1321.020020,0.036202,3.3214,786.3415,0,,,
1322.019653,0.036464,3.3454,792.0194,0,,,
1323.019531,0.036813,3.3774,799.6082,0,,,
1324.020386,0.036489,3.3477,792.5681,0,,,
1325.020142,0.036148,3.3164,785.1581,0,,,
1326.019897,0.019077,1.7502,414.3570,0,,,
1327.019653,0.000013,0.0012,0.2841,0,,,
1328.020630,0.000011,0.0010,0.2293,1,1326.019897,654.1547,-1
1329.019897,0.000010,0.0009,0.2128,0,,,
1330.019653,0.000009,0.0009,0.2054,0,,,
1331.019531,0.000009,0.0008,0.2012,1,1329.019897,138.0836,-1
1332.020020,0.000010,0.0009,0.2076,0,,,
1333.019775,0.000009,0.0009,0.2033,0,,,
1334.019409,0.000010,0.0009,0.2068,0,,,
1335.020386,0.000009,0.0008,0.1939,0,,,
1336.020264,0.000009,0.0009,0.2061,0,,,
1337.019897,0.000009,0.0008,0.1936,0,,,
1338.019653,0.000009,0.0008,0.1946,0,,,
1339.019531,0.000009,0.0009,0.2016,0,,,
1340.020386,0.000009,0.0009,0.2062,0,,,
1341.020142,0.000009,0.0008,0.1900,0,,,
1342.019897,0.000009,0.0009,0.2043,0,,,
1343.019653,0.000009,0.0008,0.1998,0,,,
1344.020630,0.000009,0.0008,0.1989,0,,,
1345.020264,0.000009,0.0008,0.1917,0,,,
1346.020142,0.000009,0.0009,0.2013,0,,,
1347.019897,0.000009,0.0009,0.2043,0,,,
1348.019531,0.000009,0.0009,0.2040,0,,,
1349.020508,0.000010,0.0009,0.2068,0,,,
1350.020264,0.000009,0.0008,0.1966,0,,,
1351.020020,0.000010,0.0009,0.2117,0,,,
1352.019897,0.000009,0.0008,0.2008,0,,,
1353.019531,0.000009,0.0008,0.1980,0,,,
1354.020508,0.000009,0.0009,0.2045,0,,,
1355.020142,0.000009,0.0008,0.2003,0,,,
1356.020020,0.000009,0.0009,0.2023,0,,,
1357.019775,0.000009,0.0009,0.2055,0,,,
1358.019409,0.000010,0.0009,0.2081,0,,,
1359.020386,0.000009,0.0008,0.1886,0,,,
1360.020142,0.000010,0.0009,0.2129,0,,,
1361.019897,0.000009,0.0009,0.2036,0,,,
1362.019653,0.000009,0.0009,0.2032,0,,,
1363.020508,0.006220,0.5706,135.0929,0,,,
1364.020386,0.036618,3.3596,795.3752,0,,,
1365.020142,0.036860,3.3817,800.6198,1,1363.020508,576.8228,1
1366.019409,0.036762,3.3727,798.4919,0,,,
1367.020386,0.036895,3.3849,801.3865,0,,,
1368.020264,0.036474,3.3464,792.2504,1,1366.019409,220.3470,1
1369.019531,0.036900,3.3854,801.4863,0,,,
1370.020386,0.016208,1.4870,352.0484,0,,,
1371.020142,0.000049,0.0045,1.0694,0,,,
1372.020020,0.000041,0.0037,0.8864,1,1370.020386,680.3730,-1
1373.020386,0.000038,0.0035,0.8336,0,,,
1374.020264,0.000037,0.0034,0.8094,0,,,
1375.019897,0.000038,0.0035,0.8264,1,1373.020386,117.1783,-1
1376.020508,0.000038,0.0035,0.8347,0,,,
1377.020142,0.000038,0.0035,0.8289,0,,,
1378.020020,0.000039,0.0035,0.8400,0,,,
1379.019775,0.000037,0.0034,0.8117,0,,,
1380.019409,0.000038,0.0035,0.8256,0,,,
1381.020386,0.000038,0.0035,0.8301,0,,,
1382.020264,0.000025,0.0023,0.5475,0,,,
1383.019897,0.000009,0.0008,0.1983,0,,,
1384.019653,0.000010,0.0009,0.2071,0,,,
1385.019531,0.000009,0.0009,0.2054,0,,,
1386.020386,0.000009,0.0009,0.2039,0,,,
1387.020142,0.000009,0.0008,0.2005,0,,,
1388.020020,0.000009,0.0009,0.2060,0,,,
1389.019653,0.000009,0.0008,0.1996,0,,,
1390.020630,0.000009,0.0008,0.2012,0,,,
1391.020264,0.000009,0.0008,0.1989,0,,,
1392.020142,0.000009,0.0008,0.1970,0,,,
1393.019897,0.000009,0.0008,0.1928,0,,,
1394.019531,0.000010,0.0009,0.2105,0,,,
1395.020508,0.000009,0.0009,0.2060,0,,,
1396.020264,0.000009,0.0008,0.1904,0,,,
1397.020020,0.000009,0.0008,0.2003,0,,,
1398.019897,0.000009,0.0008,0.1892,0,,,
1399.019531,0.000010,0.0009,0.2113,0,,,
1400.020508,0.000009,0.0008,0.1939,0,,,
1401.020142,0.000009,0.0009,0.2063,0,,,
1402.020020,0.000009,0.0008,0.1939,0,,,
1403.019775,0.000009,0.0009,0.2013,0,,,
1404.019409,0.000010,0.0009,0.2102,0,,,
1405.020386,0.000009,0.0008,0.1964,0,,,
1406.020264,0.000009,0.0008,0.2005,0,,,
1407.019897,0.000009,0.0009,0.2014,0,,,
1408.019653,0.000009,0.0008,0.1976,0,,,
1409.019409,0.000009,0.0009,0.2037,0,,,
1410.020386,0.000009,0.0008,0.2001,0,,,
1411.020142,0.000009,0.0008,0.1999,0,,,
1412.019897,0.000009,0.0008,0.1974,0,,,
1413.019653,0.000009,0.0008,0.1954,0,,,
1414.020630,0.000009,0.0008,0.1984,0,,,
1415.020264,0.000009,0.0008,0.1927,0,,,
1416.020142,0.000010,0.0009,0.2092,0,,,
1417.019775,0.000009,0.0009,0.2028,0,,,
1418.019531,0.000010,0.0009,0.2196,0,,,
1419.020508,0.000009,0.0008,0.1961,0,,,
1420.020264,0.000009,0.0008,0.1998,0,,,
1421.020020,0.000009,0.0008,0.2012,0,,,
1422.019897,0.000010,0.0009,0.2087,0,,,
1423.019531,0.000010,0.0009,0.2103,0,,,
1424.020508,0.000010,0.0009,0.2079,0,,,
1425.020142,0.000009,0.0009,0.2026,0,,,
1426.020020,0.000009,0.0009,0.2061,0,,,
1427.019653,0.000009,0.0008,0.1891,0,,,
1428.019409,0.000009,0.0008,0.1978,0,,,
1429.020386,0.000009,0.0009,0.2020,0,,,
1430.020142,0.000008,0.0008,0.1840,0,,,
1431.019897,0.000009,0.0009,0.2045,0,,,
1432.019653,0.000009,0.0009,0.2024,0,,,
1433.020508,0.000009,0.0008,0.1943,0,,,
1434.020386,0.000009,0.0008,0.1899,0,,,
1435.020142,0.000009,0.0009,0.2058,0,,,
1436.019897,0.000009,0.0008,0.2011,0,,,
1437.019653,0.000009,0.0008,0.1931,0,,,
1438.020508,0.000009,0.0008,0.1975,0,,,
1439.020264,0.000010,0.0009,0.2069,0,,,
1440.020020,0.000009,0.0009,0.2052,0,,,
1441.019775,0.000010,0.0009,0.2067,0,,,
1442.019531,0.000009,0.0009,0.2029,0,,,
1443.020386,0.000009,0.0008,0.2004,0,,,
1444.020264,0.000009,0.0008,0.1936,0,,,
1445.020020,0.000009,0.0008,0.2007,0,,,
1446.019653,0.000010,0.0009,0.2111,0,,,
1447.019531,0.000009,0.0008,0.1928,0,,,
1448.020508,0.000009,0.0008,0.1962,0,,,
1449.020142,0.000008,0.0008,0.1840,0,,,
1450.020020,0.000009,0.0008,0.1972,0,,,
1451.019775,0.000009,0.0009,0.2024,0,,,
1452.019409,0.000009,0.0008,0.1980,0,,,
1453.020386,0.000009,0.0008,0.1934,0,,,
1454.020264,0.000010,0.0009,0.2116,0,,,
1455.019897,0.000009,0.0008,0.1965,0,,,
1456.019653,0.000009,0.0008,0.1957,0,,,
1457.020508,0.000009,0.0008,0.2011,0,,,
1458.020386,0.000009,0.0008,0.2000,0,,,
1459.020142,0.000010,0.0009,0.2071,0,,,
1460.019897,0.000009,0.0009,0.2044,0,,,
1461.019653,0.000009,0.0009,0.2039,0,,,
1462.020630,0.000009,0.0008,0.2000,0,,,
1463.020264,0.000009,0.0008,0.1988,0,,,
1464.020142,0.000009,0.0008,0.1960,0,,,
1465.019897,0.000009,0.0009,0.2013,0,,,
1466.019653,0.000009,0.0008,0.1963,0,,,
1467.020508,0.000009,0.0009,0.2053,0,,,
1468.020386,0.000009,0.0008,0.1929,0,,,
1469.020142,0.000009,0.0008,0.1997,0,,,
1470.019897,0.000010,0.0009,0.2111,0,,,
1471.019653,0.000010,0.0009,0.2104,0,,,
1472.020630,0.000009,0.0009,0.2042,0,,,
1473.020264,0.000009,0.0008,0.1934,0,,,
1474.020142,0.000009,0.0009,0.2030,0,,,
1475.019897,0.000009,0.0009,0.2045,0,,,
1476.019653,0.000009,0.0008,0.2001,0,,,
1477.020508,0.000009,0.0008,0.1958,0,,,
1478.020386,0.000009,0.0008,0.1952,0,,,
1479.020020,0.000009,0.0008,0.1912,0,,,
1480.019897,0.000009,0.0008,0.1896,0,,,
1481.019653,0.000009,0.0008,0.1964,0,,,
1482.020508,0.000009,0.0008,0.1967,0,,,
1483.020264,0.000009,0.0008,0.1962,0,,,
1484.020142,0.000009,0.0009,0.2048,0,,,
1485.019775,0.000009,0.0008,0.1994,0,,,
1486.019531,0.000009,0.0008,0.1999,0,,,
1487.020508,0.000009,0.0008,0.2012,0,,,
1488.020264,0.000009,0.0009,0.2034,0,,,
1489.020020,0.000009,0.0008,0.1990,0,,,
1490.019897,0.000009,0.0009,0.2024,0,,,
1491.019531,0.000010,0.0009,0.2105,0,,,
1492.020508,0.000009,0.0008,0.1890,0,,,
1493.020264,0.000009,0.0008,0.2007,0,,,
1494.020020,0.000010,0.0009,0.2070,0,,,
1495.019775,0.000009,0.0008,0.1944,0,,,
1496.019409,0.000009,0.0009,0.2041,0,,,
1497.020386,0.000010,0.0009,0.2163,0,,,
1498.020264,0.000009,0.0008,0.1978,0,,,
1499.019897,0.000009,0.0008,0.1992,0,,,
1500.019653,0.000009,0.0008,0.1978,0,,,
1501.019409,0.000009,0.0008,0.1942,0,,,
1502.020386,0.000009,0.0008,0.1975,0,,,
1503.020142,0.000010,0.0009,0.2075,0,,,
1504.019897,0.000010,0.0009,0.2065,0,,,
1505.019653,0.000009,0.0009,0.2033,0,,,
1506.019409,0.000009,0.0008,0.1986,0,,,
1507.020386,0.000009,0.0009,0.2013,0,,,
1508.020142,0.000010,0.0009,0.2110,0,,,
1509.019897,0.000009,0.0008,0.2003,0,,,
1510.019531,0.000009,0.0009,0.2033,0,,,
1511.020508,0.000009,0.0008,0.1960,0,,,
1512.020264,0.000009,0.0008,0.2001,0,,,
1513.020020,0.000009,0.0008,0.2010,0,,,
1514.019897,0.000009,0.0009,0.2041,0,,,
1515.019531,0.000009,0.0008,0.1992,0,,,
1516.020508,0.000009,0.0009,0.2055,0,,,
1517.020142,0.000010,0.0009,0.2090,0,,,
1518.020020,0.000009,0.0008,0.1971,0,,,
1519.019653,0.000009,0.0008,0.1959,0,,,
1520.019409,0.000009,0.0008,0.2005,0,,,
1521.020386,0.000009,0.0009,0.2024,0,,,
1522.020142,0.000009,0.0009,0.2053,0,,,
1523.019897,0.000009,0.0009,0.2018,0,,,
1524.019653,0.000010,0.0009,0.2150,0,,,
1525.020508,0.000009,0.0009,0.2059,0,,,
1526.020386,0.000009,0.0009,0.2057,0,,,
1527.020142,0.000009,0.0009,0.2022,0,,,
1528.019897,0.000010,0.0009,0.2114,0,,,
1529.019653,0.000009,0.0009,0.2035,0,,,
1530.020508,0.000010,0.0009,0.2082,0,,,
1531.020264,0.000009,0.0009,0.2021,0,,,
1532.020020,0.000009,0.0008,0.1973,0,,,
1533.019775,0.000009,0.0008,0.1982,0,,,
1534.019531,0.000009,0.0009,0.2047,0,,,
1535.020386,0.000009,0.0008,0.1962,0,,,
1536.020264,0.008134,0.7463,176.6779,0,,,
1537.019897,0.036892,3.3847,801.3177,0,,,
1538.019653,0.036579,3.3559,794.5165,1,1536.020264,590.6377,1
1539.020264,0.036596,3.3576,794.9014,0,,,
1540.020020,0.036618,3.3596,795.3776,0,,,
1541.019775,0.037023,3.3967,804.1729,1,1539.020264,207.3132,1
1542.020264,0.036931,3.3882,802.1628,0,,,
1543.020020,0.036955,3.3904,802.6799,0,,,
1544.019897,0.036530,3.3514,793.4484,0,,,
1545.019653,0.036725,3.3694,797.7006,0,,,
1546.020508,0.037103,3.4041,805.9093,0,,,
1547.020264,0.036745,3.3712,798.1198,0,,,
1548.020142,0.036426,3.3419,791.1914,0,,,
1549.019897,0.036741,3.3708,798.0439,0,,,
1550.019531,0.036951,3.3901,802.6114,0,,,
1551.020508,0.036556,3.3539,794.0240,0,,,
1552.020386,0.036398,3.3393,790.5868,0,,,
1553.020020,0.036816,3.3777,799.6760,0,,,
1554.019897,0.036995,3.3941,803.5568,0,,,
1555.019531,0.036602,3.3581,795.0315,0,,,
1556.020508,0.036431,3.3424,791.3168,0,,,
1557.020264,0.036829,3.3789,799.9520,0,,,
1558.020020,0.036800,3.3763,799.3303,0,,,
1559.019775,0.036362,3.3360,789.8096,0,,,
1560.019531,0.036545,3.3528,793.7809,0,,,
1561.020386,0.026760,2.4551,581.2521,0,,,
1562.020264,0.000024,0.0022,0.5131,0,,,
1563.019897,0.000013,0.0012,0.2778,1,1561.020386,600.2928,-1
1564.020508,0.000010,0.0009,0.2219,0,,,
1565.020142,0.000009,0.0008,0.1979,0,,,
1566.020020,0.000009,0.0008,0.2009,1,1564.020508,193.8074,-1
1567.020386,0.000009,0.0008,0.1985,0,,,
1568.020264,0.000009,0.0008,0.1985,0,,,
1569.019897,0.000009,0.0009,0.2059,0,,,
1570.019653,0.000009,0.0009,0.2026,0,,,
1571.019531,0.000010,0.0009,0.2178,0,,,
1572.020386,0.000009,0.0008,0.1917,0,,,
1573.020142,0.000009,0.0009,0.2029,0,,,
1574.019897,0.000009,0.0008,0.1966,0,,,
1575.019653,0.000009,0.0009,0.2045,0,,,
1576.020630,0.000009,0.0009,0.2034,0,,,
1577.020264,0.000009,0.0009,0.2058,0,,,
1578.020142,0.000009,0.0008,0.1986,0,,,
1579.019897,0.000009,0.0008,0.1903,0,,,
1580.019531,0.000009,0.0009,0.2033,0,,,
1581.020508,0.000009,0.0009,0.2050,0,,,
1582.020386,0.000009,0.0009,0.2041,0,,,
1583.020020,0.000009,0.0008,0.1986,0,,,
1584.019897,0.000009,0.0008,0.1973,0,,,
1585.019531,0.000009,0.0009,0.2058,0,,,
1586.020508,0.000009,0.0008,0.1972,0,,,
1587.020264,0.000009,0.0008,0.1982,0,,,
1588.020020,0.023389,2.1458,508.0183,0,,,
1589.019775,0.036711,3.3681,797.3882,0,,,
1590.019531,0.036794,3.3757,799.2023,1,1588.020020,701.3359,1
1591.020020,0.036769,3.3734,798.6534,0,,,
1592.019897,0.036554,3.3536,793.9742,0,,,
1593.019531,0.036575,3.3556,794.4399,1,1591.020020,94.1529,1
1594.020142,0.036604,3.3583,795.0722,0,,,
1595.019775,0.036759,3.3724,798.4259,0,,,
1596.019531,0.036458,3.3449,791.8989,0,,,
1597.020508,0.036714,3.3683,797.4466,0,,,
1598.020386,0.036256,3.3264,787.5148,0,,,
1599.020142,0.036637,3.3613,795.7779,0,,,
1600.019897,0.036589,3.3569,794.7427,0,,,
1601.019653,0.036452,3.3443,791.7601,0,,,
1602.020630,0.036624,3.3601,795.4955,0,,,
1603.020264,0.036289,3.3293,788.2230,0,,,
1604.020142,0.036634,3.3610,795.7265,0,,,
1605.019897,0.036304,3.3307,788.5430,0,,,
1606.019531,0.036385,3.3382,790.3176,0,,,
1607.020508,0.036689,3.3661,796.9133,0,,,
1608.020264,0.036250,3.3258,787.3729,0,,,
1609.020020,0.036660,3.3634,796.2902,0,,,
1610.019897,0.036425,3.3418,791.1677,0,,,
1611.019531,0.036481,3.3470,792.3978,0,,,
1612.020508,0.005726,0.5254,124.3818,0,,,
1613.020264,0.000009,0.0008,0.1964,0,,,
1614.020020,0.000009,0.0009,0.2016,1,1612.020508,751.6919,-1
1615.020508,0.000008,0.0008,0.1844,0,,,
1616.020264,0.000009,0.0008,0.2005,0,,,
1617.020020,0.000009,0.0009,0.2048,1,1615.020508,41.3967,-1
1618.020508,0.000010,0.0009,0.2073,0,,,
1619.020264,0.000009,0.0009,0.2019,0,,,
1620.020020,0.000009,0.0008,0.2012,0,,,
1621.019775,0.000009,0.0008,0.1984,0,,,
1622.019531,0.000009,0.0008,0.1918,0,,,
1623.020386,0.000009,0.0009,0.2055,0,,,
1624.020264,0.000009,0.0009,0.2020,0,,,
1625.020020,0.000009,0.0008,0.1998,0,,,
1626.019653,0.000009,0.0008,0.1902,0,,,
1627.019531,0.000009,0.0008,0.1968,0,,,
1628.020386,0.000009,0.0009,0.2056,0,,,
1629.020142,0.000009,0.0009,0.2060,0,,,
1630.020020,0.000009,0.0008,0.1991,0,,,
1631.019653,0.000009,0.0008,0.2008,0,,,
1632.019409,0.000009,0.0008,0.1974,0,,,
1633.020386,0.000010,0.0009,0.2075,0,,,
1634.020142,0.000009,0.0009,0.2044,0,,,
1635.019897,0.000009,0.0009,0.2016,0,,,
1636.019653,0.000009,0.0008,0.2009,0,,,
1637.020508,0.000009,0.0008,0.1983,0,,,
1638.020386,0.000009,0.0008,0.2009,0,,,
1639.020020,0.000009,0.0008,0.1950,0,,,
1640.019897,0.000009,0.0008,0.2000,0,,,
1641.019653,0.000009,0.0009,0.2035,0,,,
1642.020508,0.000009,0.0009,0.2050,0,,,
1643.020264,0.000010,0.0009,0.2083,0,,,
1644.020020,0.000009,0.0008,0.1975,0,,,
1645.019775,0.000009,0.0008,0.2007,0,,,
1646.019409,0.000010,0.0009,0.2105,0,,,
1647.020386,0.000009,0.0009,0.2018,0,,,
1648.020264,0.000009,0.0009,0.2058,0,,,
1649.019897,0.000009,0.0008,0.2005,0,,,
1650.019653,0.000009,0.0008,0.2002,0,,,
1651.020508,0.000009,0.0009,0.2055,0,,,
1652.020386,0.002540,0.2330,55.1644,0,,,
1653.020142,0.002643,0.2425,57.4154,0,,,
1654.019897,0.002152,0.1974,46.7353,1,1652.020386,52.9029,1
1655.020386,0.002095,0.1922,45.5001,0,,,
1656.020142,0.002095,0.1922,45.4983,0,,,
1657.019897,0.002095,0.1922,45.5046,0,,,
1658.019653,0.002092,0.1919,45.4385,0,,,
1659.019531,0.002093,0.1920,45.4563,0,,,
1660.020386,0.002094,0.1921,45.4838,0,,,
1661.020142,0.002090,0.1917,45.3899,0,,,
1662.020020,0.002088,0.1915,45.3430,0,,,
1663.019653,0.002086,0.1913,45.3010,0,,,
1664.019409,0.002087,0.1915,45.3307,0,,,
1665.020386,0.002090,0.1917,45.3885,0,,,
1666.020264,0.002091,0.1919,45.4274,0,,,
1667.019897,0.002092,0.1920,45.4459,0,,,
1668.019653,0.002095,0.1922,45.5007,0,,,
1669.019531,0.002100,0.1926,45.6071,0,,,
1670.020508,0.002105,0.1931,45.7155,0,,,
1671.020142,0.002111,0.1937,45.8586,0,,,
1672.020020,0.002118,0.1943,46.0000,0,,,
1673.019775,0.002122,0.1947,46.0952,0,,,
1674.019409,0.002124,0.1949,46.1393,0,,,
1675.020386,0.002129,0.1954,46.2529,0,,,
1676.020264,0.002124,0.1948,46.1250,0,,,
1677.020020,0.002114,0.1940,45.9217,0,,,
1678.019653,0.002102,0.1929,45.6600,0,,,
1679.019531,0.000873,0.0801,18.9623,0,,,
1680.020386,0.000010,0.0009,0.2126,0,,,
1681.020142,0.000009,0.0008,0.2009,0,,,
1682.020020,0.000010,0.0009,0.2108,1,1680.020386,36.6399,-1
1683.020386,0.000010,0.0009,0.2069,0,,,
1684.020264,0.000009,0.0009,0.2053,0,,,
1685.019897,0.000010,0.0009,0.2083,0,,,
1686.019653,0.000009,0.0009,0.2060,0,,,
1687.020508,0.000010,0.0009,0.2072,0,,,
1688.020386,0.000009,0.0009,0.2041,0,,,
1689.020020,0.000009,0.0009,0.2059,0,,,
1690.019897,0.000009,0.0009,0.2056,0,,,
1691.019653,0.000009,0.0009,0.2061,0,,,
1692.020508,0.000009,0.0008,0.2002,0,,,
1693.020264,0.000010,0.0009,0.2101,0,,,
1694.020020,0.000010,0.0009,0.2126,0,,,
1695.019775,0.000010,0.0009,0.2080,0,,,
1696.019531,0.000010,0.0009,0.2135,0,,,
1697.020386,0.000009,0.0008,0.1972,0,,,
1698.020264,0.000009,0.0008,0.1916,0,,,
1699.019897,0.000010,0.0009,0.2125,0,,,
1700.019653,0.000009,0.0009,0.2034,0,,,
1701.019531,0.000010,0.0009,0.2156,0,,,
1702.020386,0.000010,0.0009,0.2115,0,,,
1703.020142,0.000009,0.0009,0.2016,0,,,
1704.020020,0.000009,0.0009,0.2063,0,,,
1705.019653,0.000010,0.0009,0.2092,0,,,
1706.020630,0.000010,0.0009,0.2079,0,,,
1707.020264,0.000722,0.0662,15.6775,0,,,
1708.020142,0.002910,0.2670,63.2150,0,,,
1709.019775,0.002356,0.2161,51.1725,0,,,
1710.019531,0.002107,0.1933,45.7611,1,1708.020142,48.0180,1
1711.020020,0.002116,0.1941,45.9630,0,,,
1712.019653,0.002111,0.1936,45.8433,0,,,
1713.019531,0.002105,0.1931,45.7194,0,,,
1714.020386,0.002099,0.1926,45.5953,0,,,
1715.020142,0.002089,0.1917,45.3853,0,,,
1716.019897,0.002085,0.1913,45.2853,0,,,
1717.019653,0.002083,0.1911,45.2344,0,,,
1718.020508,0.002081,0.1909,45.2028,0,,,
1719.020264,0.002077,0.1906,45.1211,0,,,
1720.020020,0.002080,0.1908,45.1764,0,,,
1721.019775,0.002086,0.1913,45.2991,0,,,
1722.019409,0.002087,0.1915,45.3413,0,,,
1723.020386,0.002094,0.1922,45.4918,0,,,
1724.020264,0.002101,0.1928,45.6426,0,,,
1725.019897,0.002107,0.1933,45.7595,0,,,
1726.019653,0.001285,0.1179,27.9172,0,,,
1727.019409,0.000010,0.0009,0.2130,0,,,
1728.020386,0.000010,0.0009,0.2124,0,,,
1729.020142,0.000009,0.0008,0.1961,1,1727.019409,39.5660,-1
1730.019409,0.000010,0.0009,0.2109,0,,,
1731.020386,0.000010,0.0009,0.2088,0,,,
1732.020142,0.000010,0.0009,0.2125,0,,,
1733.019897,0.000010,0.0009,0.2109,0,,,
1734.019653,0.000010,0.0009,0.2108,0,,,
1735.020508,0.000010,0.0009,0.2104,0,,,
1736.020386,0.000010,0.0009,0.2090,0,,,
1737.020142,0.000009,0.0009,0.2050,0,,,
1738.019897,0.000010,0.0009,0.2108,0,,,
1739.019653,0.000010,0.0009,0.2134,0,,,
1740.020508,0.000010,0.0009,0.2105,0,,,
1741.020264,0.000010,0.0009,0.2161,0,,,
1742.020142,0.000010,0.0009,0.2096,0,,,
1743.019775,0.000009,0.0008,0.1968,0,,,
1744.019531,0.000009,0.0009,0.2018,0,,,
1745.020508,0.000010,0.0009,0.2113,0,,,
1746.020264,0.000010,0.0009,0.2206,0,,,
1747.020020,0.000010,0.0009,0.2118,0,,,
1748.019653,0.001152,0.1056,25.0117,0,,,
1749.019531,0.002880,0.2643,62.5641,0,,,
1750.020508,0.002303,0.2113,50.0139,0,,,
1751.020142,0.002099,0.1925,45.5861,1,1749.019531,44.2400,1
1752.019409,0.002124,0.1949,46.1325,0,,,
1753.020386,0.002123,0.1948,46.1192,0,,,
1754.020264,0.002120,0.1945,46.0406,0,,,
1755.019897,0.002125,0.1950,46.1643,0,,,
1756.019653,0.002122,0.1947,46.0932,0,,,
1757.020508,0.002124,0.1949,46.1392,0,,,
1758.020386,0.002124,0.1949,46.1339,0,,,
1759.020142,0.002126,0.1951,46.1878,0,,,
1760.019897,0.002126,0.1951,46.1804,0,,,
1761.019653,0.002126,0.1950,46.1733,0,,,
1762.020508,0.002126,0.1951,46.1833,0,,,
1763.020264,0.002126,0.1951,46.1846,0,,,
1764.020142,0.002124,0.1949,46.1385,0,,,
1765.019775,0.002122,0.1947,46.0928,0,,,
1766.019531,0.000957,0.0878,20.7805,0,,,
1767.020386,0.000010,0.0009,0.2178,0,,,
1768.020264,0.000010,0.0009,0.2099,0,,,
1769.019897,0.000009,0.0008,0.1957,1,1767.020386,37.4628,-1
1770.020508,0.000010,0.0009,0.2133,0,,,
1771.020264,0.000010,0.0009,0.2175,0,,,
1772.020020,0.000010,0.0009,0.2215,0,,,
1773.019775,0.000010,0.0009,0.2101,0,,,
1774.019409,0.000010,0.0009,0.2083,0,,,
1775.020386,0.000010,0.0009,0.2143,0,,,
1776.020142,0.000010,0.0009,0.2130,0,,,
1777.019897,0.000010,0.0009,0.2239,0,,,
1778.019653,0.000010,0.0009,0.2153,0,,,
1779.020508,0.000010,0.0009,0.2105,0,,,
1780.020386,0.000010,0.0009,0.2140,0,,,
1781.020020,0.000010,0.0009,0.2203,0,,,
1782.019897,0.000010,0.0009,0.2097,0,,,
1783.019653,0.000010,0.0009,0.2146,0,,,
1784.020508,0.000010,0.0009,0.2226,0,,,
1785.020264,0.000009,0.0009,0.2057,0,,,
1786.020020,0.000010,0.0009,0.2111,0,,,
1787.019775,0.000010,0.0009,0.2130,0,,,
1788.019409,0.000009,0.0009,0.2034,0,,,
1789.020386,0.000009,0.0009,0.2043,0,,,
1790.020264,0.000010,0.0009,0.2139,0,,,
1791.019897,0.000010,0.0009,0.2170,0,,,
1792.019653,0.000010,0.0009,0.2142,0,,,
1793.019409,0.000009,0.0009,0.2035,0,,,
1794.020386,0.000010,0.0009,0.2123,0,,,
1795.020142,0.000010,0.0009,0.2160,0,,,
1796.019897,0.000010,0.0009,0.2141,0,,,
1797.019653,0.000010,0.0009,0.2158,0,,,
1798.019409,0.000009,0.0008,0.1999,0,,,
1799.020386,0.000010,0.0009,0.2087,0,,,
1800.020142,0.000010,0.0009,0.2118,0,,,
1801.019897,0.000010,0.0009,0.2108,0,,,
1802.019531,0.000009,0.0009,0.2026,0,,,
1803.020508,0.000010,0.0009,0.2074,0,,,
1804.020386,0.000010,0.0009,0.2178,0,,,
1805.020020,0.000010,0.0009,0.2135,0,,,
1806.019897,0.000010,0.0009,0.2109,0,,,
1807.019531,0.000009,0.0009,0.2052,0,,,
1808.020508,0.000010,0.0009,0.2219,0,,,
1809.020264,0.000009,0.0009,0.2052,0,,,
1810.020020,0.000010,0.0009,0.2075,0,,,
1811.019775,0.000010,0.0009,0.2076,0,,,
1812.019409,0.000010,0.0009,0.2081,0,,,
1813.020386,0.000009,0.0008,0.1997,0,,,
1814.020264,0.000009,0.0009,0.2045,0,,,
1815.019897,0.000009,0.0009,0.2018,0,,,
1816.019653,0.000009,0.0009,0.2016,0,,,
1817.019531,0.000010,0.0009,0.2115,0,,,
1818.020386,0.000010,0.0009,0.2110,0,,,
1819.020142,0.000010,0.0009,0.2160,0,,,
1820.020020,0.000010,0.0009,0.2097,0,,,
1821.019653,0.000010,0.0009,0.2080,0,,,
1822.019409,0.000010,0.0009,0.2185,0,,,
1823.020386,0.000009,0.0009,0.2031,0,,,
1824.020142,0.000009,0.0009,0.2038,0,,,
1825.019897,0.000010,0.0009,0.2090,0,,,
1826.019653,0.000010,0.0009,0.2132,0,,,
1827.020508,0.000009,0.0009,0.2016,0,,,
1828.020386,0.000010,0.0009,0.2069,0,,,
1829.020142,0.000009,0.0009,0.2023,0,,,
1830.019897,0.000010,0.0009,0.2125,0,,,
1831.019653,0.000009,0.0009,0.2063,0,,,
1832.020630,0.000010,0.0009,0.2093,0,,,
1833.020264,0.000010,0.0009,0.2096,0,,,
1834.020142,0.000010,0.0009,0.2082,0,,,
1835.019897,0.000010,0.0009,0.2078,0,,,
1836.019653,0.000010,0.0009,0.2064,0,,,
1837.020508,0.000009,0.0009,0.2057,0,,,
1838.020386,0.000009,0.0008,0.1893,0,,,
1839.020020,0.000009,0.0008,0.1972,0,,,
1840.019897,0.000009,0.0008,0.2001,0,,,
1841.019653,0.000010,0.0009,0.2146,0,,,
1842.020508,0.000009,0.0008,0.1958,0,,,
1843.020264,0.000010,0.0009,0.2070,0,,,
1844.020020,0.000010,0.0009,0.2084,0,,,
1845.019775,0.000009,0.0009,0.2041,0,,,
1846.019531,0.000009,0.0009,0.2051,0,,,
1847.020386,0.000009,0.0009,0.2055,0,,,
1848.020264,0.000009,0.0008,0.1994,0,,,
1849.020020,0.000010,0.0009,0.2143,0,,,
1850.019653,0.000009,0.0009,0.2030,0,,,
1851.019531,0.000009,0.0009,0.2063,0,,,
1852.020508,0.000010,0.0009,0.2082,0,,,
1853.020142,0.000010,0.0009,0.2179,0,,,
1854.020020,0.000010,0.0009,0.2068,0,,,
1855.019775,0.000009,0.0009,0.2059,0,,,
1856.019409,0.000010,0.0009,0.2069,0,,,
1857.020386,0.000010,0.0009,0.2188,0,,,
1858.020142,0.004221,0.3872,91.6757,0,,,
1859.019897,0.000438,0.0402,9.5219,0,,,
1860.019653,0.000936,0.0859,20.3268,1,1858.020142,40.2976,1
1861.020142,0.003037,0.2787,65.9766,0,,,
1862.020020,0.003295,0.3023,71.5652,0,,,
1863.019653,0.003836,0.3520,83.3282,0,,,
1864.019409,0.004490,0.4119,97.5248,1,1862.020020,52.1976,1
1865.019897,0.004719,0.4330,102.5012,0,,,
1866.019531,0.004662,0.4277,101.2518,0,,,
1867.020508,0.004669,0.4284,101.4162,0,,,
1868.020264,0.004686,0.4299,101.7806,0,,,
1869.020020,0.004606,0.4226,100.0415,0,,,
1870.019653,0.004584,0.4205,99.5574,0,,,
1871.019531,0.004560,0.4184,99.0514,0,,,
1872.020508,0.004529,0.4155,98.3766,0,,,
1873.020142,0.004474,0.4104,97.1688,0,,,
1874.020020,0.004477,0.4108,97.2541,0,,,
1875.019653,0.004487,0.4116,97.4503,0,,,
1876.019409,0.004465,0.4096,96.9771,0,,,
1877.020386,0.004493,0.4122,97.5982,0,,,
1878.020142,0.004532,0.4158,98.4482,0,,,
1879.019897,0.004586,0.4207,99.6058,0,,,
1880.019653,0.004586,0.4207,99.6063,0,,,
1881.020508,0.004591,0.4212,99.7298,0,,,
1882.020386,0.004597,0.4218,99.8508,0,,,
1883.020020,0.004604,0.4224,100.0038,0,,,
1884.019897,0.004622,0.4240,100.3902,0,,,
1885.019531,0.004642,0.4259,100.8214,0,,,
1886.020508,0.004631,0.4249,100.5882,0,,,
1887.020264,0.004645,0.4261,100.8843,0,,,
1888.020020,0.004682,0.4296,101.7063,0,,,
1889.019775,0.004242,0.3892,92.1317,0,,,
1890.019409,0.000014,0.0013,0.3023,0,,,
1891.020386,0.000011,0.0010,0.2310,0,,,
1892.020142,0.000010,0.0009,0.2143,1,1890.019409,97.9916,-1
1893.019531,0.000010,0.0009,0.2104,0,,,
1894.020386,0.000010,0.0009,0.2068,0,,,
1895.020142,0.000009,0.0009,0.2030,0,,,
1896.020020,0.000009,0.0008,0.2002,0,,,
1897.019653,0.000009,0.0008,0.1941,0,,,
1898.019409,0.000009,0.0009,0.2059,0,,,
1899.020386,0.000009,0.0009,0.2014,0,,,
1900.020142,0.000009,0.0009,0.2052,0,,,
1901.019897,0.000010,0.0009,0.2144,0,,,
1902.019653,0.000010,0.0009,0.2067,0,,,
1903.020508,0.000010,0.0009,0.2161,0,,,
1904.020386,0.000010,0.0009,0.2098,0,,,
1905.020142,0.000010,0.0009,0.2078,0,,,
1906.019897,0.000009,0.0009,0.2025,0,,,
1907.019653,0.000010,0.0009,0.2072,0,,,
1908.020630,0.000009,0.0008,0.1983,0,,,
1909.020264,0.000010,0.0009,0.2117,0,,,
1910.020142,0.000009,0.0009,0.2034,0,,,
1911.019775,0.000009,0.0008,0.1923,0,,,
1912.019531,0.000009,0.0009,0.2043,0,,,
1913.020508,0.000010,0.0009,0.2134,0,,,
1914.020264,0.000009,0.0009,0.2048,0,,,
1915.020020,0.000010,0.0009,0.2119,0,,,
1916.019653,0.000010,0.0009,0.2085,0,,,
1917.019531,0.000010,0.0009,0.2086,0,,,
1918.020508,0.005036,0.4621,109.3930,0,,,
1919.020142,0.000604,0.0554,13.1258,0,,,
1920.020020,0.000440,0.0404,9.5592,1,1918.020508,43.8163,1
1921.020386,0.002744,0.2518,59.6124,0,,,
1922.020264,0.004490,0.4119,97.5220,0,,,
1923.019897,0.004487,0.4116,97.4513,0,,,
1924.019653,0.004506,0.4134,97.8744,1,1922.020264,70.1834,1
1925.020142,0.004672,0.4286,101.4723,0,,,
1926.020020,0.004699,0.4311,102.0610,0,,,
1927.019775,0.004709,0.4320,102.2843,0,,,
1928.019409,0.004699,0.4311,102.0582,0,,,
1929.020386,0.004693,0.4306,101.9405,0,,,
1930.020264,0.004660,0.4275,101.2182,0,,,
1931.019897,0.004666,0.4280,101.3386,0,,,
1932.019653,0.004646,0.4262,100.9135,0,,,
1933.020508,0.004663,0.4278,101.2782,0,,,
1934.020386,0.004666,0.4281,101.3427,0,,,
1935.020142,0.004607,0.4226,100.0584,0,,,
1936.019897,0.004532,0.4157,98.4282,0,,,
1937.019653,0.004527,0.4153,98.3267,0,,,
1938.020630,0.004484,0.4114,97.3994,0,,,
1939.020386,0.004507,0.4135,97.8849,0,,,
1940.020142,0.004504,0.4132,97.8202,0,,,
1941.019897,0.003943,0.3617,85.6352,0,,,
1942.019531,0.000010,0.0009,0.2127,0,,,
1943.020508,0.000010,0.0009,0.2151,0,,,
1944.020386,0.000009,0.0009,0.2055,1,1942.019531,93.5690,-1
1945.019653,0.000010,0.0009,0.2142,0,,,
1946.020630,0.000009,0.0009,0.2063,0,,,
1947.020264,0.000009,0.0009,0.2038,0,,,
1948.020142,0.000010,0.0009,0.2119,0,,,
1949.019775,0.000010,0.0009,0.2139,0,,,
1950.019531,0.000009,0.0009,0.2025,0,,,
1951.020508,0.000009,0.0009,0.2028,0,,,
1952.020386,0.000010,0.0009,0.2090,0,,,
1953.020020,0.000009,0.0009,0.2026,0,,,
1954.019897,0.000010,0.0009,0.2095,0,,,
1955.019531,0.000010,0.0009,0.2113,0,,,
1956.020508,0.000010,0.0009,0.2130,0,,,
1957.020264,0.000010,0.0009,0.2104,0,,,
1958.020020,0.000009,0.0009,0.2061,0,,,
1959.019775,0.000009,0.0009,0.2062,0,,,
1960.019531,0.008383,0.7691,182.0850,0,,,
1961.020386,0.000460,0.0422,9.9904,0,,,
1962.020264,0.000557,0.0511,12.1074,1,1960.019531,67.8533,1
1963.019531,0.003082,0.2828,66.9529,0,,,
1964.020386,0.004681,0.4295,101.6805,0,,,
1965.020142,0.004692,0.4305,101.9209,0,,,
1966.020020,0.004696,0.4308,101.9955,1,1964.020386,72.1821,1
1967.020386,0.004530,0.4156,98.3941,0,,,
1968.020264,0.004550,0.4175,98.8389,0,,,
1969.019897,0.004612,0.4231,100.1742,0,,,
1970.019653,0.004585,0.4207,99.5925,0,,,
1971.019409,0.004642,0.4259,100.8318,0,,,
1972.020386,0.004682,0.4295,101.6889,0,,,
1973.020142,0.004705,0.4317,102.1940,0,,,
1974.020020,0.004669,0.4283,101.4046,0,,,
1975.019653,0.004676,0.4290,101.5736,0,,,
1976.020630,0.004658,0.4273,101.1684,0,,,
1977.020386,0.004656,0.4271,101.1231,0,,,
1978.020142,0.004653,0.4269,101.0662,0,,,
1979.019897,0.002507,0.2300,54.4492,0,,,
1980.019653,0.000011,0.0010,0.2459,0,,,
1981.020508,0.000010,0.0009,0.2144,1,1979.019897,82.8161,-1
1982.019897,0.000009,0.0009,0.2022,0,,,
1983.019653,0.000009,0.0009,0.2048,0,,,
1984.020630,0.000009,0.0009,0.2059,0,,,
1985.020264,0.000009,0.0009,0.2036,0,,,
1986.020142,0.000010,0.0009,0.2086,0,,,
1987.019775,0.000009,0.0009,0.2034,0,,,
1988.019531,0.000009,0.0008,0.1990,0,,,
1989.020508,0.000009,0.0008,0.1948,0,,,
1990.020264,0.000010,0.0009,0.2177,0,,,
1991.020020,0.000010,0.0009,0.2071,0,,,
1992.019653,0.000009,0.0008,0.1939,0,,,
1993.019531,0.000010,0.0009,0.2081,0,,,
1994.020386,0.000010,0.0009,0.2117,0,,,
1995.020142,0.000010,0.0009,0.2094,0,,,
1996.020020,0.000010,0.0009,0.2192,0,,,
1997.019653,0.000009,0.0009,0.2030,0,,,
1998.019409,0.000010,0.0009,0.2141,0,,,
1999.020386,0.000009,0.0009,0.2042,0,,,
2000.020142,0.000009,0.0009,0.2063,0,,,
2001.019897,0.000010,0.0009,0.2084,0,,,
2002.019653,0.000009,0.0008,0.2003,0,,,
2003.020508,0.000010,0.0009,0.2151,0,,,
2004.020386,0.000009,0.0008,0.1993,0,,,
2005.020142,0.000009,0.0008,0.1989,0,,,
2006.019897,0.000010,0.0009,0.2111,0,,,
2007.019653,0.000010,0.0009,0.2086,0,,,
2008.020630,0.000010,0.0009,0.2122,0,,,
2009.020264,0.000009,0.0009,0.2024,0,,,
2010.020142,0.000010,0.0009,0.2134,0,,,
2011.019775,0.000010,0.0009,0.2093,0,,,
2012.019531,0.000010,0.0009,0.2096,0,,,
2013.020508,0.000010,0.0009,0.2087,0,,,
2014.020264,0.000009,0.0009,0.2050,0,,,
2015.020020,0.000009,0.0009,0.2019,0,,,
2016.019897,0.000010,0.0009,0.2190,0,,,
2017.019531,0.000010,0.0009,0.2152,0,,,
2018.020508,0.000009,0.0009,0.2032,0,,,
2019.020264,0.000009,0.0008,0.1992,0,,,
2020.020020,0.000010,0.0009,0.2138,0,,,
2021.019775,0.000010,0.0009,0.2069,0,,,
2022.019531,0.000010,0.0009,0.2090,0,,,
2023.020386,0.000010,0.0009,0.2153,0,,,
2024.020264,0.000009,0.0009,0.2037,0,,,
2025.019897,0.000009,0.0009,0.2056,0,,,
2026.019653,0.000010,0.0009,0.2089,0,,,
2027.019531,0.000010,0.0009,0.2156,0,,,
2028.020386,0.000009,0.0008,0.1981,0,,,
2029.020142,0.000009,0.0009,0.2043,0,,,
2030.019897,0.000010,0.0009,0.2168,0,,,
2031.019653,0.000010,0.0009,0.2134,0,,,
2032.020630,0.000009,0.0008,0.1996,0,,,
2033.020264,0.000009,0.0009,0.2048,0,,,
2034.020142,0.000009,0.0009,0.2046,0,,,
2035.019897,0.000010,0.0009,0.2069,0,,,
2036.019531,0.000009,0.0009,0.2037,0,,,
2037.020508,0.004671,0.4285,101.4588,0,,,
2038.020386,0.000446,0.0410,9.6979,0,,,
2039.020020,0.000909,0.0834,19.7531,1,2037.020508,43.4316,1
2040.020508,0.003003,0.2755,65.2256,0,,,
2041.020264,0.003179,0.2916,69.0447,0,,,
2042.020020,0.003939,0.3614,85.5525,0,,,
2043.019775,0.004674,0.4289,101.5327,1,2041.020264,53.8177,1
2044.020264,0.004484,0.4114,97.3984,0,,,
2045.019897,0.004466,0.4097,96.9961,0,,,
2046.019531,0.004494,0.4123,97.6234,0,,,
2047.020508,0.004578,0.4200,99.4271,0,,,
2048.020264,0.004677,0.4291,101.5953,0,,,
2049.020020,0.004654,0.4270,101.0947,0,,,
2050.019775,0.001967,0.1805,42.7303,0,,,
2051.019531,0.000010,0.0009,0.2175,0,,,
2052.020508,0.000009,0.0009,0.2022,1,2050.019775,86.3223,-1
2053.019775,0.000010,0.0009,0.2136,0,,,
2054.019531,0.000009,0.0009,0.2058,0,,,
2055.020508,0.000010,0.0009,0.2151,0,,,
2056.020264,0.000010,0.0009,0.2135,0,,,
2057.020020,0.000010,0.0009,0.2152,0,,,
2058.019775,0.000010,0.0009,0.2123,0,,,
2059.019531,0.000009,0.0009,0.2059,0,,,
2060.020264,0.000009,0.0009,0.2055,0,,,
2061.020264,0.000009,0.0009,0.2048,0,,,
2062.019775,0.001789,0.1641,38.8595,0,,,
2063.019531,0.002797,0.2567,60.7631,0,,,
2064.020508,0.002181,0.2001,47.3812,1,2062.019775,48.7958,1
2065.020020,0.002128,0.1952,46.2137,0,,,
2066.019531,0.002130,0.1954,46.2623,0,,,
2067.020508,0.002127,0.1951,46.1942,0,,,
2068.020264,0.002126,0.1951,46.1812,0,,,
2069.020020,0.002127,0.1951,46.1970,0,,,
2070.019775,0.002121,0.1946,46.0640,0,,,
2071.019531,0.002120,0.1945,46.0505,0,,,
2072.020508,0.002118,0.1944,46.0149,0,,,
2073.020264,0.002117,0.1942,45.9724,0,,,
2074.020020,0.002114,0.1940,45.9209,0,,,
2075.019775,0.002111,0.1937,45.8467,0,,,
2076.019531,0.002109,0.1935,45.8106,0,,,
2077.020508,0.002109,0.1935,45.8026,0,,,
2078.020264,0.002109,0.1934,45.7985,0,,,
2079.020020,0.002104,0.1930,45.6967,0,,,
2080.019775,0.002101,0.1927,45.6249,0,,,
2081.019531,0.002100,0.1927,45.6196,0,,,
2082.020508,0.002098,0.1925,45.5709,0,,,
2083.020264,0.002097,0.1924,45.5536,0,,,
2084.020020,0.002098,0.1924,45.5624,0,,,
2085.019775,0.002097,0.1924,45.5423,0,,,
2086.019531,0.002096,0.1923,45.5194,0,,,
2087.020508,0.002098,0.1925,45.5786,0,,,
2088.020264,0.002106,0.1933,45.7542,0,,,
2089.020020,0.002112,0.1937,45.8700,0,,,
2090.019775,0.002120,0.1945,46.0386,0,,,
2091.019531,0.002122,0.1947,46.0872,0,,,
2092.020508,0.002124,0.1948,46.1241,0,,,
2093.020264,0.002124,0.1949,46.1423,0,,,
2094.020020,0.002125,0.1950,46.1551,0,,,
2095.019775,0.002121,0.1946,46.0698,0,,,
2096.019531,0.002115,0.1941,45.9472,0,,,
2097.020508,0.002107,0.1933,45.7601,0,,,
2098.020264,0.002099,0.1926,45.5996,0,,,
2099.020020,0.002100,0.1927,45.6146,0,,,
2100.019775,0.002098,0.1925,45.5755,0,,,
2101.019531,0.002093,0.1920,45.4547,0,,,
2102.020508,0.002088,0.1916,45.3527,0,,,
2103.020264,0.002085,0.1913,45.2932,0,,,
2104.020020,0.002085,0.1912,45.2777,0,,,
2105.019775,0.002083,0.1911,45.2431,0,,,
2106.019531,0.002085,0.1913,45.2867,0,,,
2107.020508,0.002084,0.1912,45.2626,0,,,
2108.020264,0.002086,0.1913,45.2996,0,,,
2109.020020,0.002086,0.1914,45.3144,0,,,
2110.019775,0.002088,0.1916,45.3500,0,,,
2111.019287,0.002086,0.1914,45.3118,0,,,
2112.020264,0.002088,0.1916,45.3559,0,,,
2113.020264,0.002089,0.1917,45.3766,0,,,
2114.019775,0.002091,0.1918,45.4138,0,,,
2115.019531,0.002091,0.1919,45.4266,0,,,
2116.020508,0.002094,0.1921,45.4751,0,,,
2117.020264,0.002095,0.1922,45.4964,0,,,
2118.020020,0.002094,0.1921,45.4725,0,,,
2119.019775,0.002099,0.1926,45.5882,0,,,
2120.019531,0.002098,0.1925,45.5671,0,,,
2121.020508,0.002100,0.1926,45.6096,0,,,
2122.020264,0.002100,0.1927,45.6214,0,,,
2123.020020,0.002104,0.1930,45.6951,0,,,
2124.019775,0.002105,0.1931,45.7250,0,,,
2125.019287,0.002108,0.1934,45.7798,0,,,
2126.020264,0.002111,0.1937,45.8471,0,,,
2127.020020,0.002116,0.1941,45.9592,0,,,
2128.019775,0.002117,0.1942,45.9741,0,,,
2129.019531,0.002124,0.1949,46.1372,0,,,
2130.020508,0.002130,0.1954,46.2627,0,,,
2131.020264,0.002133,0.1957,46.3410,0,,,
2132.020020,0.002131,0.1955,46.2844,0,,,
2133.019531,0.002130,0.1954,46.2567,0,,,
2134.020508,0.002127,0.1951,46.2014,0,,,
2135.020264,0.002124,0.1949,46.1318,0,,,
2136.020020,0.002119,0.1944,46.0312,0,,,
2137.019775,0.002124,0.1949,46.1356,0,,,
2138.019531,0.002122,0.1947,46.0943,0,,,
2139.020508,0.002116,0.1941,45.9608,0,,,
2140.020020,0.002115,0.1940,45.9303,0,,,
2141.020020,0.002116,0.1941,45.9585,0,,,
2142.019531,0.002119,0.1945,46.0362,0,,,
2143.020508,0.002119,0.1944,46.0179,0,,,
2144.020264,0.002123,0.1948,46.1150,0,,,
2145.020020,0.002124,0.1949,46.1452,0,,,
2146.019775,0.002125,0.1949,46.1503,0,,,
2147.019531,0.002129,0.1953,46.2333,0,,,
2148.020508,0.002130,0.1954,46.2625,0,,,
2149.020264,0.002133,0.1957,46.3398,0,,,
2150.020020,0.002133,0.1957,46.3401,0,,,
2151.019775,0.002135,0.1959,46.3816,0,,,
2152.019531,0.002134,0.1958,46.3450,0,,,
2153.020508,0.002134,0.1958,46.3614,0,,,
2154.020020,0.002127,0.1952,46.2101,0,,,
2155.020020,0.002120,0.1945,46.0383,0,,,
2156.019775,0.002116,0.1941,45.9624,0,,,
2157.019287,0.002110,0.1936,45.8282,0,,,
2158.020264,0.002103,0.1929,45.6751,0,,,
2159.020264,0.002100,0.1926,45.6082,0,,,
2160.020020,0.002093,0.1920,45.4613,0,,,
2161.019531,0.002092,0.1919,45.4328,0,,,
2162.019531,0.002086,0.1913,45.2992,0,,,
2163.020508,0.002087,0.1914,45.3235,0,,,
2164.020264,0.002083,0.1911,45.2469,0,,,
2165.020020,0.002090,0.1917,45.3936,0,,,
2166.019775,0.002094,0.1921,45.4838,0,,,
2167.019531,0.002100,0.1927,45.6221,0,,,
2168.020508,0.002103,0.1929,45.6768,0,,,
2169.020264,0.002105,0.1931,45.7202,0,,,
2170.019775,0.002111,0.1937,45.8552,0,,,
2171.019775,0.002115,0.1940,45.9285,0,,,
2172.019531,0.002116,0.1942,45.9696,0,,,
2173.020508,0.002122,0.1947,46.0914,0,,,
2174.020020,0.002124,0.1949,46.1425,0,,,
2175.019775,0.002132,0.1956,46.3056,0,,,
2176.019775,0.002133,0.1957,46.3271,0,,,
2177.020752,0.002139,0.1962,46.4610,0,,,
2178.020264,0.002137,0.1961,46.4255,0,,,
2179.020020,0.002139,0.1962,46.4575,0,,,
2180.019775,0.002138,0.1962,46.4431,0,,,
2181.019287,0.002140,0.1963,46.4760,0,,,
2182.020264,0.002136,0.1960,46.4004,0,,,
2183.020264,0.002134,0.1958,46.3469,0,,,
2184.020020,0.002133,0.1957,46.3330,0,,,
2185.019531,0.002129,0.1954,46.2522,0,,,
2186.020508,0.002127,0.1951,46.1972,0,,,
2187.020264,0.002126,0.1951,46.1843,0,,,
2188.020264,0.002123,0.1948,46.1199,0,,,
2189.020020,0.002120,0.1945,46.0488,0,,,
2190.019531,0.002119,0.1944,46.0248,0,,,
2191.020508,0.002117,0.1942,45.9775,0,,,
2192.020264,0.002117,0.1943,45.9896,0,,,
2193.020264,0.001805,0.1656,39.1989,0,,,
2194.019775,0.000010,0.0009,0.2120,0,,,
2195.019531,0.000010,0.0009,0.2086,0,,,
2196.020508,0.000010,0.0009,0.2088,1,2194.019775,43.5122,-1
2197.020020,0.000009,0.0008,0.1983,0,,,
2198.019531,0.000009,0.0009,0.2060,0,,,
2199.020508,0.000009,0.0009,0.2049,0,,,
2200.020264,0.000010,0.0009,0.2138,0,,,
2201.020020,0.000010,0.0009,0.2115,0,,,
2202.019775,0.000010,0.0009,0.2111,0,,,
2203.019531,0.000010,0.0009,0.2074,0,,,
2204.020508,0.000009,0.0009,0.2053,0,,,
2205.020264,0.000009,0.0008,0.1943,0,,,
2206.020020,0.000010,0.0009,0.2149,0,,,
2207.019775,0.000009,0.0009,0.2051,0,,,
2208.019531,0.000010,0.0009,0.2145,0,,,
2209.020508,0.000009,0.0009,0.2033,0,,,
2210.020264,0.000010,0.0009,0.2090,0,,,
2211.020020,0.000010,0.0009,0.2148,0,,,
2212.019775,0.000010,0.0009,0.2088,0,,,
2213.019287,0.000009,0.0008,0.2008,0,,,
2214.020264,0.000010,0.0009,0.2099,0,,,
2215.020264,0.000009,0.0009,0.2051,0,,,
2216.020020,0.000009,0.0009,0.2045,0,,,
2217.019531,0.000010,0.0009,0.2163,0,,,
2218.019287,0.000010,0.0009,0.2119,0,,,
2219.020264,0.000010,0.0009,0.2144,0,,,
2220.020264,0.000010,0.0009,0.2209,0,,,
2221.020020,0.000010,0.0009,0.2139,0,,,
2222.019531,0.000010,0.0009,0.2150,0,,,
2223.020508,0.000010,0.0009,0.2121,0,,,
2224.020264,0.000010,0.0009,0.2112,0,,,
2225.020264,0.000010,0.0009,0.2186,0,,,
2226.019775,0.000010,0.0009,0.2113,0,,,
2227.019531,0.000009,0.0008,0.1932,0,,,
2228.020508,0.000010,0.0009,0.2197,0,,,
2229.020508,0.000010,0.0009,0.2241,0,,,
2230.020020,0.000010,0.0009,0.2233,0,,,
2231.019775,0.000010,0.0009,0.2203,0,,,
2232.019775,0.000010,0.0009,0.2221,0,,,
2233.020508,0.000010,0.0009,0.2157,0,,,
2234.020264,0.000011,0.0010,0.2301,0,,,
2235.020020,0.000010,0.0010,0.2276,0,,,
2236.019775,0.002453,0.2250,53.2779,0,,,
2237.019531,0.002535,0.2326,55.0666,0,,,
2238.020264,0.002094,0.1921,45.4754,1,2236.019775,51.0488,1
2239.019775,0.002101,0.1928,45.6425,0,,,
2240.019531,0.002104,0.1930,45.7019,0,,,
2241.020508,0.002106,0.1933,45.7538,0,,,
2242.020020,0.002109,0.1935,45.8080,0,,,
2243.019775,0.002114,0.1940,45.9265,0,,,
2244.019775,0.002114,0.1940,45.9264,0,,,
2245.020508,0.002117,0.1942,45.9832,0,,,
2246.020264,0.002121,0.1946,46.0755,0,,,
2247.020020,0.002125,0.1950,46.1564,0,,,
2248.019775,0.002125,0.1949,46.1484,0,,,
2249.019287,0.002125,0.1950,46.1595,0,,,
2250.020264,0.002125,0.1950,46.1622,0,,,
2251.020020,0.002126,0.1950,46.1705,0,,,
2252.019775,0.002128,0.1952,46.2215,0,,,
2253.019531,0.002126,0.1950,46.1706,0,,,
2254.020264,0.002096,0.1923,45.5369,0,,,
2255.020264,0.002077,0.1906,45.1221,0,,,
2256.020020,0.002080,0.1909,45.1879,0,,,
2257.019531,0.002079,0.1908,45.1673,0,,,
2258.019531,0.002077,0.1906,45.1130,0,,,
2259.020264,0.002077,0.1905,45.1115,0,,,
2260.020264,0.002074,0.1903,45.0494,0,,,
2261.020020,0.002076,0.1905,45.0979,0,,,
2262.019531,0.002078,0.1906,45.1318,0,,,
2263.020508,0.002077,0.1906,45.1212,0,,,
2264.020264,0.002076,0.1905,45.0997,0,,,
2265.020264,0.002077,0.1905,45.1055,0,,,
2266.019775,0.002076,0.1905,45.0918,0,,,
2267.019531,0.002073,0.1901,45.0164,0,,,
2268.020508,0.002070,0.1899,44.9591,0,,,
2269.020264,0.002060,0.1890,44.7435,0,,,
2270.020020,0.002058,0.1889,44.7109,0,,,
2271.019775,0.002052,0.1883,44.5736,0,,,
2272.019531,0.002044,0.1876,44.4057,0,,,
2273.020508,0.002041,0.1873,44.3343,0,,,
2274.020020,0.002039,0.1871,44.2853,0,,,
2275.020020,0.002042,0.1873,44.3458,0,,,
2276.019775,0.002040,0.1872,44.3118,0,,,
2277.020752,0.002038,0.1870,44.2772,0,,,
2278.020264,0.002037,0.1869,44.2515,0,,,
2279.020020,0.002037,0.1869,44.2412,0,,,
2280.020020,0.002035,0.1867,44.2119,0,,,
2281.019531,0.002034,0.1866,44.1846,0,,,
2282.020508,0.002036,0.1868,44.2214,0,,,
2283.020264,0.002036,0.1868,44.2233,0,,,
2284.020020,0.002038,0.1869,44.2582,0,,,
2285.020020,0.002038,0.1870,44.2612,0,,,
2286.019531,0.002038,0.1870,44.2667,0,,,
2287.020508,0.002041,0.1872,44.3305,0,,,
2288.020264,0.002037,0.1869,44.2391,0,,,
2289.020020,0.002038,0.1870,44.2714,0,,,
2290.019775,0.001633,0.1499,35.4781,0,,,
2291.019531,0.000010,0.0009,0.2109,0,,,
2292.020508,0.000010,0.0009,0.2088,0,,,
2293.020264,0.000009,0.0008,0.2007,1,2291.019531,41.1228,-1
2294.019531,0.000009,0.0009,0.2056,0,,,
2295.020264,0.000010,0.0009,0.2076,0,,,
2296.020264,0.000010,0.0009,0.2064,0,,,
2297.020020,0.000010,0.0009,0.2162,0,,,
2298.019531,0.000010,0.0009,0.2101,0,,,
2299.019531,0.000010,0.0009,0.2065,0,,,
2300.020508,0.000009,0.0009,0.2013,0,,,
2301.020264,0.000010,0.0009,0.2139,0,,,
2302.019775,0.000009,0.0009,0.2032,0,,,
2303.019531,0.000010,0.0009,0.2139,0,,,
2304.020508,0.000009,0.0008,0.1973,0,,,
2305.020508,0.000009,0.0009,0.2053,0,,,
2306.020020,0.000009,0.0009,0.2038,0,,,
2307.019775,0.000010,0.0009,0.2094,0,,,
2308.019531,0.000009,0.0009,0.2062,0,,,
2309.020508,0.000009,0.0009,0.2017,0,,,
2310.020264,0.000009,0.0008,0.1999,0,,,
2311.020020,0.000979,0.0899,21.2733,0,,,
2312.019775,0.002758,0.2531,59.9107,0,,,
2313.019531,0.002282,0.2094,49.5770,0,,,
2314.020264,0.002043,0.1875,44.3797,1,2312.019775,44.0642,1
2315.019775,0.002053,0.1883,44.5864,0,,,
2316.019531,0.002056,0.1886,44.6528,0,,,
2317.020508,0.002058,0.1888,44.7007,0,,,
2318.020264,0.002064,0.1894,44.8403,0,,,
2319.020020,0.002066,0.1895,44.8688,0,,,
2320.019775,0.002066,0.1896,44.8842,0,,,
2321.019531,0.002069,0.1898,44.9299,0,,,
2322.020508,0.002070,0.1899,44.9545,0,,,
2323.020264,0.002075,0.1904,45.0791,0,,,
2324.020020,0.002079,0.1907,45.1552,0,,,
2325.019531,0.002079,0.1908,45.1632,0,,,
2326.019531,0.002081,0.1909,45.2066,0,,,
2327.020264,0.002080,0.1909,45.1852,0,,,
2328.020264,0.002079,0.1908,45.1601,0,,,
2329.020020,0.002081,0.1909,45.1908,0,,,
2330.019531,0.002080,0.1909,45.1884,0,,,
2331.020508,0.002080,0.1908,45.1747,0,,,
2332.020264,0.002076,0.1905,45.0985,0,,,
2333.020264,0.002078,0.1907,45.1447,0,,,
2334.019775,0.002079,0.1907,45.1573,0,,,
2335.019531,0.002078,0.1907,45.1465,0,,,
2336.020508,0.002077,0.1905,45.1069,0,,,
2337.020264,0.002072,0.1901,44.9963,0,,,
2338.020020,0.002065,0.1895,44.8570,0,,,
2339.019775,0.002061,0.1891,44.7698,0,,,
2340.019531,0.002058,0.1889,44.7112,0,,,
2341.020508,0.002050,0.1881,44.5306,0,,,
2342.020020,0.002045,0.1877,44.4290,0,,,
2343.020020,0.002042,0.1874,44.3607,0,,,
2344.019775,0.002040,0.1871,44.3027,0,,,
2345.019287,0.002039,0.1871,44.2981,0,,,
2346.020264,0.002039,0.1871,44.2957,0,,,
2347.020020,0.002036,0.1868,44.2302,0,,,
2348.020020,0.002034,0.1866,44.1788,0,,,
2349.019531,0.002038,0.1870,44.2763,0,,,
2350.020508,0.002044,0.1875,44.3976,0,,,
2351.020264,0.002048,0.1879,44.4741,0,,,
2352.020020,0.002055,0.1885,44.6285,0,,,
2353.020020,0.002062,0.1892,44.7971,0,,,
2354.019531,0.002068,0.1898,44.9253,0,,,
2355.020508,0.002075,0.1904,45.0751,0,,,
2356.020264,0.002079,0.1908,45.1631,0,,,
2357.020020,0.002084,0.1912,45.2683,0,,,
2358.019775,0.002081,0.1909,45.1907,0,,,
2359.019531,0.002077,0.1906,45.1187,0,,,
2360.020508,0.002075,0.1904,45.0781,0,,,
2361.020264,0.002069,0.1898,44.9384,0,,,
2362.019775,0.002067,0.1896,44.8922,0,,,
2363.019775,0.001298,0.1191,28.1932,0,,,
2364.020508,0.000010,0.0009,0.2080,0,,,
2365.020508,0.000010,0.0009,0.2149,0,,,
2366.020020,0.000010,0.0009,0.2159,1,2364.020508,39.1283,-1
2367.019531,0.000009,0.0009,0.2061,0,,,
2368.020508,0.000010,0.0009,0.2159,0,,,
2369.020264,0.000009,0.0008,0.1993,0,,,
2370.019775,0.000010,0.0009,0.2142,0,,,
2371.019775,0.000010,0.0009,0.2118,0,,,
2372.020508,0.000009,0.0009,0.2035,0,,,
2373.020508,0.000010,0.0009,0.2216,0,,,
2374.020020,0.000009,0.0009,0.2016,0,,,
2375.019775,0.000010,0.0009,0.2085,0,,,
2376.019775,0.000010,0.0009,0.2218,0,,,
2377.020508,0.000010,0.0009,0.2126,0,,,
2378.020264,0.000010,0.0009,0.2105,0,,,
2379.020020,0.000009,0.0008,0.1978,0,,,
2380.019775,0.000010,0.0009,0.2104,0,,,
2381.019531,0.000009,0.0008,0.2007,0,,,
2382.020264,0.000010,0.0009,0.2133,0,,,
2383.020264,0.000010,0.0009,0.2125,0,,,
2384.020020,0.000010,0.0009,0.2185,0,,,
2385.019531,0.000010,0.0009,0.2094,0,,,
2386.019531,0.000009,0.0009,0.2031,0,,,
2387.020264,0.000010,0.0009,0.2240,0,,,
2388.020264,0.000010,0.0009,0.2212,0,,,
2389.020020,0.000010,0.0009,0.2103,0,,,
2390.019531,0.000009,0.0009,0.2039,0,,,
2391.020508,0.000009,0.0009,0.2048,0,,,
2392.020264,0.000009,0.0009,0.2061,0,,,
2393.020264,0.000009,0.0009,0.2038,0,,,
2394.019775,0.000010,0.0009,0.2095,0,,,
2395.019531,0.000010,0.0009,0.2096,0,,,
2396.020508,0.000009,0.0008,0.2001,0,,,
2397.020264,0.000009,0.0008,0.2008,0,,,
2398.020020,0.000009,0.0008,0.1984,0,,,
2399.019775,0.000009,0.0009,0.2015,0,,,
2400.019531,0.000009,0.0009,0.2023,0,,,
2401.020508,0.000009,0.0009,0.2013,0,,,
2402.020020,0.000009,0.0008,0.2011,0,,,
2403.020020,0.000010,0.0009,0.2127,0,,,
2404.019775,0.000010,0.0009,0.2110,0,,,
2405.019287,0.000010,0.0009,0.2072,0,,,
2406.020264,0.000009,0.0009,0.2045,0,,,
2407.020020,0.000010,0.0009,0.2072,0,,,
2408.020020,0.000009,0.0008,0.1996,0,,,
2409.019531,0.000009,0.0009,0.2015,0,,,
2410.019287,0.000010,0.0009,0.2068,0,,,
2411.020264,0.000009,0.0009,0.2039,0,,,
2412.020264,0.000009,0.0009,0.2023,0,,,
2413.020020,0.000009,0.0008,0.1969,0,,,
2414.019531,0.000009,0.0008,0.2008,0,,,
2415.020508,0.000009,0.0009,0.2033,0,,,
2416.020508,0.000010,0.0009,0.2109,0,,,
2417.020264,0.000010,0.0009,0.2098,0,,,
2418.019775,0.000009,0.0009,0.2035,0,,,
2419.019775,0.000009,0.0008,0.2004,0,,,
2420.020508,0.000009,0.0009,0.2034,0,,,
2421.020508,0.000009,0.0008,0.1990,0,,,
2422.020020,0.000009,0.0008,0.2010,0,,,
2423.019775,0.000010,0.0009,0.2127,0,,,
2424.019775,0.000009,0.0009,0.2049,0,,,
2425.020508,0.000010,0.0009,0.2144,0,,,
2426.020264,0.000010,0.0009,0.2104,0,,,
2427.020020,0.000010,0.0009,0.2126,0,,,
2428.019775,0.000009,0.0008,0.2003,0,,,
2429.019531,0.000010,0.0009,0.2123,0,,,
2430.020508,0.000010,0.0009,0.2083,0,,,
2431.020264,0.000009,0.0008,0.1905,0,,,
2432.020020,0.000009,0.0008,0.1975,0,,,
2433.020020,0.000010,0.0009,0.2072,0,,,
2434.019531,0.000009,0.0008,0.1994,0,,,
2435.020508,0.000009,0.0009,0.2041,0,,,
2436.020264,0.000009,0.0009,0.2044,0,,,
2437.020020,0.000009,0.0009,0.2034,0,,,
2438.019775,0.000010,0.0009,0.2079,0,,,
2439.019531,0.000010,0.0009,0.2138,0,,,
2440.020508,0.000010,0.0009,0.2079,0,,,
2441.020264,0.000009,0.0008,0.1923,0,,,
2442.019775,0.000009,0.0008,0.1981,0,,,
2443.019775,0.000009,0.0008,0.1994,0,,,
2444.019531,0.000009,0.0008,0.2003,0,,,
2445.020508,0.000009,0.0009,0.2033,0,,,
2446.020020,0.000009,0.0008,0.2006,0,,,
2447.019775,0.000009,0.0008,0.1951,0,,,
2448.019775,0.000010,0.0009,0.2110,0,,,
2449.020752,0.000010,0.0009,0.2068,0,,,
2450.020264,0.000009,0.0009,0.2062,0,,,
2451.020020,0.000010,0.0009,0.2123,0,,,
2452.019775,0.000009,0.0008,0.1955,0,,,
2453.019531,0.000010,0.0009,0.2126,0,,,
2454.020508,0.000010,0.0009,0.2101,0,,,
2455.020264,0.000009,0.0009,0.2036,0,,,
2456.020020,0.000009,0.0008,0.1988,0,,,
2457.020020,0.000009,0.0008,0.2007,0,,,
2458.019531,0.000009,0.0009,0.2025,0,,,
2459.020508,0.000009,0.0008,0.1952,0,,,
2460.020264,0.000010,0.0009,0.2078,0,,,
2461.020020,0.000010,0.0009,0.2078,0,,,
2462.019775,0.000009,0.0008,0.1984,0,,,
2463.019531,0.000009,0.0009,0.2056,0,,,
2464.020508,0.000009,0.0009,0.2058,0,,,
2465.020264,0.000009,0.0008,0.2009,0,,,
2466.019775,0.000010,0.0009,0.2115,0,,,
2467.019775,0.000009,0.0009,0.2033,0,,,
2468.020508,0.000010,0.0009,0.2077,0,,,
2469.020508,0.000009,0.0008,0.1993,0,,,
2470.020020,0.000009,0.0008,0.1955,0,,,
2471.019775,0.000009,0.0008,0.1980,0,,,
2472.019775,0.000009,0.0008,0.1974,0,,,
2473.020508,0.000009,0.0009,0.2037,0,,,
2474.020264,0.000009,0.0008,0.1972,0,,,
2475.020020,0.000009,0.0009,0.2056,0,,,
2476.019775,0.000009,0.0008,0.1996,0,,,
2477.019531,0.000009,0.0008,0.1998,0,,,
2478.020264,0.000009,0.0008,0.1985,0,,,
2479.020264,0.000009,0.0009,0.2017,0,,,
2480.020020,0.000009,0.0008,0.2008,0,,,
2481.019531,0.000010,0.0009,0.2081,0,,,
2482.019531,0.000009,0.0008,0.2012,0,,,
2483.020508,0.000009,0.0008,0.1985,0,,,
2484.020264,0.000009,0.0008,0.1960,0,,,
2485.020020,0.000009,0.0008,0.1983,0,,,
2486.019775,0.000009,0.0008,0.1931,0,,,
2487.019531,0.000009,0.0009,0.2024,0,,,
2488.020508,0.000009,0.0009,0.2062,0,,,
2489.020264,0.000010,0.0009,0.2082,0,,,
2490.019775,0.000009,0.0009,0.2038,0,,,
2491.019775,0.000009,0.0008,0.2010,0,,,
2492.020508,0.000009,0.0008,0.1989,0,,,
2493.020508,0.000009,0.0009,0.2039,0,,,
2494.020020,0.000010,0.0009,0.2075,0,,,
2495.019775,0.000009,0.0009,0.2058,0,,,
2496.019775,0.000009,0.0009,0.2027,0,,,
2497.020752,0.000009,0.0008,0.1934,0,,,
2498.020264,0.000009,0.0009,0.2016,0,,,
2499.020020,0.037928,3.4797,823.8242,0,,,
2500.019775,0.039133,3.5903,849.9919,0,,,
2501.019531,0.039004,3.5784,847.1855,1,2499.020020,840.1347,1
2502.020020,0.039075,3.5849,848.7327,0,,,
2503.019775,0.038802,3.5599,842.8099,0,,,
2504.019531,0.038565,3.5381,837.6538,0,,,
2505.020508,0.038928,3.5715,845.5469,0,,,
2506.020264,0.039056,3.5832,848.3308,0,,,
2507.020020,0.038524,3.5344,836.7695,0,,,
2508.019775,0.038790,3.5588,842.5381,0,,,
2509.019287,0.039093,3.5866,849.1228,0,,,
2510.020264,0.038578,3.5393,837.9320,0,,,
2511.020020,0.038746,3.5547,841.5842,0,,,
2512.019775,0.039007,3.5788,847.2701,0,,,
2513.019531,0.038667,3.5475,839.8748,0,,,
2514.020264,0.038584,3.5399,838.0681,0,,,
2515.020264,0.038930,3.5717,845.5905,0,,,
2516.020020,0.038655,3.5465,839.6251,0,,,
2517.019531,0.038649,3.5459,839.4822,0,,,
2518.019531,0.038891,3.5681,844.7427,0,,,
2519.020264,0.038609,3.5422,838.6066,0,,,
2520.020264,0.038581,3.5397,838.0143,0,,,
2521.020020,0.039024,3.5802,847.6199,0,,,
2522.019531,0.038431,3.5259,834.7560,0,,,
2523.019531,0.038672,3.5480,839.9933,0,,,
2524.020508,0.038929,3.5716,845.5710,0,,,
2525.020264,0.038465,3.5290,835.4882,0,,,
2526.019775,0.038606,3.5420,838.5599,0,,,
2527.019775,0.038912,3.5700,845.2001,0,,,
2528.019531,0.010185,0.9344,221.2255,0,,,
2529.020508,0.000018,0.0016,0.3874,0,,,
2530.020020,0.000011,0.0010,0.2402,1,2528.019531,765.7983,-1
2531.019531,0.000010,0.0009,0.2196,0,,,
2532.020264,0.000010,0.0009,0.2064,0,,,
2533.020264,0.000009,0.0009,0.2045,1,2531.019531,73.7409,-1
2534.020508,0.000010,0.0009,0.2072,0,,,
2535.020264,0.000010,0.0009,0.2070,0,,,
2536.020020,0.000009,0.0009,0.2047,0,,,
2537.020020,0.000010,0.0009,0.2090,0,,,
2538.019531,0.000010,0.0009,0.2083,0,,,
2539.020508,0.000009,0.0009,0.2048,0,,,
2540.020264,0.000009,0.0008,0.2004,0,,,
2541.020020,0.000010,0.0009,0.2064,0,,,
2542.019775,0.000009,0.0009,0.2033,0,,,
2543.019531,0.000009,0.0008,0.1867,0,,,
2544.020508,0.000010,0.0009,0.2102,0,,,
2545.020264,0.000009,0.0008,0.1996,0,,,
2546.020020,0.000009,0.0008,0.1954,0,,,
2547.019775,0.000010,0.0009,0.2073,0,,,
2548.019531,0.000009,0.0008,0.1988,0,,,
2549.020508,0.000009,0.0008,0.1963,0,,,
2550.020020,0.000010,0.0009,0.2120,0,,,
2551.020020,0.000009,0.0008,0.1933,0,,,
2552.019775,0.000009,0.0009,0.2047,0,,,
2553.019287,0.000009,0.0008,0.1991,0,,,
2554.020264,0.000009,0.0009,0.2057,0,,,
2555.020020,0.000009,0.0009,0.2013,0,,,
2556.020020,0.000010,0.0009,0.2064,0,,,
2557.019531,0.000010,0.0009,0.2082,0,,,
2558.020508,0.000009,0.0008,0.2004,0,,,
2559.020264,0.000009,0.0009,0.2038,0,,,
2560.020020,0.000009,0.0008,0.1962,0,,,
2561.020020,0.000009,0.0009,0.2030,0,,,
2562.019531,0.000009,0.0008,0.1961,0,,,
2563.020508,0.000009,0.0009,0.2038,0,,,
2564.020264,0.000009,0.0009,0.2031,0,,,
2565.020020,0.000009,0.0009,0.2049,0,,,
2566.019775,0.000009,0.0008,0.2002,0,,,
2567.019531,0.000009,0.0008,0.1979,0,,,
2568.020508,0.000009,0.0009,0.2028,0,,,
2569.020264,0.000009,0.0008,0.1945,0,,,
2570.019775,0.000009,0.0009,0.2037,0,,,
2571.019775,0.000010,0.0009,0.2108,0,,,
2572.019531,0.000009,0.0008,0.1941,0,,,
2573.020508,0.000009,0.0008,0.1954,0,,,
2574.020020,0.000010,0.0009,0.2086,0,,,
2575.019775,0.000010,0.0009,0.2095,0,,,
2576.019775,0.000009,0.0009,0.2021,0,,,
2577.020752,0.000009,0.0008,0.2002,0,,,
2578.020264,0.000009,0.0008,0.1983,0,,,
2579.020020,0.000009,0.0009,0.2020,0,,,
2580.020020,0.000009,0.0009,0.2025,0,,,
2581.019531,0.000009,0.0008,0.1980,0,,,
2582.020508,0.000009,0.0008,0.1913,0,,,
2583.020264,0.000009,0.0009,0.2032,0,,,
2584.020020,0.000009,0.0009,0.2062,0,,,
2585.020020,0.000010,0.0009,0.2070,0,,,
2586.019531,0.000010,0.0009,0.2119,0,,,
2587.020508,0.000009,0.0009,0.2023,0,,,
2588.020264,0.000009,0.0009,0.2063,0,,,
2589.020020,0.000009,0.0009,0.2019,0,,,
2590.019775,0.000009,0.0008,0.1848,0,,,
2591.019531,0.000009,0.0008,0.1902,0,,,
2592.020508,0.000009,0.0009,0.2014,0,,,
2593.020264,0.000010,0.0009,0.2096,0,,,
2594.019775,0.000010,0.0009,0.2158,0,,,
2595.019775,0.000009,0.0008,0.1923,0,,,
2596.019531,0.000010,0.0009,0.2086,0,,,
2597.020508,0.000010,0.0009,0.2163,0,,,
2598.020020,0.000009,0.0008,0.1967,0,,,
2599.019775,0.025627,2.3511,556.6278,0,,,
2600.019775,0.037198,3.4128,807.9764,0,,,
2601.020752,0.037196,3.4126,807.9282,1,2599.019775,723.9703,1
2602.019775,0.038890,3.5680,844.7200,0,,,
2603.019531,0.038854,3.5647,843.9444,0,,,
2604.020508,0.040237,3.6916,873.9853,1,2602.019775,130.0391,1
2605.020020,0.040104,3.6794,871.0870,0,,,
2606.019531,0.040336,3.7006,876.1282,0,,,
2607.020508,0.039759,3.6477,863.5901,0,,,
2608.020264,0.039907,3.6613,866.8048,0,,,
2609.020020,0.040350,3.7020,876.4380,0,,,
2610.019775,0.039969,3.6670,868.1510,0,,,
2611.019531,0.039732,3.6452,863.0052,0,,,
2612.020264,0.040282,3.6957,874.9502,0,,,
2613.020264,0.040076,3.6768,870.4858,0,,,
2614.019775,0.039817,3.6530,864.8481,0,,,
2615.019531,0.040066,3.6759,870.2621,0,,,
2616.020508,0.040128,3.6816,871.6166,0,,,
2617.020264,0.039675,3.6400,861.7792,0,,,
2618.020020,0.040180,3.6863,872.7414,0,,,
2619.019775,0.037308,3.4228,810.3568,0,,,
2620.019531,0.000037,0.0034,0.8071,0,,,
2621.020508,0.000010,0.0009,0.2128,1,2619.019775,598.2534,-1
2622.019775,0.000009,0.0008,0.1975,0,,,
2623.019531,0.000009,0.0008,0.1998,0,,,
2624.020508,0.000009,0.0009,0.2029,1,2622.019775,270.2589,-1
2625.019531,0.000009,0.0009,0.2024,0,,,
2626.019531,0.000009,0.0009,0.2032,0,,,
2627.020508,0.000010,0.0009,0.2066,0,,,
2628.020264,0.000009,0.0008,0.1954,0,,,
2629.020020,0.000010,0.0009,0.2077,0,,,
2630.019775,0.000009,0.0009,0.2014,0,,,
2631.019531,0.000009,0.0009,0.2035,0,,,
2632.020508,0.000009,0.0009,0.2060,0,,,
2633.020264,0.000010,0.0009,0.2079,0,,,
2634.019775,0.000009,0.0008,0.1958,0,,,
2635.019775,0.000009,0.0008,0.1914,0,,,
2636.020508,0.000010,0.0009,0.2072,0,,,
2637.020508,0.000009,0.0008,0.2003,0,,,
2638.020020,0.000010,0.0009,0.2104,0,,,
2639.019775,0.000009,0.0008,0.1987,0,,,
2640.019775,0.000009,0.0008,0.2012,0,,,
2641.020752,0.000010,0.0009,0.2131,0,,,
2642.020264,0.000010,0.0009,0.2142,0,,,
2643.020020,0.000010,0.0009,0.2073,0,,,
2644.019775,0.000009,0.0009,0.2041,0,,,
2645.019531,0.000009,0.0008,0.2006,0,,,
2646.020508,0.000009,0.0008,0.1973,0,,,
2647.020264,0.000009,0.0008,0.1980,0,,,
2648.020020,0.000009,0.0008,0.1868,0,,,
2649.019531,0.000010,0.0009,0.2078,0,,,
2650.019531,0.000009,0.0008,0.1951,0,,,
2651.020508,0.000009,0.0008,0.1966,0,,,
2652.020264,0.005358,0.4915,116.3714,0,,,
2653.020020,0.002648,0.2430,57.5204,0,,,
2654.019775,0.003045,0.2794,66.1505,1,2652.020264,79.8143,1
2655.020264,0.004786,0.4391,103.9646,0,,,
2656.020020,0.004786,0.4391,103.9621,0,,,
2657.019531,0.005626,0.5162,122.2114,0,,,
2658.019531,0.006081,0.5579,132.0910,0,,,
2659.020264,0.006219,0.5706,135.0874,1,2657.019531,38.4376,1
2660.019775,0.006184,0.5674,134.3208,0,,,
2661.019287,0.006044,0.5545,131.2717,0,,,
2662.020264,0.006099,0.5595,132.4703,0,,,
2663.020264,0.006195,0.5683,134.5530,0,,,
2664.020020,0.006031,0.5533,131.0030,0,,,
2665.019531,0.006087,0.5585,132.2168,0,,,
2666.020508,0.006111,0.5607,132.7343,0,,,
2667.020264,0.006168,0.5659,133.9770,0,,,
2668.020264,0.006077,0.5575,131.9991,0,,,
2669.020020,0.006081,0.5579,132.0878,0,,,
2670.019531,0.006170,0.5661,134.0162,0,,,
2671.020508,0.006067,0.5566,131.7809,0,,,
2672.020264,0.006092,0.5590,132.3328,0,,,
2673.020264,0.005797,0.5319,125.9252,0,,,
2674.019775,0.000010,0.0010,0.2249,0,,,
2675.019531,0.000009,0.0008,0.1996,0,,,
2676.020508,0.000009,0.0008,0.1981,1,2674.019775,129.8054,-1
2677.020020,0.000009,0.0008,0.1940,0,,,
2678.019531,0.000009,0.0009,0.2057,0,,,
2679.020508,0.000010,0.0009,0.2072,0,,,
2680.020264,0.000009,0.0009,0.2025,0,,,
2681.020020,0.000010,0.0009,0.2067,0,,,
2682.019775,0.000010,0.0009,0.2089,0,,,
2683.019531,0.000010,0.0009,0.2066,0,,,
2684.020508,0.000009,0.0008,0.1949,0,,,
2685.020264,0.000009,0.0008,0.1951,0,,,
2686.019775,0.000009,0.0009,0.2016,0,,,
2687.019775,0.000009,0.0009,0.2051,0,,,
2688.019531,0.000009,0.0009,0.2062,0,,,
2689.020508,0.000009,0.0008,0.1982,0,,,
2690.020020,0.000009,0.0009,0.2025,0,,,
2691.019775,0.000009,0.0008,0.1982,0,,,
2692.019775,0.000010,0.0009,0.2094,0,,,
2693.020752,0.000009,0.0008,0.1989,0,,,
2694.020264,0.000009,0.0009,0.2043,0,,,
2695.020020,0.000009,0.0008,0.1995,0,,,
2696.019775,0.000010,0.0009,0.2095,0,,,
2697.019531,0.000009,0.0009,0.2035,0,,,
2698.020264,0.000009,0.0009,0.2015,0,,,
2699.020264,0.000009,0.0008,0.1906,0,,,
2700.020020,0.000009,0.0008,0.2008,0,,,
2701.019531,0.000009,0.0009,0.2025,0,,,
2702.019531,0.000010,0.0009,0.2070,0,,,
